employee_id,tasks_completed,avg_task_duration,late_ratio,avg_work_hours,performance_score,productivity_score,department,skill_level
1001,43,5.406363907586328,0.06976744186046512,6.753715568044722,64.06860134414782,25.707969197842957,Finance,Junior
1002,33,5.475886799971628,0.36363636363636365,7.2088602722185176,89.34396809703422,15.80792911037268,HR,Junior
1003,19,4.937746772301469,0.631578947368421,7.230644990489665,87.18094687688408,0.01332740972124924,HR,Junior
1004,47,5.8684714914609115,0.2127659574468085,6.109503253333205,71.45400807948825,24.37087990957157,HR,Junior
1005,12,3.3789603547857103,0.3333333333333333,6.903570043317963,83.03690928746784,7.0494611479221465,Operations,Junior
1006,25,5.3159736066604895,0.0,6.883040886670809,64.34560652917338,17.237174092513698,Marketing,Junior
1007,43,4.233039531481383,0.18604651162790697,6.553708884911428,77.74666806666873,27.301859201533773,HR,Junior
1008,23,5.970003557775135,0.6956521739130435,8.282701533604282,60.655560222114694,-6.8784602885186334,Operations,Junior
1009,27,2.8473412602388968,0.0,6.804656014750384,73.70606583225444,25.246530645973095,IT,Junior
1010,15,5.425264501036858,0.13333333333333333,7.414578098023951,62.61949875149918,6.673370748226121,Marketing,Junior
1011,15,3.1116221322999422,0.9333333333333333,8.582080481523304,76.63015130549088,-9.897214003501707,Operations,Junior
1012,28,3.671858378690218,0.32142857142857145,8.46493449143569,74.7588576398513,14.76519762773268,IT,Junior
1013,40,3.3122588019414994,0.175,8.56168881511666,75.55347593233196,27.236177582583394,Marketing,Junior
1014,44,3.0970266792129024,0.25,6.080019985860056,61.586595571679794,25.023265755910153,Operations,Junior
1015,28,6.954265709364002,0.5,5.139929953232251,72.65657194486414,2.4227829702448265,IT,Junior
1016,7,3.7142454059653423,1.1428571428571428,6.044267199581316,86.47693471849708,-20.218818153945552,Operations,Junior
1017,26,7.5627426911866955,0.34615384615384615,6.114829382482835,72.9120030673767,4.672299846486565,IT,Junior
1018,6,7.819559152071145,3.1666666666666665,8.637441306899872,85.03101834133533,-90.03291463587523,HR,Junior
1019,28,5.427562819622584,0.2857142857142857,7.5969709313518825,72.93175532718067,11.959796854762395,HR,Junior
1020,48,2.8580067359943584,0.2916666666666667,5.3268158384089155,74.81338045215652,29.296662618442586,Marketing,Junior
1021,34,4.2472894602774875,0.0,5.5415143840444046,79.73622394902432,27.85266586924989,IT,Junior
1022,42,6.786393580089284,0.023809523809523808,5.622704502167902,93.27386778824788,29.567700683185294,HR,Junior
1023,6,4.2043443721824225,3.0,7.521686992675693,63.81011563263293,-82.04666561783826,Marketing,Junior
1024,25,2.5221033098167327,0.52,7.941656102028013,61.15198190314108,6.586189760994749,Finance,Junior
1025,37,5.340709465569128,0.1891891891891892,8.438575642261585,81.27850143335158,22.098605679856384,HR,Junior
1026,16,7.070725108976209,0.3125,8.762546203224971,93.21839811249492,4.727229404546568,HR,Junior
1027,26,6.775558322861015,0.4230769230769231,5.806818229545767,94.64030963941502,8.284637589853283,Operations,Junior
1028,48,3.0507388407821194,0.2916666666666667,6.239089938896196,76.94574865872006,29.33767205017977,Finance,Junior
1029,29,6.0365876864748005,0.4482758620689655,5.961291522979323,76.38285673797844,7.155120112577121,IT,Junior
1030,31,3.3230255806138826,0.0,6.435046269864551,82.57373197608186,28.468695233988605,Marketing,Junior
1031,46,3.309245207313033,0.21739130434782608,8.658660429694997,79.44721650217394,30.34921375537394,Finance,Junior
1032,32,7.244430639831111,0.0625,7.300450267757446,82.19308201649413,19.274755123636602,IT,Junior
1033,20,3.498013716441381,0.9,7.952767589297997,90.5899798938263,-3.878031454117501,HR,Junior
1034,19,3.579484079108067,0.8947368421052632,6.960476944507128,86.12071593206633,-5.37693023496076,Marketing,Junior
1035,48,2.0039203445677973,0.3958333333333333,5.115431653344498,77.39070870903785,28.395301052671975,Marketing,Junior
1036,7,7.2240142047531055,0.14285714285714285,5.256781943991257,76.16525606500593,0.6993085177806915,Finance,Junior
1037,41,6.755568879254808,0.14634146341463414,7.151692125071543,82.38606119795907,23.175830578643172,Operations,Junior
1038,11,5.763973610544068,0.6363636363636364,7.875156139280103,75.94971995471042,-8.828912321055142,IT,Junior
1039,25,6.501594583633054,0.72,5.861322110114926,76.0222772942974,-4.398733708406626,Finance,Junior
1040,13,2.912291404546951,1.0769230769230769,7.887638295969216,60.57070656252767,-18.218133804280672,Operations,Junior
1041,43,4.749941567525452,0.20930232558139536,8.24266309393405,66.09224480925579,23.239496059358395,Operations,Junior
1042,22,4.107316324092685,0.0,6.647589913448445,77.09797739985136,20.4049628317849,Operations,Junior
1043,8,2.562659157542099,0.625,7.985676931376419,88.79287106676293,-1.3167441017316115,Marketing,Junior
1044,29,4.916782911289545,0.41379310344827586,6.61611980131384,69.75544523544934,9.103730121062503,IT,Junior
1045,18,7.524437902055812,0.7222222222222222,7.7134025178200805,78.29252015959021,-10.25703843886025,IT,Junior
1046,13,2.240354714304167,0.15384615384615385,8.055988197278172,72.07367296657313,13.118640549321677,Finance,Junior
1047,30,3.7487654809627635,0.3333333333333333,8.967706473232443,63.668139633885616,13.236096964851598,HR,Junior
1048,6,3.245245617234221,0.3333333333333333,6.381586648254384,93.54044690749552,5.817598147030662,Finance,Junior
1049,24,3.428879921994178,0.75,6.644163122298446,89.91358545876056,3.0249572477637567,IT,Junior
1050,32,7.450607311276252,0.28125,5.662480237640685,62.74723485634173,8.410732348715841,Marketing,Junior
1051,11,4.8084143254057405,1.2727272727272727,5.816292233607228,85.19255418638997,-24.16013599535167,Finance,Junior
1052,48,4.797796477638913,0.20833333333333334,7.773580010393511,72.16529665251251,27.387466375224673,HR,Junior
1053,12,6.563453854731694,1.1666666666666667,8.668182360617905,94.81974324716273,-21.962959060030844,Finance,Junior
1054,39,2.926953224029555,0.3076923076923077,6.578419806644963,70.58394819401423,22.4321139599745,Operations,Junior
1055,18,4.9235921246003045,0.2222222222222222,5.7193777873421645,68.355845587691,7.9573182016709225,HR,Junior
1056,21,4.579911284726358,0.14285714285714285,6.140397997531976,79.87616919068918,15.129696982970835,Operations,Junior
1057,40,5.581464143279937,0.3,6.8202068192325545,89.22941571701215,21.682954856842557,Marketing,Junior
1058,44,7.9973462195026315,0.18181818181818182,6.1626013174614735,66.73816051369293,18.29839420918787,IT,Junior
1059,8,6.616693364492282,2.0,5.934316332487465,84.8290969401766,-51.46756734094925,Finance,Junior
1060,6,4.387194218104563,0.16666666666666666,7.943937955028318,62.14923040993926,2.2554576457787263,Finance,Junior
1061,10,6.965318313644282,0.4,5.031379684962493,92.1627160088674,-1.4980934255150835,Operations,Junior
1062,46,3.024250179874881,0.32608695652173914,7.156922109345933,62.83762206515546,24.33641535762915,Operations,Junior
1063,8,2.182782117853761,0.75,8.175067228119016,91.99809817204569,-3.6659446012983814,IT,Junior
1064,33,3.2266902347856385,0.0,6.064913145269873,77.1782537308446,28.782270276597643,Finance,Junior
1065,22,4.042469336685558,0.5,7.413166042448069,75.68318894785719,5.251699116200321,IT,Junior
1066,30,5.063484544757359,0.3333333333333333,7.675600422474471,94.06574778251317,16.686180466987913,Operations,Junior
1067,48,5.690774843247199,0.22916666666666666,7.62009878562036,94.66344621943767,29.476139557393132,Operations,Junior
1068,38,7.463634303286531,0.47368421052631576,6.783398536794871,82.75623440863542,10.213451959364551,HR,Junior
1069,14,5.059124057302746,0.7857142857142857,6.386311951503117,64.4491752149967,-12.399841643034723,Operations,Junior
1070,40,5.007653867754376,0.275,8.343696292111254,77.71595299793209,21.277882864077668,Operations,Junior
1071,18,2.301458058937893,0.7222222222222222,8.033783827999457,78.52070853344819,0.23455892214718332,IT,Junior
1072,35,2.209469315937343,0.02857142857142857,6.28502069365565,78.00562498473585,31.325043507929628,HR,Junior
1073,19,5.306959771498232,0.05263157894736842,5.412076777768824,79.93221434820035,15.193575958222553,HR,Junior
1074,12,4.6290716794900675,0.25,5.287230181781877,60.655364982803675,2.5729296375806,Finance,Junior
1075,18,7.035082369881792,1.0555555555555556,5.377103911595745,84.89295485146758,-17.958240436136734,Marketing,Junior
1076,27,2.964077508271071,0.5555555555555556,7.331477444768171,84.93380056835458,10.591938430462108,Finance,Junior
1077,44,2.149829972702298,0.20454545454545456,5.206648703315959,64.04144213122608,28.772264844476982,Finance,Junior
1078,25,4.694232607580755,0.48,6.347707499856154,79.95838048560303,7.203210881959098,Finance,Junior
1079,20,3.424871340513545,0.05,8.012798807656917,79.89264138525212,19.628785596023334,HR,Junior
1080,49,2.2976862400330247,0.04081632653061224,6.177392666061513,83.885764706664,40.35729066534839,IT,Mid
1081,22,6.3475897210857735,0.8181818181818182,8.053232308720519,62.98891922472784,-11.442850142680527,Operations,Junior
1082,28,2.6695579997434846,0.17857142857142858,7.981868152828222,81.92761575431336,22.489264294232846,HR,Junior
1083,30,5.64991700004663,0.6,5.983308530532865,69.82631827612194,2.6654296551311294,Operations,Junior
1084,29,3.686298501001335,0.6551724137931034,7.915288720370982,77.74510466736602,5.92125151767743,Operations,Junior
1085,49,3.040976302130132,0.3673469387755102,7.991106553088403,87.06632434464268,29.71090410140296,Marketing,Junior
1086,45,4.278509137515905,0.15555555555555556,6.5898157026681075,84.69760777270547,30.715836612842615,Finance,Junior
1087,33,6.808674657337722,0.3939393939393939,5.841681934966073,64.16160561872977,7.196789990888693,Marketing,Junior
1088,19,4.352561461427436,0.47368421052631576,7.085083227567477,80.69146754906257,4.622644271168168,Finance,Junior
1089,49,6.5046178952663345,0.04081632653061224,8.685590352000785,93.91907858292585,33.950090130134136,HR,Junior
1090,5,2.7529177807949043,1.0,7.558466929728247,65.48693030672509,-19.408449500244785,Operations,Junior
1091,29,6.6366285179904745,0.4827586206896552,5.691689990509045,89.85174807038952,7.614333957407297,Marketing,Junior
1092,11,3.4215999494398917,1.5454545454545454,7.73102769893408,84.58918281938219,-29.6889996986397,HR,Junior
1093,13,6.0643587793332365,1.0,6.708812109127338,87.0901159518416,-16.91069436829815,HR,Junior
1094,28,5.394689329045978,0.6428571428571429,7.3661151894214925,69.86854144999259,0.6986153461922768,Finance,Junior
1095,5,7.574868303270124,1.8,7.936256140092432,70.07611252829449,-52.13451410088135,Operations,Junior
1096,48,4.323935107851884,0.2916666666666667,7.05978940605778,91.71068095217709,29.744265974731647,Finance,Junior
1097,12,2.396991133006643,0.25,8.255935898293234,72.59412112323955,9.424841958634623,Finance,Junior
1098,28,2.114932913307517,0.03571428571428571,7.8886223172665115,62.205538674248366,23.93981333680607,HR,Junior
1099,15,6.9611513658365185,0.13333333333333333,7.460293360074043,81.02088462528076,7.281874193383116,Finance,Junior
1100,21,5.148413825968593,0.2857142857142857,5.603171263329406,64.3686184164645,6.605467459927144,IT,Junior
1101,12,6.651464311009695,1.25,8.343796443646273,87.88086844927679,-26.02675493216403,Operations,Junior
1102,39,3.4065536000690884,0.23076923076923078,8.743622341279265,82.461125487537,26.1560409742923,Finance,Junior
1103,39,4.070502473079403,0.46153846153846156,5.547860495237179,90.61542768274228,19.535926744235802,Finance,Junior
1104,37,2.1806232332679136,0.43243243243243246,6.952964517733722,87.46930374239224,22.35964130896965,Marketing,Junior
1105,9,7.768953947444673,2.0,6.0355549678820175,63.92397769183687,-57.353112356521976,Operations,Junior
1106,46,6.007207440204881,0.08695652173913043,8.01809322970226,73.33747367520478,27.644384202457278,Operations,Junior
1107,43,7.5992305265558375,0.4418604651162791,7.8865185440188,87.10960874701055,14.767646742802066,Finance,Junior
1108,45,3.5929784445744337,0.26666666666666666,5.563540482281595,74.6069515643214,26.735433423715413,IT,Junior
1109,32,5.668781667353965,0.375,8.508109085046549,94.03279196729923,15.418995058751918,Marketing,Junior
1110,11,6.070999809755827,0.9090909090909091,5.723892255912009,85.75091574627072,-15.66454374298478,IT,Junior
1111,13,3.9052982015455306,0.7692307692307693,8.18903610259243,60.54249708416123,-10.97902006318189,Finance,Junior
1112,12,7.08865541009378,1.25,6.8279214385120195,90.79949920462927,-26.317410979261705,Operations,Junior
1113,16,7.682968777401487,0.875,6.313089174232605,63.52816747039952,-19.31030406072307,Operations,Junior
1114,38,7.309130706176026,0.42105263157894735,5.632957050696854,64.91833034630301,8.53382570954013,IT,Junior
1115,37,6.434401855636235,0.4594594594594595,5.670457024586518,85.70723402138678,12.688859309221103,HR,Junior
1116,27,3.664788078349724,0.6666666666666666,7.647562218803602,90.27389958006681,6.925203759313913,Finance,Junior
1117,28,3.6896962526337904,0.10714285714285714,7.2017215517884825,78.77223697648446,21.9607691757436,Operations,Junior
1118,41,7.7801619226762275,0.0975609756097561,5.488341686604931,70.11674065310227,20.136195016975314,HR,Junior
1119,39,2.061706975614152,0.15384615384615385,5.450791441753301,72.29604408386115,29.12041025015931,Operations,Junior
1120,48,6.296299839452867,0.020833333333333332,5.289242299091166,72.00112653586196,29.982625628266653,Operations,Junior
1121,44,6.237476975331573,0.0,7.975069389494177,71.43373363333293,28.211792776003442,HR,Junior
1122,26,5.736137245698785,0.4230769230769231,7.847528340917156,68.50183851375775,5.135785519046287,IT,Junior
1123,31,7.940653076521195,0.2903225806451613,5.233723963418301,81.31034831202315,10.2710860900074,Finance,Junior
1124,39,3.871276614582351,0.1794871794871795,7.241080302387892,91.51418614977734,28.575668616175378,HR,Junior
1125,5,4.039831182759489,0.0,5.338704620970759,70.74788445791694,9.06991452606441,HR,Junior
1126,39,2.4736364176793333,0.28205128205128205,8.614983082435767,66.53430041114942,23.298048785332753,Operations,Junior
1127,41,4.656788819262425,0.024390243902439025,8.62846967672053,89.35021832299986,32.42475870900195,HR,Junior
1128,18,3.5662911574090885,0.5,7.79293195925252,85.96241658113962,5.859901001409746,Finance,Junior
1129,7,4.060320213065865,2.2857142857142856,8.7047556857578,92.57929610459686,-53.97620977664092,IT,Junior
1130,5,7.007430741533766,0.4,8.245812121654762,65.79319074617183,-9.856223333833167,IT,Junior
1131,9,7.612907081164974,0.6666666666666666,8.314154303708197,65.0487959940807,-16.816054963513807,IT,Junior
1132,30,3.1143984320311136,0.36666666666666664,7.278831402279733,78.95002880067489,16.56120889607275,Finance,Junior
1133,18,4.2350535893207955,0.3888888888888889,6.224236792864703,81.50517791922833,6.9642617385374095,Operations,Junior
1134,43,7.571783372692364,0.4418604651162791,5.871196460465686,76.80607046508564,12.761833394144029,Finance,Junior
1135,31,2.370850764135336,0.3548387096774194,6.308800088155717,80.96383227133563,19.40590363567387,HR,Junior
1136,13,2.5541631686682713,0.15384615384615385,7.513981720356249,66.3132919106275,11.338947429404342,Marketing,Junior
1137,19,2.976745935237376,0.8421052631578947,5.690626143329595,76.78648139574292,-4.459353486063009,Marketing,Junior
1138,19,5.5712770047612485,0.42105263157894735,6.034560946549286,83.03323963288838,4.232514969686758,Marketing,Junior
1139,30,2.902833626035985,0.3,6.872243451181857,75.14472572370462,18.223277892668953,IT,Junior
1140,46,7.808458288704401,0.10869565217391304,5.932200394098462,83.78065675358093,25.47834520808999,Finance,Junior
1141,17,4.680287163551122,0.0,7.354574678864246,75.79169481938439,15.997764636774635,Finance,Junior
1142,36,5.0091077621009985,0.3055555555555556,8.69270411382532,71.6759853294797,16.75031487502727,IT,Junior
1143,43,3.479951694832439,0.09302325581395349,7.992357462812506,70.62617664804823,30.174634265526166,HR,Junior
1144,36,4.825761514608401,0.3333333333333333,7.665706456595652,74.38157206460058,16.824791383703314,Marketing,Junior
1145,8,5.971481795822069,1.75,7.3308859039351155,60.808136793877026,-47.481336232868735,Marketing,Junior
1146,34,6.507062821724256,0.29411764705882354,6.9517916370282595,83.39837984561399,15.242020913909577,IT,Junior
1147,41,6.523208496259478,0.17073170731707318,5.746255438538639,89.57869743430916,24.34737127483068,Marketing,Junior
1148,27,5.46734667616453,0.14814814814814814,8.578841821707462,72.41194830550916,15.303251864328328,Operations,Junior
1149,43,7.426158649963144,0.023255813953488372,5.994144008051345,61.61115976496015,22.57224023446109,Finance,Junior
1150,49,6.904447083836656,0.22448979591836735,5.365235510312643,94.53714590849452,27.76384113647457,Marketing,Junior
1151,19,6.542288688191753,0.05263157894736842,8.000060716914781,69.22943894078735,10.582363043352911,Marketing,Junior
1152,47,2.333633130082764,0.3191489361702128,5.702462137324666,64.43173925917705,26.844613506563498,Operations,Junior
1153,33,2.041267773317896,0.06060606060606061,6.487583998164704,72.94133777905597,28.487550190993588,HR,Junior
1154,40,3.274683663172838,0.225,5.113139713163919,85.84949642217448,27.870531958089224,HR,Junior
1155,17,5.981141563480714,1.0588235294117647,5.548271770161792,70.28708089116981,-19.469572831080406,Operations,Junior
1156,36,4.467184933295275,0.19444444444444445,5.692814523039648,80.11461213718208,22.85521922751253,HR,Junior
1157,11,4.41443755579587,0.5454545454545454,5.217640511000711,74.54459980529998,-3.683591514168107,IT,Junior
1158,26,7.307521329377682,0.0,7.626627826491381,64.12173972968165,13.809305287180967,Operations,Junior
1159,32,7.373377088791033,0.34375,8.34803118321247,71.56004543722386,8.452754909862707,Finance,Junior
1160,6,7.455051584321515,0.6666666666666666,6.493261625463764,85.37046769999233,-14.23600962864456,Finance,Junior
1161,46,3.883268459090164,0.32608695652173914,8.498305906872803,81.42013640660059,26.33488166748761,Finance,Junior
1162,49,6.146334876435571,0.061224489795918366,5.8533862982405065,64.19224329592464,28.10904421243623,Marketing,Junior
1163,10,3.6297990876462176,1.6,6.301561694244958,65.7162843400008,-36.11634130729228,Operations,Junior
1164,32,3.143658998446699,0.03125,5.6029479721246735,82.4256675757606,28.460315518258724,Operations,Junior
1165,32,3.1077947440842153,0.34375,7.4822367816759945,88.4695395012304,20.36581841207765,HR,Junior
1166,48,4.052645725181565,0.0,6.679478363481227,72.23160735853592,35.14103002134405,Operations,Junior
1167,48,4.5797457186789305,0.22916666666666666,7.453133387367595,80.83587631452076,28.932683825546288,Operations,Junior
1168,24,6.9856950263304105,0.4583333333333333,8.046699621576735,65.97252560632369,-0.12688493139608426,HR,Junior
1169,34,2.7193465608362724,0.3235294117647059,7.182812064131793,70.89817179168634,19.435058883723542,Operations,Junior
1170,15,6.409555084369365,1.2,7.5105214196071515,60.70945719855684,-27.677218729027363,Operations,Junior
1171,32,5.188729485135832,0.5,8.74100125757733,86.88965817298329,11.200472664324995,IT,Junior
1172,29,3.7276720560559546,0.6551724137931034,6.196257238435372,74.03534369205384,5.096552212505756,HR,Junior
1173,43,4.956917507196947,0.23255813953488372,6.4366557545358125,88.56439507788838,26.622299815137268,IT,Junior
1174,37,3.799652418662136,0.32432432432432434,7.870813446837348,84.79305486079542,21.829576405105083,Marketing,Junior
1175,5,5.576491731429836,1.4,7.445222068221547,89.0060493004967,-32.35177360276033,HR,Junior
1176,31,4.603063537131465,0.2903225806451613,5.714131618158859,69.99805343540089,14.683806193462406,Operations,Junior
1177,17,2.986433174473272,0.4117647058823529,6.504589240041961,66.47880556497458,5.169953587577785,Operations,Junior
1178,45,2.6994984473341805,0.4222222222222222,6.87135205249886,94.01669889280848,27.73767621722667,IT,Junior
1179,7,5.280174092432781,1.0,6.677559351873557,85.10647254643044,-19.339053675579475,IT,Junior
1180,43,7.414478199716621,0.18604651162790697,5.713099233288164,89.19147937743347,23.227944127216244,Marketing,Junior
1181,10,4.0637461193461135,0.6,8.697720367137048,60.45966807984768,-8.03555862272269,Marketing,Junior
1182,12,6.398000643335739,1.0833333333333333,8.049275046775904,72.40615671035603,-23.614769944600276,Operations,Junior
1183,31,5.951968129638602,0.03225806451612903,6.925423328431409,85.99858417020661,22.928038639280246,Finance,Junior
1184,13,7.5893294858568865,0.7692307692307693,7.720244113227347,62.729399154649414,-17.909702217706965,Marketing,Junior
1185,41,6.925886103794845,0.17073170731707318,8.589130688542088,79.85689753491275,21.597656079880664,Operations,Junior
1186,37,5.399631553432778,0.32432432432432434,5.544696569446285,75.01754686092511,16.674516535589735,Marketing,Junior
1187,46,5.942182989404644,0.30434782608695654,6.001492202827911,60.616577749938756,18.708514788569765,HR,Junior
1188,48,7.390318799504209,0.041666666666666664,7.17080498902658,68.2591451991808,26.421191440827737,IT,Junior
1189,28,4.397112707521609,0.4642857142857143,8.196041485409435,69.96771961733499,8.070747079852353,Operations,Junior
1190,19,3.960768235146664,0.7368421052631579,5.1450195817661095,63.915098122121286,-5.843780003763806,Marketing,Junior
1191,36,2.064866501811178,0.027777777777777776,8.936072600785442,82.10379184099311,33.05769203124294,IT,Junior
1192,36,6.959306445148785,0.5,6.819626411529589,68.48392566881611,6.3781722434656505,Finance,Junior
1193,28,6.80588420242019,0.39285714285714285,6.436924562486892,69.7166824866786,5.345853806781056,Marketing,Junior
1194,45,2.6267271086009085,0.4222222222222222,6.170897751359087,91.43835093700515,27.36754930353255,Operations,Junior
1195,16,5.461144286796202,0.1875,5.6974268306034865,76.34930824425987,8.322573075259571,HR,Junior
1196,43,4.783890189001324,0.046511627906976744,8.166295635720111,73.72448514392454,29.58176781357296,IT,Junior
1197,6,2.7122545730546688,0.6666666666666666,8.821656658984386,85.3354863410151,-4.757411877906314,IT,Junior
1198,7,7.8834093623643415,0.2857142857142857,6.654579019381593,91.83648289090192,-1.77095071797687,HR,Junior
1199,41,3.2881753247801324,0.34146341463414637,8.809682779013825,60.87627176831053,19.95500126507745,Operations,Junior
1200,21,2.403405080543367,0.8571428571428571,8.295190461740138,75.68835962943888,-2.7834239494846678,Finance,Junior
1201,6,5.5690842770114575,0.16666666666666666,6.924204509905273,81.37734746272815,3.7373009385227167,HR,Junior
1202,6,6.433200062798196,1.8333333333333333,7.69610471650453,71.14970843440963,-50.03645843871446,Finance,Junior
1203,32,2.194660676283122,0.125,6.739936716681852,87.03427027431346,28.467532702296445,Operations,Junior
1204,27,5.952305832362133,0.5925925925925926,7.234893632850209,94.00169745945959,5.317950049389873,Marketing,Junior
1205,41,5.193751255708727,0.3170731707317073,5.232185348074015,93.0199578187599,23.30429393038331,Marketing,Junior
1206,36,2.6195900532502905,0.25,7.785053901202133,69.30938887829797,22.72269766915901,Operations,Junior
1207,37,3.035143261678172,0.05405405405405406,5.211298577936547,67.92183974531201,28.092459804084438,Finance,Junior
1208,5,5.407845783896483,0.6,8.268339787678599,93.51216858574273,-7.11325785064442,HR,Junior
1209,23,3.7781456810797303,0.21739130434782608,8.29978771784223,76.05199706010131,14.93236891942602,Operations,Junior
1210,6,7.629894371907897,2.5,5.948309150224858,67.29042030796421,-73.20170468222295,Operations,Junior
1211,48,6.9124413769043045,0.125,6.294651124143201,84.74489372706464,28.174095991604315,Marketing,Junior
1212,30,7.901403239081978,0.4666666666666667,6.925241514233173,69.9547113366327,2.1881357891625832,HR,Junior
1213,36,3.558025033702484,0.5277777777777778,7.3866516277299255,69.35364412748683,12.521345424759062,Marketing,Junior
1214,10,7.818341796787863,1.0,6.149414646967987,90.77371650772247,-21.48194029203123,Finance,Junior
1215,36,4.587403218749348,0.0,7.3699456185277,65.68677036819162,25.562547636139627,Finance,Junior
1216,8,4.085112771882528,0.5,6.1911482929171955,62.25375312631827,-5.9194749185014,IT,Junior
1217,15,2.3020971618161195,0.8,5.221962884284243,69.42152540600905,-5.719889242430428,Operations,Junior
1218,21,2.316591547157616,0.6190476190476191,5.010110199327636,81.24308944933713,5.644006224123624,HR,Junior
1219,42,6.152067535679928,0.19047619047619047,5.404604231673714,64.30807486911446,20.043194188177324,HR,Junior
1220,28,4.747573966604167,0.5714285714285714,8.169002800656074,76.50581352968779,5.4631576298720805,Marketing,Junior
1221,9,3.3591297562166345,1.5555555555555556,8.845725249533348,81.9567988648862,-31.593566406122697,Marketing,Junior
1222,38,5.683821837951395,0.15789473684210525,6.707864797124877,89.70579474076109,24.63667316698627,HR,Junior
1223,10,3.517148709500667,1.1,7.050735813799771,68.0454356920789,-20.425210280585553,Marketing,Junior
1224,26,5.465790526066535,0.19230769230769232,5.587392676293705,88.60712131839763,16.62061244231569,IT,Junior
1225,15,4.155252481896142,1.0,7.2041254107206285,68.22171913959335,-15.666161135873613,Operations,Junior
1226,20,6.9413133596709145,0.2,5.578619608027907,83.68682894338741,8.854739069335654,IT,Junior
1227,37,6.924176964600676,0.21621621621621623,7.44485732479532,75.07357500188593,16.879874584689347,Finance,Junior
1228,13,4.864102388734408,1.0,8.733034670323416,64.01384348325345,-19.125436080818123,HR,Junior
1229,10,4.104914656010093,0.7,5.782794157212159,84.9992211987647,-6.209985072267244,IT,Junior
1230,20,4.175358779354568,0.65,8.058254872228408,67.62169164921562,-2.32637922886601,IT,Junior
1231,33,6.834287154009307,0.3333333333333333,5.094009691273296,66.1818199108607,9.367789674153526,Marketing,Junior
1232,7,3.9690768967856718,1.2857142857142858,6.501988965286484,72.5413025006284,-27.80132186487424,Marketing,Junior
1233,24,3.254356242241076,0.7916666666666666,5.442994031322036,82.86515856658193,0.7143192288342313,Marketing,Junior
1234,40,2.508130051251841,0.475,6.409901766382798,68.18987675767197,18.37171524903071,Finance,Junior
1235,23,4.80015872530645,0.5217391304347826,5.6941476785555345,66.428153857366,1.8331394078168213,IT,Junior
1236,30,4.892792593519051,0.6,6.493219960491549,60.348376899967754,2.28409019295545,Operations,Junior
1237,7,7.045452262417443,2.0,6.670091224430122,76.50750839856033,-54.58940284512281,Marketing,Junior
1238,23,3.327432178676384,0.30434782608695654,6.2023644911236735,75.00259492603139,13.015219845244815,Finance,Junior
1239,24,4.2859476420104,0.375,7.6264877978925165,68.18537102730816,8.215178921440833,Finance,Junior
1240,36,6.850434433362146,0.05555555555555555,8.67540820503564,61.877825740339176,18.608029614676873,Marketing,Junior
1241,11,6.941741664493841,0.18181818181818182,6.602381496421089,75.02395561085429,2.2667623386377205,HR,Junior
1242,45,4.307666455872609,0.08888888888888889,5.769372625900086,87.5871788875071,33.235436199089534,IT,Junior
1243,37,4.754744139720085,0.40540540540540543,6.082891032783934,85.0348745964512,17.535324477687908,Marketing,Junior
1244,44,3.8197153450956973,0.36363636363636365,8.416003293985476,90.12782114510595,25.877042629738888,Operations,Junior
1245,43,7.595329270515872,0.11627906976744186,7.286558893080592,60.335394069960444,19.18804817993709,IT,Junior
1246,22,2.7118625944494816,0.8636363636363636,6.8200441292278295,93.82467608816094,0.632119119642315,Finance,Junior
1247,44,7.60249653800882,0.4318181818181818,5.598546886035707,71.9494288419607,12.630347237829044,Operations,Junior
1248,5,6.103198711012059,3.0,6.798909233295127,94.66392286321877,-80.27361284938036,IT,Junior
1249,15,5.189432916120387,0.06666666666666667,6.113968013429547,68.84168112106211,10.38947039197165,Operations,Junior
1250,32,2.1959543647069752,0.59375,8.772652511413398,76.50377356523856,12.296345983633762,Finance,Junior
1251,29,4.8535771509320496,0.4827586206896552,8.536280437662924,72.38746868013563,7.687580813473369,Marketing,Junior
1252,27,4.446488630016393,0.6296296296296297,5.335610167312792,72.45162502480059,2.9084588560384432,Operations,Junior
1253,35,2.9673128718507353,0.0,7.0666139570449715,89.47987345618756,32.96134894753604,Marketing,Junior
1254,34,5.938457621003941,0.5294117647058824,5.900233382058689,86.12466289080686,9.865664394977017,Finance,Junior
1255,46,7.826905444209714,0.2391304347826087,6.643108358097162,94.72530023305168,23.717336114712644,Finance,Junior
1256,39,5.3731328663871505,0.1794871794871795,8.507391993005825,81.47301389511294,23.5637216616329,Operations,Junior
1257,11,6.288519658663675,0.45454545454545453,7.110058079554179,76.2139811538076,-4.370606722929466,Operations,Junior
1258,20,2.4107027153961007,0.55,6.336861173483039,63.152585203141186,3.3091116098360374,Finance,Junior
1259,30,4.506001974901968,0.2,5.831553416419988,94.87964968298499,21.96392598679306,Operations,Junior
1260,6,2.6981509109869752,2.8333333333333335,8.201299437625957,79.3035728526299,-70.93558725144797,Operations,Junior
1261,5,5.676775013219062,2.6,7.498072061457389,84.51671143915496,-69.45020773860713,Operations,Junior
1262,16,7.630892949284927,0.4375,6.872261841704924,74.2359835516959,-3.9395891882306735,Operations,Junior
1263,9,5.970666394829831,2.111111111111111,5.869937415451912,79.17004978627325,-54.040656165738355,IT,Junior
1264,41,2.460818289886529,0.3170731707317073,6.336985496628525,92.99022061625105,28.764212421525933,Finance,Junior
1265,36,4.127997229910497,0.1111111111111111,8.839373706954074,65.8246803276061,23.175608272366894,Finance,Junior
1266,13,5.30398027664511,0.6153846153846154,7.080359750423337,70.2330404515589,-7.2228909245169,HR,Junior
1267,45,4.4192465367995135,0.15555555555555556,6.602797124973012,65.32209047223114,26.559258354180535,Marketing,Junior
1268,39,7.001864062851034,0.02564102564102564,7.085688169393295,87.72755663316711,26.172552431700584,HR,Junior
1269,23,6.888026028259935,0.6521739130434783,8.115954023598434,62.17158411476404,-7.106952624871411,Operations,Junior
1270,20,5.670986120619329,0.6,6.3604357460114755,62.85710774479684,-4.770550692279288,Operations,Junior
1271,7,4.240747670796232,0.8571428571428571,5.714824483730435,70.44729394755791,-15.906322266366594,IT,Junior
1272,24,3.532018242579465,0.625,7.339744473356191,77.9965863322354,4.185280781288149,IT,Junior
1273,28,2.635245909278776,0.21428571428571427,7.660816413924269,74.21961801958552,19.944860356788126,IT,Junior
1274,37,4.129386100919325,0.35135135135135137,7.850872011834198,61.56857087347825,15.71440143231646,IT,Junior
1275,28,4.479035103246317,0.4642857142857143,8.52795036306452,93.5122045254833,12.6157992700326,IT,Junior
1276,15,6.054937550624442,0.7333333333333333,6.484696482756452,93.35043321253292,-6.439788458742296,IT,Junior
1277,12,5.94895894578544,0.0,5.301419584915568,69.77747131342659,9.257576371114437,IT,Junior
1278,40,2.4206488378475415,0.0,8.833394334523769,85.60339653440036,36.27938163118499,IT,Junior
1279,42,4.371555892586946,0.2619047619047619,6.7400477097499,80.25013939841283,24.649773237365814,IT,Junior
1280,44,3.0906732033041715,0.4318181818181818,7.493030038692526,68.31168432519684,20.92644500388557,Finance,Junior
1281,24,2.940876231900834,0.5833333333333334,7.665221292513169,69.17600431095654,4.85344839838964,IT,Junior
1282,39,6.963812898423475,0.07692307692307693,7.186054834804814,77.19036110086577,22.602754115633896,Marketing,Junior
1283,29,2.251491300297545,0.20689655172413793,5.82103011894508,74.6732929524076,21.624779438162292,IT,Junior
1284,39,4.515097255412728,0.38461538461538464,8.020572200464565,70.19302648809425,16.869949248331856,Operations,Junior
1285,29,3.0092219345991094,0.06896551724137931,8.215007897216326,88.26290587068021,26.96517178769644,Operations,Junior
1286,33,7.275981294070844,0.18181818181818182,7.21190234406976,76.85120211730847,15.163732380774553,IT,Junior
1287,22,5.342243079650211,0.22727272727272727,6.954244642339367,82.91968218361947,12.281268459241655,IT,Junior
1288,22,3.388283818261088,0.6818181818181818,5.455752732511941,66.62457250587565,-0.7061985898925016,Operations,Junior
1289,6,5.0145637229982585,1.1666666666666667,5.335806645999135,78.67276818807704,-25.694573808381104,Marketing,Junior
1290,39,6.388918158218695,0.1282051282051282,6.358259382254115,71.12916173063175,21.00184218353511,HR,Junior
1291,20,7.748708053516602,0.45,6.2433846220695735,78.42447636382073,-1.3125208342690566,Finance,Junior
1292,45,3.3226760254725134,0.3333333333333333,8.814625803853085,87.32890416938248,27.820428782931472,Operations,Junior
1293,40,7.317090632776071,0.25,8.134490969773719,86.91196235319416,19.24821120508669,IT,Junior
1294,37,7.605824685004942,0.32432432432432434,7.63969718103624,72.39772373119966,11.738165646500319,Finance,Junior
1295,8,7.498523267192398,0.625,7.070592356070421,84.29969909778737,-12.087106714827321,IT,Junior
1296,37,5.812486141171459,0.0,5.669470122906605,92.9451482637997,29.16405737041702,HR,Junior
1297,18,5.778923926608246,1.0,8.913826688737135,81.89842654737173,-14.37816254374215,HR,Junior
1298,25,4.419263799102937,0.44,6.50016279296084,65.1943543183923,6.000343265472589,Operations,Junior
1299,24,6.514387293822727,0.20833333333333334,5.42770240978898,83.78980202476833,11.879185817308212,Finance,Junior
1300,12,5.187764110105592,1.4166666666666667,6.975195582862984,63.671653522225895,-32.941197515766,Finance,Junior
1301,11,6.064628427369767,1.0909090909090908,8.495992046452333,90.52386430775596,-20.15175672046107,HR,Junior
1302,7,4.570747423092772,0.8571428571428571,8.549164007109319,78.0831173530679,-15.039157089857675,IT,Junior
1303,21,6.388978784258835,0.5714285714285714,5.043863664225789,73.47992577090528,-2.6248295571937543,Operations,Junior
1304,37,6.946829105627295,0.1891891891891892,8.545182979005599,61.99523081273923,15.02971227561758,Marketing,Junior
1305,16,2.8786175396168967,1.0,6.0859368699994345,73.32743071072383,-11.491748937089026,HR,Junior
1306,26,6.997578293445368,0.3076923076923077,5.155889455873693,91.61223337705263,10.69652085775056,HR,Junior
1307,26,5.241779190741843,0.7307692307692307,8.391161081451497,60.73440487002061,-4.659754330556485,Operations,Junior
1308,34,7.067995454541346,0.35294117647058826,8.455467023952833,76.61268552236317,10.998310901272292,IT,Junior
1309,42,4.587810238046088,0.023809523809523808,7.3849243193694,92.59053318887177,33.82820044739646,Finance,Junior
1310,42,4.27424291229821,0.07142857142857142,7.297735029185434,73.81943499177574,29.272544030901585,HR,Junior
1311,49,7.4903643951033345,0.02040816326530612,8.252481090485677,74.98614906117527,28.8042561240692,Operations,Junior
1312,12,3.507015605290408,0.25,8.14523821084112,80.2496019319692,8.735889175813023,Operations,Junior
1313,31,7.065273951716859,0.5483870967741935,8.560421893770815,76.20280667520143,3.258400528380763,Operations,Junior
1314,31,4.904123435056425,0.12903225806451613,7.210989790386813,65.90105919331434,18.10099722661453,Finance,Junior
1315,38,5.084572655307558,0.47368421052631576,8.870588370931234,60.649443867445115,10.550217147084435,HR,Junior
1316,25,3.850809688936904,0.36,8.984587323733354,81.34340802925456,12.767062227977105,Operations,Junior
1317,34,5.438253203714094,0.5,5.466178439994531,92.22823054527342,12.969139701626496,Finance,Junior
1318,37,3.951267177657268,0.24324324324324326,8.398175038216488,63.7227446559508,19.744717278578324,IT,Junior
1319,32,2.235616485449914,0.125,6.9992890309943565,67.38334517384637,24.455436063869445,Marketing,Junior
1320,37,3.6319916320661365,0.43243243243243246,6.550265353199329,72.95803200387407,16.554650163669567,HR,Junior
1321,9,2.038274260439544,1.3333333333333333,7.4522892395308595,88.30597801573919,-21.01535291773125,Finance,Junior
1322,23,7.87012872234114,0.6956521739130435,5.223862229048028,69.42411107648422,-8.92500044677674,Marketing,Junior
1323,8,7.7944832589184845,1.0,7.02584447506832,90.8719041497569,-22.614585687885587,Marketing,Junior
1324,39,4.3709317848338305,0.28205128205128205,8.483562280106668,61.92352561275232,18.58130309134434,Finance,Junior
1325,21,6.370225126037876,0.6190476190476191,5.853846064555875,92.93348174406272,-0.1251824746917798,Finance,Junior
1326,48,4.074836590462549,0.2708333333333333,6.7055595790777005,79.62614772558177,28.450556364191254,Finance,Junior
1327,32,6.026558942515856,0.21875,8.757923550859502,83.05721874706965,17.195825864382222,Operations,Junior
1328,34,6.832580258275875,0.11764705882352941,6.714255351222789,72.86913328877236,17.779254376496837,IT,Junior
1329,33,7.680537468153444,0.5454545454545454,6.433470529329593,87.36979999288711,5.549248698634173,Operations,Junior
1330,10,4.4012736550980325,1.3,6.762146592493513,65.82981875295421,-28.63658355960522,Marketing,Junior
1331,39,6.699787897736286,0.20512820512820512,7.077811066070225,61.71191388474705,16.188960827630684,Marketing,Junior
1332,45,3.5955707037927125,0.13333333333333333,7.527965376525875,73.8430930087645,30.577477194167475,Marketing,Junior
1333,41,7.94199382276189,0.17073170731707318,8.202771203666924,89.87934998933639,21.5699311328313,Finance,Junior
1334,28,2.154617592586107,0.4642857142857143,6.808408823057257,86.42243928231932,15.846681242720223,HR,Junior
1335,33,5.621172839006726,0.3939393939393939,8.26992374036056,78.10045896711352,12.359564297227436,Operations,Junior
1336,35,5.957035889907963,0.2857142857142857,7.1348826454083225,80.02482115078737,16.51946387891298,HR,Junior
1337,39,6.128273342444773,0.3333333333333333,6.353922041471911,64.54624892045643,14.05270309920174,IT,Junior
1338,37,2.722325472734534,0.1891891891891892,7.631803312477657,89.42385280161537,28.964443939178327,IT,Junior
1339,25,7.631178700838783,0.08,7.8708890189739655,87.5435889037469,14.846360379071813,Operations,Junior
1340,36,3.0870996743004966,0.4722222222222222,7.23219590251795,82.976463786043,17.85442674194094,Marketing,Junior
1341,27,5.736520419439047,0.07407407407407407,5.226459892538894,76.31668627151285,17.768074193202253,IT,Junior
1342,37,3.33605647473851,0.32432432432432434,5.6795315006433,93.75607438978294,24.549372198749836,HR,Junior
1343,7,3.8432985021276256,1.5714285714285714,6.141190883560913,90.76611901567648,-32.476230343977086,HR,Junior
1344,22,5.278751250368746,0.6363636363636364,6.130502423805972,82.55506727301164,0.06260186295574854,Finance,Junior
1345,29,4.503160511387459,0.5862068965517241,7.693683200987483,73.01303492010507,5.410079064694374,Marketing,Junior
1346,46,2.9613536058590375,0.08695652173913043,5.07339464669453,81.63077975385293,35.394753086878595,Finance,Junior
1347,35,3.0256184145250895,0.17142857142857143,8.02272710819808,80.14043242857329,25.83399251380734,Operations,Junior
1348,7,4.508868728976798,1.4285714285714286,6.061369899227733,73.79846957422207,-32.91518640025204,IT,Junior
1349,44,6.543697869653005,0.22727272727272727,6.24008738486441,70.73358900908266,20.641140244328703,Finance,Junior
1350,28,7.387787881086731,0.5,7.111639311775697,74.24537772830628,1.8734997834877962,Finance,Junior
1351,36,2.504765973556297,0.25,5.8637024037558305,80.08689921116893,25.10784789512119,Operations,Junior
1352,26,4.358623445356407,0.5384615384615384,8.537885254302111,74.98471956488831,5.725850868418696,HR,Junior
1353,27,2.60147338233726,0.4444444444444444,5.341475117306262,69.22510708704843,11.508741319401834,HR,Junior
1354,6,2.0995548837955873,2.1666666666666665,6.777529449204259,86.63371612162831,-48.272366543265505,Operations,Junior
1355,31,5.97031209586374,0.5161290322580645,8.39768907781956,78.60136235850945,6.895777312232472,HR,Junior
1356,46,5.614696651799527,0.2608695652173913,7.463375577684943,62.368630712896,21.01824588245841,Operations,Junior
1357,6,2.9781146828893172,1.5,6.169318063370534,72.8910776969144,-32.77801382639575,HR,Junior
1358,30,3.4028769985583844,0.0,6.683040831105843,90.97197100241978,29.38864020336719,Operations,Junior
1359,21,2.1422465218671105,0.0,7.826777521370058,86.43327859199832,25.602162674665443,HR,Junior
1360,44,7.009683234166422,0.3181818181818182,8.893042973455596,71.31363743804025,17.097906473820657,Finance,Junior
1361,37,7.848143576291308,0.40540540540540543,8.572554873517735,92.83641032155782,12.908832749566786,Finance,Junior
1362,13,2.8127572207681446,0.8461538461538461,6.369731233529507,62.681101792537355,-10.6739094676442,HR,Junior
1363,47,3.388851282591789,0.10638297872340426,8.99279151715143,93.64321463622662,36.95945100035962,Operations,Junior
1364,43,7.210457143681604,0.11627906976744186,5.014018654124233,68.59967823696365,21.610649267006266,Finance,Junior
1365,33,7.558782787737109,0.3333333333333333,5.11051902323366,60.31829631058467,6.746093686642718,IT,Junior
1366,46,4.517764296840862,0.30434782608695654,8.295362060684775,75.18328127814144,24.470692879337868,HR,Junior
1367,30,2.3037348336144445,0.1,5.797850747332208,72.5639650390453,24.90532334058017,IT,Junior
1368,39,2.2363510021569164,0.07692307692307693,5.243077073584963,78.86811518223779,32.39322872444142,IT,Junior
1369,29,5.443699196414062,0.034482758620689655,5.948592292946008,87.88705011994459,23.0555288725401,Marketing,Junior
1370,28,4.357370653359074,0.39285714285714285,6.704400615923441,89.48507807526565,14.1965600226207,IT,Junior
1371,17,2.171914565465927,0.35294117647058826,7.922265081733619,74.04304998640922,10.076545572232341,IT,Junior
1372,11,5.499514353875341,1.7272727272727273,7.497342106204822,75.04460102972226,-41.20829031998805,Marketing,Junior
1373,40,2.067815219534135,0.2,5.950484870241682,65.18622056153158,26.90161367323805,Marketing,Junior
1374,49,6.724231748895638,0.16326530612244897,7.013081792402337,61.66416631084072,23.386410580703398,Marketing,Junior
1375,24,3.8385969362202292,0.2916666666666667,8.704856421594275,82.44252465822586,14.461311059204714,Operations,Junior
1376,5,2.2415480180553926,2.6,8.260031107935031,62.25531689434423,-67.03203265724193,Marketing,Junior
1377,12,5.53011332589892,0.0,6.292759139327174,85.68405417975096,13.276584184152352,Operations,Junior
1378,20,4.386106486598328,0.55,8.929058245422786,78.86815507577866,2.5014180419590772,HR,Junior
1379,18,7.842802480142897,0.05555555555555555,7.834481601740524,66.95040423791292,6.837809220630124,Operations,Junior
1380,16,5.265191975022213,0.75,5.249797422667127,78.88330302294274,-7.653723345455877,HR,Junior
1381,27,3.6514350862220497,0.1111111111111111,5.140642853154555,66.40492008107346,18.84478051043726,Marketing,Junior
1382,19,6.256633187803849,1.0,5.6736317960401195,75.35580226286442,-16.042105923034818,Marketing,Junior
1383,32,3.628952015256268,0.53125,7.911423472200587,87.98461106847802,13.601518183183066,HR,Junior
1384,38,7.425459748445391,0.47368421052631576,5.734955703369712,76.16717526937231,8.971989241194208,Finance,Junior
1385,6,4.248331823044259,2.5,7.0459470768353345,65.20447614041419,-66.85576841800568,Operations,Junior
1386,36,5.299211376657231,0.3611111111111111,5.373040480723327,85.33400386380308,17.235044686112815,IT,Junior
1387,27,2.3034386229453734,0.25925925925925924,8.68354463132078,66.53689456945031,17.122723890221536,Marketing,Junior
1388,26,4.556727427713385,0.4230769230769231,6.37584245433427,85.84924560295383,10.964086572856303,Operations,Junior
1389,29,6.99418123796597,0.27586206896551724,8.632528226242524,76.77733012255416,10.491241479613373,Operations,Junior
1390,26,6.833892832180052,0.19230769230769232,8.779502567642178,75.88096156830056,11.339175880069241,Marketing,Junior
1391,26,3.3459113531211573,0.6538461538461539,5.024514589254723,89.80022632501162,7.252837943375393,HR,Junior
1392,46,3.356474426063376,0.021739130434782608,6.856540748794928,84.80112335192341,37.19510190521445,Marketing,Junior
1393,10,6.903831873279421,0.7,5.0986242228275716,61.15187789342288,-16.577288167874265,Operations,Junior
1394,19,7.582390521015953,0.6842105263157895,8.634771065211623,70.36610101105609,-10.217876629294373,Finance,Junior
1395,47,2.5721655276380213,0.10638297872340426,7.073630178938304,90.48222312974644,37.96062420897112,HR,Junior
1396,41,4.700351836557352,0.21951219512195122,5.299776050793987,60.641415899081956,20.74221365304315,Marketing,Junior
1397,37,4.024725673785374,0.1891891891891892,5.4411069131062675,79.08387061916896,24.29164710058737,IT,Junior
1398,12,7.224130732744636,1.3333333333333333,6.534036097970956,85.47389842108804,-30.153481781271662,Marketing,Junior
1399,48,2.5011494880801126,0.22916666666666666,8.760936771491558,81.76496299196015,33.2756936222318,Operations,Junior
1400,48,3.2667556553482244,0.3333333333333333,7.771636606272324,86.61862707365528,29.5902141040346,Operations,Junior
1401,9,6.514810025518966,1.3333333333333333,8.470475464756529,85.3992147120161,-30.54977710863471,IT,Junior
1402,43,2.3077630938872935,0.4186046511627907,6.465826585359919,84.22107433035896,25.470549143413482,HR,Junior
1403,8,4.955212284285736,1.375,5.172854798199993,88.75389513239782,-28.60964554209191,Operations,Junior
1404,10,4.65264220807832,1.5,8.897270548817657,82.59917339573384,-31.78544973700987,HR,Junior
1405,49,4.0064070739324915,0.08163265306122448,5.068691962649478,74.08464729899437,33.75513572009716,HR,Junior
1406,36,4.367433891913542,0.4166666666666667,8.790606612324357,76.51681884701057,15.668495985575028,Marketing,Junior
1407,34,5.179643521581397,0.14705882352941177,6.474709695396578,85.08536739385077,22.646021729725007,HR,Junior
1408,39,2.9682041503302985,0.2564102564102564,5.040361620087526,90.67071103833779,27.90542621469927,Operations,Junior
1409,44,5.431975269701557,0.36363636363636365,7.756628926898033,69.52765802939214,18.532490157384405,Operations,Junior
1410,20,6.832593975799918,0.65,8.922161216125417,71.97268785898748,-6.770650379802339,Finance,Junior
1411,17,6.560965578740954,0.29411764705882354,8.86250289135037,92.57587887268444,6.769715205290273,HR,Junior
1412,46,2.923399428162642,0.21739130434782608,5.643748044809674,80.24791273433058,31.281044560106047,Finance,Junior
1413,34,2.8954968184488434,0.3235294117647059,5.72499122426462,66.26366359972504,18.155856730106144,Marketing,Junior
1414,23,3.60904620646948,0.5217391304347826,7.26215565847864,83.2293298619334,7.575599646404241,Finance,Junior
1415,21,4.166448358046223,0.14285714285714285,7.549219305713297,94.67667544387828,18.916724086968923,HR,Junior
1416,23,4.450733488450895,0.2608695652173913,7.9576716546634625,88.82087475646401,14.83662101786927,Operations,Junior
1417,32,6.078183301000072,0.03125,5.7242014418885905,86.1009397792991,23.326321353859676,Marketing,Junior
1418,30,2.3400825929950124,0.16666666666666666,8.836028347057738,67.28163289931942,21.77616139387386,HR,Junior
1419,41,2.2080362253563983,0.12195121951219512,7.554957025156952,90.66489246394025,34.658369456709394,Marketing,Junior
1420,30,4.351463377663454,0.5666666666666667,8.38818767548222,78.40260952374413,7.977595149421919,IT,Junior
1421,27,6.182982152827883,0.7037037037037037,7.160262861136687,91.12515077251845,0.9479547377368149,HR,Junior
1422,13,3.1606120577388954,0.5384615384615384,6.65710739035953,71.54397402987078,-0.3662754633497851,IT,Junior
1423,16,5.84902688753751,0.4375,8.908731626379984,62.171786842240145,-2.7886964066269915,Finance,Junior
1424,5,3.558968827641797,1.4,7.328485483279344,76.65915890309111,-30.786105874665374,HR,Junior
1425,5,7.3165166528810985,1.4,8.467494331196715,69.44431616862572,-39.74417007203705,IT,Junior
1426,38,7.374139665599699,0.0,8.81316958546516,85.03302514217043,25.05832569723469,Operations,Junior
1427,36,3.783723225687959,0.027777777777777776,7.701418508034637,93.49872934996114,31.898966085282975,Finance,Junior
1428,29,3.379962523779443,0.3793103448275862,7.1957547140747,84.18409529030474,16.097583665674478,HR,Junior
1429,44,4.467823832397388,0.3181818181818182,5.014043403642603,91.04268753982213,26.127435297715103,HR,Junior
1430,49,3.4431895110808926,0.061224489795918366,5.1600785629560235,75.85584047604222,35.848054379169106,Operations,Junior
1431,5,6.034303059750222,0.4,5.803404864204465,87.00742580183555,-3.6671209591333316,Operations,Junior
1432,20,6.956388107289714,0.65,5.7440337274239806,89.50652028350962,-3.5114721578775026,IT,Junior
1433,43,6.038552785467302,0.16279069767441862,6.019035180799381,84.88064696542398,25.815302891917632,IT,Junior
1434,9,6.946102683496097,1.3333333333333333,6.219738550790643,77.77220501243477,-32.93776436450524,IT,Junior
1435,26,4.381952973244845,0.6923076923076923,6.4402619742029135,81.90531383653789,2.4479260515871193,Marketing,Junior
1436,33,2.9379018242531654,0.12121212121212122,6.682150760275507,84.51774484876081,27.191381684882195,Finance,Junior
1437,7,6.427705684385553,1.7142857142857142,5.395465353824059,68.85795411274994,-46.31239197479254,HR,Junior
1438,16,4.162847030849323,1.1875,5.169447727811129,88.33527413202447,-16.683639235293754,Finance,Junior
1439,30,6.027624951374795,0.0,7.695777796292093,93.26135886385457,24.597021870021322,Operations,Junior
1440,20,3.623863651890594,0.75,7.149339299372311,76.28337603129776,-2.491052097521637,Finance,Junior
1441,41,2.4873778088400362,0.024390243902439025,6.7765768088804785,84.53735140884571,35.8010073470159,Finance,Junior
1442,26,7.955490772926581,0.23076923076923078,7.537759764673409,85.79590670266239,9.925122871602396,IT,Junior
1443,33,2.937209047583596,0.15151515151515152,8.310717628814162,83.17866416325181,26.015860192028626,Operations,Junior
1444,18,7.9305259637808865,0.2222222222222222,6.710771636464818,79.14902879150225,4.10208716407201,Finance,Junior
1445,32,7.8636795953986836,0.09375,7.5644778602079175,90.85767841011837,18.831676491226304,HR,Junior
1446,9,6.762908623448238,0.1111111111111111,8.814288895340635,75.7124348244113,3.683336384652451,IT,Junior
1447,34,5.956537772491986,0.2647058823529412,8.358497983446243,62.138603477031126,12.973468679834017,Finance,Junior
1448,9,5.466842301506508,0.4444444444444444,6.704003242009637,89.55947314992561,-0.9551233063612266,Operations,Junior
1449,16,7.196609272267008,1.0625,7.578867351258972,83.58934453107928,-19.95034963831816,HR,Junior
1450,20,3.736637129716928,0.45,5.708283687663759,89.72405192748764,8.971536126063674,Operations,Junior
1451,30,4.806087274909262,0.4666666666666667,7.2420887395803595,64.8491604855643,7.357657547294336,Operations,Junior
1452,30,5.716339816199012,0.26666666666666666,8.92531316455377,61.07635291784007,10.78259095116999,Operations,Junior
1453,25,4.467142855216947,0.4,7.073260460810089,92.70310891338755,12.606336072243618,Marketing,Junior
1454,43,4.564918724541608,0.37209302325581395,8.71055319676059,65.1704907047701,18.54146999419639,HR,Junior
1455,40,3.981708005012506,0.2,6.629339682013043,88.33783162246581,27.70415031446815,Operations,Junior
1456,37,5.385390900107216,0.40540540540540543,8.995379308738524,88.81234797632226,17.029525632887854,Marketing,Junior
1457,34,7.103447168090696,0.14705882352941177,7.316880140910231,84.80468201921511,18.742277361779273,IT,Junior
1458,41,3.209170268037877,0.24390243902439024,5.169075976943738,64.59417738825049,23.783421770842637,Marketing,Junior
1459,27,7.606598232520648,0.5925925925925926,7.347019186765552,83.35895185962826,-0.11918387089342275,IT,Junior
1460,14,6.134525922489378,0.21428571428571427,6.0982907827183865,91.11803041644029,7.925982809737874,Marketing,Junior
1461,9,6.939639276080181,1.5555555555555556,5.129925288143578,74.89360756803092,-40.16722370522084,Operations,Junior
1462,40,5.33714415578007,0.0,8.283413218778653,74.47308990325097,28.220329669090056,Marketing,Junior
1463,38,6.677100208544381,0.5,6.102918547923023,75.50004083527966,9.545807749967171,Marketing,Junior
1464,35,2.0972023840368035,0.0,8.186194216185994,62.87951617366723,29.38149846665984,Operations,Junior
1465,14,6.910282548677211,0.5714285714285714,6.152870331823468,91.22089491604908,-4.319243257001748,IT,Junior
1466,23,2.240833154512199,0.4782608695652174,5.777305415495097,90.42140023931786,13.054787651882652,Operations,Junior
1467,36,7.339480258177175,0.08333333333333333,8.89574229641771,94.92682626266003,23.406404736177656,HR,Junior
1468,5,7.95177648343186,2.4,6.446581311020078,80.48140995244447,-68.80727097637482,Marketing,Junior
1469,9,3.764404773060667,0.6666666666666666,7.405504845772642,86.2917072757985,-4.870468090961634,HR,Junior
1470,49,3.261911337714762,0.14285714285714285,7.439925971257886,67.09351672075566,32.009166383007326,Operations,Junior
1471,8,6.592180183148244,1.5,7.241893928694007,83.36350863784594,-36.7116586387273,Operations,Junior
1472,20,3.5181580455215196,0.5,8.658782974084858,82.74064970650868,6.5118138502586955,Finance,Junior
1473,28,7.193374299033221,0.2857142857142857,7.697764285467474,91.54230575445644,12.150283981396274,HR,Junior
1474,20,2.6170555529448603,0.75,6.61493201641972,89.07774529936759,2.081437953983798,Finance,Junior
1475,6,2.7557311782761493,1.5,8.449521538097096,92.8463261916217,-28.342197118227958,HR,Junior
1476,32,7.8749093306036935,0.3125,5.724251596463858,90.40917154455626,12.157015647703863,Finance,Junior
1477,36,6.043033389620028,0.3055555555555556,7.17694703044167,90.40428632145982,18.428123818385238,Finance,Junior
1478,31,7.081323346573717,0.41935483870967744,8.802201487775026,62.23031643410514,4.30277143238327,HR,Junior
1479,24,3.945976264109108,0.75,7.501590519521651,89.60866834435845,1.9297811406534748,Operations,Junior
1480,28,6.0589024971236265,0.39285714285714285,8.267873801899505,81.26174380760914,9.14882948156029,IT,Junior
1481,16,5.565450963851584,1.0625,7.614242902180772,73.31555581180864,-18.74279076534144,Operations,Junior
1482,39,5.618900720737682,0.41025641025641024,8.357483454151561,61.97801185358218,12.250108621548765,IT,Junior
1483,37,6.095194757226329,0.05405405405405406,8.777951519380974,83.71858211688163,25.131705287302047,HR,Junior
1484,37,5.452155038774592,0.0,6.091686910130948,71.4870612688166,25.59310217621414,Marketing,Junior
1485,47,4.574374215815996,0.3829787234042553,5.678644325026875,76.37216927451121,22.83632372114259,Operations,Junior
1486,41,3.655536166283281,0.07317073170731707,6.93596300133016,83.8604952969297,31.865904775599866,Finance,Junior
1487,16,6.611487985479212,0.9375,7.807449707296863,91.912109145845,-13.36555414178942,Operations,Junior
1488,7,3.357634580019117,1.5714285714285714,5.908765012728864,88.89029204617495,-31.880067893660378,HR,Junior
1489,5,6.154125836926485,2.4,5.016405801720668,75.770899518626,-66.15407177012776,Marketing,Junior
1490,37,3.3999969358959596,0.43243243243243246,6.371740463346821,73.57241051062326,17.141515257359757,Marketing,Junior
1491,44,5.751981019726723,0.1590909090909091,8.875437341871153,68.39229085954166,23.80176885972761,Operations,Junior
1492,14,6.482469602774174,0.8571428571428571,7.779869842423387,73.03493629115889,-15.67223766160228,Operations,Junior
1493,47,3.312283333439235,0.40425531914893614,6.605301775764896,63.88662355521644,22.225098469696732,Operations,Junior
1494,48,2.3596598051678495,0.08333333333333333,5.770304389387361,93.98869279276641,40.378418948217586,HR,Mid
1495,33,2.7858424579650443,0.5151515151515151,6.424358695018988,80.08711053858526,14.791191737241512,IT,Junior
1496,17,5.635981803626153,0.8235294117647058,5.679357733204991,64.47320449783246,-12.88320506062699,IT,Junior
1497,16,7.096678437354413,0.6875,5.425223285251805,72.3482103243067,-10.748714809847483,Finance,Junior
1498,35,2.269980927412546,0.45714285714285713,8.626969490290215,79.14637002672296,18.575026436233788,HR,Junior
1499,6,6.404907554249878,2.3333333333333335,8.990601353501894,78.65099728243044,-63.47961565201366,Marketing,Junior
1500,39,4.047911875700313,0.02564102564102564,5.656457758383161,61.24261790515213,26.783469060399028,Finance,Junior
1501,27,4.871170219517135,0.18518518518518517,5.2180902355131185,93.2794361980189,19.557991245013955,Marketing,Junior
1502,21,7.573157299073394,0.7619047619047619,6.318924428584849,69.63814885162306,-11.475827684965028,Marketing,Junior
1503,30,3.991829028415073,0.5,6.846636723045661,60.566463412616194,7.129634625693093,Operations,Junior
1504,12,4.7920216036369165,1.3333333333333333,5.8192849883034174,62.67554031325989,-29.848935144621855,Marketing,Junior
1505,33,2.0820944885640866,0.5757575757575758,6.205699647194233,80.30682161367919,14.424448072880391,Marketing,Junior
1506,30,2.48959232002903,0.26666666666666666,5.803482942766631,64.82249322362838,17.985314004667618,HR,Junior
1507,14,3.551549546808704,0.2857142857142857,8.097042273729805,61.46036774987262,5.017545884928546,Operations,Junior
1508,30,2.1671134449264464,0.0,7.850311772989043,73.28692632444489,28.323158375036087,Operations,Junior
1509,38,5.788251956289506,0.13157894736842105,7.539806063043927,81.7966417319066,23.635456012749678,Finance,Junior
1510,45,4.558390140809735,0.28888888888888886,6.548871428316819,63.91439316945643,21.999431685605153,Operations,Junior
1511,11,5.288871216368133,1.4545454545454546,8.636163765256944,70.96647412529605,-33.42081124404069,IT,Junior
1512,8,3.047883115377977,2.25,8.87813016614008,74.62162350685898,-53.871441529384164,HR,Junior
1513,49,3.7755921766196967,0.0,5.6945572505016475,65.58110342253686,34.96503633126798,Finance,Junior
1514,15,5.982946849116351,0.0,5.892050565647512,77.71258644633485,12.57662359103427,IT,Junior
1515,33,7.791816341782399,0.36363636363636365,7.102524112001479,62.98249304156198,5.90377501565669,Marketing,Junior
1516,40,2.302500641613255,0.325,5.365002277128982,61.6281473720774,21.970628191188972,IT,Junior
1517,29,7.342305925131597,0.1724137931034483,6.745793595292451,78.19423785042972,13.1818219267193,Finance,Junior
1518,25,5.461287207867251,0.2,7.327165059110841,68.67639404628065,11.812704393521628,Operations,Junior
1519,40,5.3835174005337425,0.0,7.088294284549333,63.338083276430964,25.900581854218707,HR,Junior
1520,14,5.0016712112465616,0.9285714285714286,6.323634332312104,74.83694056206713,-14.493097167222553,Finance,Junior
1521,41,2.4163645154251006,0.04878048780487805,7.169783224308827,92.02992588310882,36.709841511625214,IT,Junior
1522,13,2.5392611104169642,0.6923076923076923,8.835203817035392,85.34673563289542,-0.9784058634856123,IT,Junior
1523,28,5.605472033954516,0.6428571428571429,5.824069617165504,88.54655703714596,4.012653053805874,Finance,Junior
1524,39,4.04575142861335,0.46153846153846156,7.619325433576014,90.51698960655227,19.565741217929908,Finance,Junior
1525,39,7.503608399466084,0.46153846153846156,5.173586776624207,94.04197094887466,13.355023544688917,Finance,Junior
1526,40,4.439543224156834,0.075,5.265665617925739,86.71363007299605,30.213639566285543,Operations,Junior
1527,22,2.8596887522158463,0.8636363636363636,7.20731289689434,81.2942772678818,-2.1696129599462424,Finance,Junior
1528,43,6.288313001012217,0.4186046511627907,5.419756721311797,72.78990581057866,15.223215625207578,Marketing,Junior
1529,36,3.760120528646059,0.25,5.089387153707429,66.35751327952006,19.85126159861189,HR,Junior
1530,28,5.152821844135359,0.03571428571428571,5.686051990592089,84.0330955894153,22.22954685818377,HR,Junior
1531,27,6.18699671303102,0.1111111111111111,7.259396683998298,94.82324951426796,19.45732314345822,Marketing,Junior
1532,36,7.401584667212422,0.1388888888888889,7.81336381807573,76.35755396166216,17.90167479124092,IT,Junior
1533,41,6.753147168810057,0.14634146341463414,5.80991425656552,85.32877788324826,23.769217336590515,IT,Junior
1534,16,6.058166407236344,0.9375,7.673037748832698,77.32823574976047,-15.175685664520593,IT,Junior
1535,17,6.077799094370862,0.35294117647058826,5.729905324396917,75.11766981772168,2.479700480684963,IT,Junior
1536,27,7.675547864192519,0.6296296296296297,7.4538297065250285,74.36069647459703,-3.1678453223545233,Operations,Junior
1537,29,3.7749445849792163,0.6551724137931034,6.647838719583195,77.66186390260941,5.727311196770344,Marketing,Junior
1538,39,2.0066725651771247,0.46153846153846156,7.615198037334467,72.84134816528812,20.108770656549527,HR,Junior
1539,45,3.631727356389192,0.17777777777777778,8.980211009916989,86.20706626376327,31.644625206640935,Marketing,Junior
1540,34,3.3073482777604637,0.5588235294117647,8.751267860930248,90.59952093070308,15.140501748266745,HR,Junior
1541,21,5.9710075106839895,0.42857142857142855,5.0171270313444145,90.90098573258145,5.981039268005453,IT,Junior
1542,24,5.802269598593174,0.5,8.541755057449222,67.96945496990391,1.3893517967944327,Operations,Junior
1543,29,5.560768296228343,0.5862068965517241,5.265963180699066,91.35681985560218,6.963620482112027,Finance,Junior
1544,26,2.097460659256722,0.5769230769230769,8.812186344639379,71.95429311492867,8.488244996779985,Finance,Junior
1545,17,6.372668326703884,0.9411764705882353,6.127302716398739,70.82576829198541,-16.615477112657743,IT,Junior
1546,23,3.9411824749129494,0.5217391304347826,6.528139321645083,85.43646200893826,7.352753538918275,IT,Junior
1547,40,5.990335934039787,0.275,5.366552820702911,70.66437190302013,17.902202512524454,Marketing,Junior
1548,16,5.33947057101292,0.5625,5.449091033315638,61.85382419633985,-5.58317630275787,Operations,Junior
1549,45,4.056385552567443,0.0,7.906962260917279,73.07662203086078,33.50255330103727,Operations,Junior
1550,23,2.8074576026246465,0.30434782608695654,8.777328942993167,85.25129601254221,16.104909214650455,Marketing,Junior
1551,16,2.5665133859628857,1.0625,7.442993979817238,71.44354470945618,-13.119317830034532,Operations,Junior
1552,13,6.989109998673341,0.07692307692307693,7.863400062107244,82.03456695983013,7.921001086927035,Operations,Junior
1553,11,7.510385252489348,1.3636363636363635,8.047878978388614,83.10418054920956,-32.70902530422768,Finance,Junior
1554,32,5.8987282805857975,0.34375,6.051257098211767,85.68076041042247,14.226195520912897,Operations,Junior
1555,18,2.6206046891629002,0.4444444444444444,5.18091852368086,91.39956632088277,10.50537055251742,IT,Junior
1556,35,4.412163301329445,0.05714285714285714,5.007490975676674,75.1397574743951,25.489339177934415,Finance,Junior
1557,23,6.373635200630943,0.13043478260869565,6.402597131816075,65.825122683186,10.304710657114443,IT,Junior
1558,20,6.678925304060408,0.05,5.965856912796864,71.16240004011613,11.374629399902409,IT,Junior
1559,9,2.7093117337465316,0.7777777777777778,5.249270900196743,75.12585393108951,-8.326786014608494,Marketing,Junior
1560,39,2.0001843130722943,0.23076923076923078,5.718113169974667,84.98620142648396,29.47379473607528,Operations,Junior
1561,16,6.27282227528363,0.9375,5.497995593071791,60.45927439465717,-18.978789671635823,Operations,Junior
1562,29,4.139577055917234,0.3448275862068966,8.659513522469481,71.05248842039576,12.986515986037787,Operations,Junior
1563,25,3.5268879897095617,0.68,5.561068853836676,87.29449033567609,5.005122087716094,Operations,Junior
1564,40,2.0773848187371526,0.325,7.150593855950717,83.48001961657434,26.791234285840563,Finance,Junior
1565,27,5.241796440568998,0.25925925925925924,7.372423820448658,85.61089907549618,15.060809156183462,HR,Junior
1566,20,7.10690441255589,0.7,7.173957830834535,88.41337693037181,-5.5311334390374185,IT,Junior
1567,43,7.745789877635527,0.37209302325581395,5.396225736863952,87.41325016072868,16.628279579200267,HR,Junior
1568,49,5.394469703679736,0.3469387755102041,6.275193447002205,83.87641081534723,24.97817949040385,HR,Junior
1569,46,5.086767966439365,0.10869565217391304,5.205081329852613,75.38815363297067,29.243225228498012,HR,Junior
1570,43,2.5103383129354464,0.3023255813953488,6.582679656385264,94.42594151073538,30.59474423441572,Finance,Junior
1571,18,5.293236809255599,0.1111111111111111,5.754395725086368,79.91756184565259,12.863705417285985,HR,Junior
1572,35,4.2798744737923675,0.17142857142857143,7.246530133137519,67.09692232790937,20.716778375139995,Finance,Junior
1573,9,5.642811685301462,1.5555555555555556,7.771233575396402,70.24844992866745,-38.50260005153609,Marketing,Junior
1574,39,4.33235808725928,0.38461538461538464,7.1284794408188255,84.27468595896644,20.05175947881319,Marketing,Junior
1575,27,3.4417947407022007,0.5555555555555556,6.736946786445583,92.36588478198122,11.122920808325174,Marketing,Junior
1576,33,2.569791651370259,0.21212121212121213,6.54933368342677,66.25520452220641,21.5478212380644,Finance,Junior
1577,47,3.8895106675333744,0.1276595744680851,8.366767072388015,62.882127351102525,29.167616901111206,Finance,Junior
1578,15,2.579869005726514,0.3333333333333333,5.87747226026108,90.85358668147022,12.010979324841015,IT,Junior
1579,22,3.0613817049439036,0.045454545454545456,7.936873358115475,92.0347292619492,24.12054607886567,HR,Junior
1580,16,7.924016951477276,0.75,8.029929298960475,69.67327708605649,-14.813378485743256,Operations,Junior
1581,13,4.6646213414397115,0.8461538461538461,6.676800029082938,73.2050003529934,-12.272857996896128,Operations,Junior
1582,14,5.191230599030099,1.0,6.189202396902557,83.10657991242505,-15.361145215575188,HR,Junior
1583,48,7.241711172423292,0.16666666666666666,6.882165944183901,71.54755072948662,23.626087801050737,Operations,Junior
1584,21,7.973413402944127,0.047619047619047616,5.372855703570794,90.70055478945186,13.364712723430689,Operations,Junior
1585,42,5.496286696068089,0.38095238095238093,5.1837201289163595,63.765254594985194,15.531906098289435,Operations,Junior
1586,11,6.87484292626503,0.36363636363636365,5.446412797807567,61.32937773360683,-5.792901214899601,Finance,Junior
1587,17,3.9616461460200516,0.5882352941176471,5.748580125848905,67.29701723599763,-1.9109476683699889,Finance,Junior
1588,44,3.8344637446837466,0.4090909090909091,7.016707281352172,70.01307223717392,20.460959685340015,Finance,Junior
1589,46,4.416222325967361,0.13043478260869565,8.396546544644488,63.95243069511063,27.644998008826533,HR,Junior
1590,13,6.035043576041895,0.07692307692307693,5.942569327998748,62.29916502692264,5.88205354560843,Marketing,Junior
1591,31,6.093150135530593,0.4838709677419355,8.740648042987113,86.44626997256293,9.186824691193337,Operations,Junior
1592,6,3.891436607896705,1.8333333333333333,8.819631635740013,65.74967980657901,-46.0329372544776,IT,Junior
1593,9,2.799259544819772,1.5555555555555556,8.835618419380822,91.98727696732064,-28.467730362842083,Finance,Junior
1594,33,5.794377538793052,0.0,8.350250938705296,72.87998815068336,22.78724255255057,IT,Junior
1595,41,2.769955173132587,0.2926829268292683,6.455300163190882,83.47120334024709,26.973842516906195,Operations,Junior
1596,42,5.470955049375981,0.11904761904761904,5.290735644010493,67.88907401690801,24.264476133201068,Marketing,Junior
1597,23,6.160532768337854,0.5217391304347826,7.275274927065979,68.41129689721534,-0.49098007027611956,IT,Junior
1598,12,6.20366897836671,1.4166666666666667,7.2347257757489345,80.11482210036513,-31.68437353666039,Operations,Junior
1599,49,6.520832663957581,0.04081632653061224,8.399903068438382,79.62250238010952,31.058345352188375,Operations,Junior
1600,5,7.237156529393987,0.0,8.98396420378442,86.90552298042284,5.906791537296595,Finance,Junior
1601,26,4.999753951788731,0.5384615384615384,7.032629226240591,86.52346569929931,6.751339082436246,Marketing,Junior
1602,21,6.381495137177427,0.5714285714285714,6.3808161241591375,83.47407176322814,-0.6110330645663673,Operations,Junior
1603,11,5.715036412195021,0.36363636363636365,5.7436068462250685,75.71956980627219,-0.5952497722265129,Marketing,Junior
1604,29,3.1198396387860954,0.41379310344827586,5.0191992992694825,91.1724135198216,16.981010322943852,Finance,Junior
1605,49,2.154137869216449,0.08163265306122448,7.036454769955517,81.79024715774545,39.00079410127945,IT,Junior
1606,8,3.7072483140616024,2.25,7.222074666810383,94.6569471661825,-51.1831071948867,HR,Junior
1607,40,4.658202238025717,0.425,8.29975391926959,88.67794362770255,19.669184249489078,HR,Junior
1608,10,5.702635666571938,0.9,7.018307871571203,61.55084339334142,-20.09510265447559,HR,Junior
1609,35,7.099755983019232,0.2,8.665873394664226,71.22078674781112,15.04464538352376,Marketing,Junior
1610,23,3.1774743002369936,0.6086956521739131,7.5123339062857415,80.01565007648331,5.187311849605283,HR,Junior
1611,48,2.7532987393908623,0.3958333333333333,8.361344952884332,85.25143382550205,28.468689286318682,IT,Junior
1612,43,7.780879684845965,0.06976744186046512,5.593206939230988,79.26177742166794,23.997572858827706,Operations,Junior
1613,31,2.648267356258443,0.03225806451612903,8.421344521209258,87.51456478617636,29.838636309234516,Marketing,Junior
1614,14,4.8709464206431345,0.35714285714285715,7.700575417775394,69.89294784650706,1.9224110137294286,IT,Junior
1615,30,5.5133823727598115,0.06666666666666667,5.680932129753322,66.43692179314888,18.260619613110155,Marketing,Junior
1616,23,5.24824652544463,0.2608695652173913,5.7590542325840435,61.88708393264196,7.8548367791173925,Marketing,Junior
1617,43,2.516192942197659,0.20930232558139536,8.706002476176884,80.06598106000327,30.501740560163476,Marketing,Junior
1618,7,2.342161484021716,0.7142857142857143,5.128861441801492,84.10098322364233,-5.092697751886398,Finance,Junior
1619,49,2.632900564766214,0.30612244897959184,6.850139773182825,71.41524009917765,29.23357342091535,Operations,Junior
1620,17,5.513526103235675,0.058823529411764705,6.253901159736406,81.47544646995568,13.703331205166844,HR,Junior
1621,32,5.266069325805926,0.5,7.660309759993712,61.82550307986652,6.032961964361451,Finance,Junior
1622,24,3.4024447522204655,0.5,8.358517550275968,63.475267120388125,5.290163919636694,Operations,Junior
1623,32,5.826644851073549,0.0,6.441512486226278,84.56141702904745,24.45899370366239,HR,Junior
1624,12,6.920405012333896,0.4166666666666667,6.707608349291348,72.88243968260545,-4.564322088146703,Finance,Junior
1625,45,2.249473759079563,0.08888888888888889,8.927671138005657,83.49669108860519,36.53372403289525,Finance,Junior
1626,43,4.9887796612882545,0.27906976744186046,8.135666038716812,89.11023920979713,25.272395496127103,IT,Junior
1627,5,6.135862472616141,3.4,8.588816523727166,89.8417853116641,-93.30336788289947,Finance,Junior
1628,7,3.5138715624181227,1.5714285714285714,6.755048882606519,66.02586759125579,-36.76542674944223,Marketing,Junior
1629,17,3.846625431758895,0.35294117647058826,5.936304815936461,77.01999503229713,7.322512848823989,Finance,Junior
1630,32,5.681827417936303,0.4375,6.647453861545807,85.68743532713702,11.848832229554798,Marketing,Junior
1631,29,7.387611760662422,0.06896551724137931,7.864367671326054,87.08932086934186,17.97367513530215,Operations,Junior
1632,37,6.859546521817396,0.40540540540540543,5.437721619343917,87.46365932551072,13.811476659305187,Operations,Junior
1633,42,5.498781314597501,0.0,6.081876422466035,67.98585670332045,27.799608711469087,Marketing,Junior
1634,10,6.381330306543495,1.5,5.1865436018463615,66.73871862033207,-38.41491688902058,IT,Junior
1635,48,4.188934821246792,0.22916666666666666,6.729390953352526,80.65043638957935,29.677217635422288,IT,Junior
1636,49,5.845793168592547,0.3673469387755102,8.309782943918453,85.93800292083769,23.875606083717134,Operations,Junior
1637,36,4.797089546765342,0.19444444444444445,5.098654753192044,71.16988304369677,20.406464181875336,Finance,Junior
1638,49,3.1396168187453655,0.22448979591836735,7.701294107228664,63.66468049018475,29.1190085829952,Operations,Junior
1639,25,6.210429643263543,0.56,8.729983498054958,85.08612340185272,2.7963653938434554,Operations,Junior
1640,20,5.3387878240929325,0.05,5.947711446044729,70.48942409830016,13.920309171474168,Marketing,Junior
1641,25,4.151729491721548,0.64,7.774539362910593,65.82269535091027,0.6610800867389575,IT,Junior
1642,15,7.468035140471784,0.4,8.900407604400801,65.1703234938996,-4.902005582163646,Marketing,Junior
1643,41,2.1256047069603996,0.2926829268292683,8.849112240609852,71.02183416343507,25.772669613888166,Operations,Junior
1644,40,3.894638907496976,0.0,5.939716772116573,80.74373230698109,32.35946864640226,HR,Junior
1645,39,2.3412883866658794,0.1282051282051282,5.401324212848275,72.54407835428358,29.38008505137111,Finance,Junior
1646,23,6.599163897329763,0.5217391304347826,5.593130151583663,60.723164805770104,-2.9058687465489843,Operations,Junior
1647,24,6.212644724682756,0.4166666666666667,7.808142673928568,63.391795213723384,2.153069593379165,Marketing,Junior
1648,22,3.9881133124179025,0.4090909090909091,7.903035501813102,70.16761365195167,6.9845688328272555,HR,Junior
1649,45,6.053977413242438,0.3333333333333333,7.6969462465127965,83.08965687514822,21.50997654854477,HR,Junior
1650,18,4.375623357175699,1.0555555555555556,6.344313550968952,63.44802757139868,-16.928307866738326,Operations,Junior
1651,19,6.537522748534606,0.8421052631578947,5.6791077590324885,79.62298987252386,-11.013605417301283,IT,Junior
1652,35,4.725101976420237,0.45714285714285713,7.323044367809013,64.19600547884015,10.674711428641844,HR,Junior
1653,5,4.4736783669899935,0.6,6.934721783031466,67.40653645722836,-10.466049442534315,Finance,Junior
1654,7,7.608379492929806,0.5714285714285714,7.915336588489214,66.0265984644517,-14.954296435826416,Marketing,Junior
1655,20,3.5052745993442014,0.65,6.765440314742486,62.35300224497837,-2.0399487496927264,Marketing,Junior
1656,27,2.7226840399793923,0.7037037037037037,6.354558778745874,83.49654360853066,6.3428295306362354,Marketing,Junior
1657,15,5.507258679556749,0.6,6.173914309436057,76.2191241585112,-4.770692527411256,Operations,Junior
1658,16,7.8159308737050734,0.8125,5.845881280198986,89.08687043140684,-12.589487661128778,Marketing,Junior
1659,14,4.2670352823631195,0.0,6.062985504746646,63.461179399381095,12.558165315149981,Marketing,Junior
1660,36,2.372220581772689,0.2777777777777778,5.379321755376406,65.06565266683253,21.53535603648779,Finance,Junior
1661,20,4.035831603857405,0.85,6.387428043715558,70.72602059726577,-7.426459088261655,IT,Junior
1662,12,5.035589925917351,1.25,5.146279249451833,86.80530954285828,-23.010117943263047,Operations,Junior
1663,42,2.9715380397932822,0.40476190476190477,5.745655388665307,70.70155881044946,21.254378539646183,Operations,Junior
1664,16,5.9486133083389525,0.4375,7.987081778477716,74.29465476245424,-0.5632956641870557,Marketing,Junior
1665,28,7.986496334061203,0.32142857142857145,6.301875954706491,70.55612482040075,5.295375153100601,Finance,Junior
1666,32,4.710436855888663,0.28125,7.672948067909376,62.80785021303605,13.903196330829884,HR,Junior
1667,12,4.128371340381276,0.3333333333333333,7.86753670238911,92.88017680136656,7.519292679510761,Marketing,Junior
1668,32,4.4042250010068,0.28125,7.324741370928454,79.1988647224916,17.79382294248472,Marketing,Junior
1669,40,2.690877070371207,0.425,8.834790965461593,87.57416158649238,23.38307817655606,Operations,Junior
1670,30,7.299641608557343,0.16666666666666666,5.085759466492453,83.04249822648536,15.009216428182388,Operations,Junior
1671,12,4.488953933128112,0.16666666666666666,7.9546106023525684,77.99889976716912,8.8218720871776,Marketing,Junior
1672,32,4.323646468549048,0.21875,8.835146575761632,63.138738983078305,16.617954859517567,Operations,Junior
1673,32,5.958141637582846,0.25,8.449086917411757,82.49567408446066,16.28285154172644,Finance,Junior
1674,41,4.652200525586741,0.0975609756097561,5.671570767220054,65.43796245778913,25.45636217209166,HR,Junior
1675,45,5.889400812847076,0.022222222222222223,6.307281225006928,74.50341092746969,29.45521389313312,HR,Junior
1676,40,2.368677740784725,0.025,5.689807359505862,82.01896002181506,34.91643652279356,HR,Junior
1677,31,6.882340062333364,0.1935483870967742,7.405233455258816,87.37801501652432,16.504471265734907,Marketing,Junior
1678,21,7.6430237172764155,0.7619047619047619,7.848751927917969,83.97658114980169,-8.747874061735349,Marketing,Junior
1679,13,5.892592316956316,0.6923076923076923,6.268295077452233,83.50367351691202,-8.053680699760996,Marketing,Junior
1680,37,7.727395573152864,0.2972972972972973,7.158026295937182,65.21647732113226,10.869585399001805,Finance,Junior
1681,24,2.90859388621978,0.041666666666666664,7.76368228028478,72.11449890250557,21.755712008061554,HR,Junior
1682,17,4.864497136882122,0.5294117647058824,6.685359266444193,61.5019295431068,-3.1109613063193553,Operations,Junior
1683,32,5.610840403672683,0.59375,8.416062121821838,85.18169126117627,7.202157444889886,Operations,Junior
1684,33,5.49041988452712,0.0,8.086199741151269,93.34050934610967,27.487262100167698,IT,Junior
1685,17,4.408770674534259,0.17647058823529413,5.258662175402282,69.24386365626765,9.937113735126188,IT,Junior
1686,39,4.028506456197569,0.3076923076923077,7.484501196363317,63.069384820680824,18.726094820971795,Operations,Junior
1687,10,2.7609441353025126,1.1,5.941302203838998,76.64495268637788,-17.19289773332945,HR,Junior
1688,22,4.35045470337367,0.45454545454545453,7.230073058669101,89.98443780946491,8.859614518782006,Marketing,Junior
1689,9,2.975964890632911,1.0,8.827553770531864,79.3190968345123,-14.688110414363363,Operations,Junior
1690,29,6.406194058953311,0.4827586206896552,8.516248018209001,61.63720025665397,2.432293312734515,Operations,Junior
1691,6,3.2529856129675396,0.6666666666666666,6.618065612460526,94.09952841847812,-4.086065542239453,IT,Junior
1692,14,2.351391831707203,1.1428571428571428,6.166055433377414,89.00274684869103,-12.787948579390488,HR,Junior
1693,34,5.314196826903406,0.11764705882352941,5.937622977633036,64.60579269680285,19.163353120847873,Operations,Junior
1694,49,5.57137839631641,0.02040816326530612,7.13005947902608,92.26292147762281,36.097582604932555,Marketing,Junior
1695,9,7.231478367683033,0.8888888888888888,5.456993813032225,75.7740901011816,-20.57480538179641,Marketing,Junior
1696,37,5.461889674506091,0.13513513513513514,7.197100032512994,73.01642967012295,21.825452530958355,Finance,Junior
1697,5,4.072885122340674,3.4,5.0053345579631685,76.13686656845158,-91.91839693099102,Marketing,Junior
1698,22,6.818071289157923,0.5909090909090909,6.29539852298338,89.21001849048315,-0.3214116074919424,Operations,Junior
1699,36,5.241673359124526,0.5,5.8797372553223255,83.0817887400375,12.733011029758444,Operations,Junior
1700,15,2.4756817077871505,0.8666666666666667,8.884875159843128,62.07369583399046,-9.536624248776207,Marketing,Junior
1701,25,5.39510336187948,0.28,7.9089692782799155,93.51615298906597,14.513023874054236,IT,Junior
1702,30,7.4481112725299745,0.5333333333333333,6.398613521848951,65.17244467174112,0.13826638928827606,HR,Junior
1703,29,4.377875752989324,0.06896551724137931,5.371380346122482,86.09487831073729,23.79425863892743,Operations,Junior
1704,26,3.7779548113988004,0.34615384615384615,7.067202378762496,82.26477856498458,14.112430705583932,Marketing,Junior
1705,31,2.8608167421081205,0.5161290322580645,5.853791525304169,66.56348167812963,10.707191883667749,Marketing,Junior
1706,17,2.9086731316121437,0.5882352941176471,7.145718183593431,65.97562266395674,-0.06928055396235244,Operations,Junior
1707,37,4.596628906050913,0.1891891891891892,8.34144941671557,90.46146577966422,25.423359668155342,Finance,Junior
1708,38,5.574078944969177,0.0,7.463170208405542,74.6893223224859,26.58970657455883,HR,Junior
1709,45,2.4836924310176105,0.26666666666666666,7.535153678180009,82.91017799609484,30.614650737183748,Operations,Junior
1710,39,7.637411534150994,0.07692307692307693,7.164121156251246,77.64248513498356,21.34598165100242,Marketing,Junior
1711,5,6.530801704671175,1.2,8.709062530525637,85.45737309765858,-28.970128789810637,Finance,Junior
1712,25,5.519743509701976,0.52,8.727610737682413,76.77348312637656,3.71520960587136,Operations,Junior
1713,10,6.970632025633945,0.4,7.050892804294209,70.0582970339449,-5.929604644478911,HR,Junior
1714,32,2.4811205408726797,0.3125,6.223037948574017,72.71841798487738,19.40644251523012,Finance,Junior
1715,21,4.8610332663987466,0.7619047619047619,6.838348023517776,90.067719305762,-1.965665528787948,Marketing,Junior
1716,9,5.7805587611699805,0.4444444444444444,5.746231648782462,76.38121425229545,-4.218208005214201,IT,Junior
1717,35,6.971917436709735,0.5428571428571428,7.545377261272357,67.47072662856132,4.26459616657851,HR,Junior
1718,9,6.7008173602956065,0.2222222222222222,7.000369343128932,92.71118858270387,3.8739363292828948,Finance,Junior
1719,42,3.6624154982803976,0.09523809523809523,5.41320191125312,87.8810159774432,32.59422934178499,Operations,Junior
1720,7,7.6452810173552255,2.0,5.790591124478461,61.94831511196697,-58.70089901231705,Operations,Junior
1721,27,2.7460750485852223,0.6666666666666666,6.918527824798107,94.96300366931811,9.700450636693176,Finance,Junior
1722,41,7.250801711726913,0.36585365853658536,8.550355962875432,84.32243437540359,15.98727369552933,Operations,Junior
1723,41,7.8256414976277116,0.17073170731707318,7.26556288252439,65.60933096642054,16.948631978516488,Finance,Junior
1724,14,3.0629211393357534,0.8571428571428571,7.726140000833883,68.30086884545088,-9.779954223867039,HR,Junior
1725,14,6.332396385222712,1.0714285714285714,6.356114198975639,84.23559184345415,-19.560531544611734,Operations,Junior
1726,23,2.241713112667991,0.08695652173913043,7.2856455721769375,87.29163693476927,24.16620550944396,HR,Junior
1727,21,4.43253695083493,0.0,6.78951929055227,68.36625801024321,17.408177700378786,Marketing,Junior
1728,25,5.097699795186044,0.32,7.636519650492643,68.99390988647448,9.00338238692281,Marketing,Junior
1729,18,5.483871355457804,0.4444444444444444,5.2023022643160415,70.74922432052213,0.6487688198554853,Marketing,Junior
1730,13,7.615623489491357,1.2307692307692308,6.973200864955837,80.93064276928229,-28.16819534820318,Marketing,Junior
1731,5,6.033504123765168,0.2,6.183970500575867,66.01356624054469,-1.8642949994213964,Operations,Junior
1732,49,4.887667707315422,0.16326530612244897,6.3047402451116366,63.64851196096721,27.45640779388913,Finance,Junior
1733,17,6.858050217595336,1.0588235294117647,8.843669726232246,83.76024311799297,-18.52875769394502,Operations,Junior
1734,8,7.703196925726454,1.5,5.730779250845531,87.26842789276095,-38.15270827290071,Operations,Junior
1735,5,2.132396892093745,0.8,6.244981010314388,77.53252915457769,-9.758287953271951,HR,Junior
1736,44,7.895127633536232,0.18181818181818182,7.039570302923487,72.7341448593935,19.70202825026078,Finance,Junior
1737,36,2.5167928343820822,0.3333333333333333,8.452107792598495,75.12149497342668,21.590713325921172,IT,Junior
1738,38,6.886320675612568,0.0,6.666680332825482,73.59427418551832,23.746213485878528,IT,Junior
1739,32,3.6820085153084747,0.4375,7.975461123552684,93.59947178831862,17.430877327046776,Finance,Junior
1740,35,2.7930779465232307,0.08571428571428572,8.425496392859209,86.8831466826699,30.219044872058944,IT,Junior
1741,12,4.639133838283009,0.25,6.240065423287396,67.28305251975387,3.8783428273847544,Finance,Junior
1742,43,5.863739476685681,0.4418604651162791,6.57100073415484,73.4466203218893,15.506031157518127,HR,Junior
1743,30,4.2857110701408505,0.3,6.426224894753425,79.04043019770884,16.23666389926007,HR,Junior
1744,38,2.3273924496961937,0.13157894736842105,8.331423234471684,81.45450517222909,30.4887477140008,Operations,Junior
1745,7,5.5967668379523,1.5714285714285714,5.177387447814405,76.38643636100684,-38.85910354656037,IT,Junior
1746,16,7.414419656664048,1.1875,6.23368435531472,88.35443222541858,-23.182952868244378,Finance,Junior
1747,5,4.29929219568351,3.0,7.717634230380519,86.86621068103811,-78.22534225515939,HR,Junior
1748,48,3.297996665784962,0.041666666666666664,7.26177399826137,77.68052715198584,36.49011209882724,Operations,Junior
1749,9,4.655464075596893,1.4444444444444444,6.745157437174777,89.90502853736056,-29.263255777055008,IT,Junior
1750,34,2.2901762662926854,0.0,7.159792908885537,86.2881335654835,33.07727418051133,IT,Junior
1751,34,6.922925506881649,0.2647058823529412,5.790338343313273,87.25036470522252,16.063045456692972,IT,Junior
1752,21,6.958044865701121,0.6666666666666666,6.722866486432041,93.47402728016958,-2.6212842753683283,HR,Junior
1753,27,5.52800278057777,0.2222222222222222,7.006811936705397,69.3263429423221,12.342596360642213,HR,Junior
1754,19,4.118617333630337,0.15789473684210525,8.604756487818406,69.36768568283972,12.299460364044114,IT,Junior
1755,41,6.7987001866747,0.3170731707317073,6.043340651215905,91.1133289491724,19.713070294533857,HR,Junior
1756,25,5.328122148730203,0.6,8.47131400865973,87.02792306849878,3.7493403162393495,IT,Junior
1757,18,6.955593851300097,0.7222222222222222,7.576965603303927,92.42909395024697,-6.292035579217469,Marketing,Junior
1758,6,5.788752755498123,0.3333333333333333,5.081363324270404,62.20955561135586,-5.535594388725073,HR,Junior
1759,15,6.706432839276784,1.0666666666666667,7.898525347597575,81.97149770415588,-20.018566137722388,Finance,Junior
1760,43,5.59137795930656,0.3023255813953488,5.14220751019622,65.06199183432066,18.55987500639055,HR,Junior
1761,42,4.484846409293997,0.40476190476190477,8.989524507255252,77.63640194024039,19.61473042660294,IT,Junior
1762,38,7.747675159556826,0.05263157894736842,8.490546750764791,65.45114261487055,18.81593083543941,Finance,Junior
1763,42,5.246682949273069,0.42857142857142855,6.189374990160182,64.48274781447077,14.74604080720516,Operations,Junior
1764,38,5.63053711124323,0.05263157894736842,6.029644920786822,60.42589208837116,22.04515682676672,Finance,Junior
1765,22,3.3229258364884955,0.5,6.525764328422436,82.05835843340165,7.96582001370334,Finance,Junior
1766,34,5.753904736563658,0.11764705882352941,6.424667861257772,72.565791584153,19.8759370789974,HR,Junior
1767,19,5.429645896897663,0.47368421052631576,6.489351273541525,63.68158997076401,-0.9335001154319951,Finance,Junior
1768,31,3.1090303876821497,0.25806451612903225,6.273106184477921,71.29932222059584,18.8998681848839,Finance,Junior
1769,38,2.357522584118862,0.0,7.484533627393326,65.91304320080548,31.26756347192337,IT,Junior
1770,42,5.626155918288626,0.2857142857142857,5.657054654882495,92.95931910255808,23.96812341250579,HR,Junior
1771,37,6.582153616101923,0.05405405405405406,8.383925169784053,71.20017100164719,21.65410534650397,IT,Junior
1772,28,5.140408225532049,0.6428571428571429,8.24960993612526,71.68837331512864,1.5711439262473448,HR,Junior
1773,19,3.360635751917874,0.5263157894736842,6.905932831421081,89.39503011898549,6.7682608357508265,Operations,Junior
1774,34,5.99913186015821,0.4411764705882353,8.410919861114191,82.67145164501015,11.70073249103855,Finance,Junior
1775,46,2.4806343596576133,0.10869565217391304,5.988580280121173,84.85600625910504,36.34906296728839,HR,Junior
1776,21,4.651002228811728,0.09523809523809523,5.070261822815867,82.26006313961362,16.892865313156413,Finance,Junior
1777,9,2.980200550390521,2.0,7.476831700119292,93.11686993819978,-41.937027113141085,Finance,Junior
1778,33,3.1067543063593,0.15151515151515152,6.8316376278588615,67.24502910453158,22.49004266273317,Marketing,Junior
1779,8,3.213763694949222,0.875,7.268658185183483,94.61637346145285,-8.95425269760787,IT,Junior
1780,14,4.320242342263867,0.8571428571428571,8.597357636073612,89.08346621447797,-8.138077155917852,HR,Junior
1781,21,2.3069012337223858,0.5238095238095238,8.879702294263774,80.61404061067198,8.39471994040391,Operations,Junior
1782,14,4.386760645574589,0.6428571428571429,7.537812559022412,83.18300685386872,-3.022634206089723,Marketing,Junior
1783,21,5.070244682688205,0.09523809523809523,8.056222359409754,82.7089056775215,16.144148912985035,IT,Junior
1784,24,4.8997657097979515,0.125,5.335233733948657,62.043867842070384,13.259242148818172,Operations,Junior
1785,28,4.296704602418243,0.0,5.6428623395660225,67.63057744861786,21.732706284887087,Operations,Junior
1786,9,7.034879648424515,1.3333333333333333,7.932819219811906,93.65148095836622,-29.939463105175786,Finance,Junior
1787,38,2.8719601545230247,0.07894736842105263,6.725461825552008,78.70275501007828,30.42820964033803,IT,Junior
1788,10,5.034180462688244,1.0,6.783861081617623,73.24237611416692,-19.419885702543105,Marketing,Junior
1789,6,2.3722485017393256,3.0,6.2344307265417465,86.67134621861763,-73.81022775975514,HR,Junior
1790,17,2.4269340732674585,0.5882352941176471,7.429425533910975,78.35816299295334,3.3707056285263377,HR,Junior
1791,47,5.443195098062578,0.23404255319148937,5.74066018166481,60.46069700011642,22.384472608153448,Marketing,Junior
1792,47,5.3961105493269255,0.2127659574468085,7.507665117255582,85.76831588502912,28.17846335494772,Finance,Junior
1793,15,7.268201077066742,0.3333333333333333,5.695195428540959,85.62761460185015,1.5891207662365474,Finance,Junior
1794,27,5.347242053960439,0.4074074074074074,5.255304138838854,65.7802049238491,6.43933465462672,Operations,Junior
1795,20,7.758746122429101,0.4,6.3214307547962445,93.48310309484746,3.1791283741112917,IT,Junior
1796,35,2.292169090399579,0.2571428571428571,5.924561368039391,67.83678460393901,22.26873302570293,Operations,Junior
1797,15,2.5880461086844466,0.13333333333333333,8.555966554225328,76.02122785837697,15.028153354306502,HR,Junior
1798,20,2.264395169422288,0.1,5.219813815474506,64.015758644132,17.274361389981827,Marketing,Junior
1799,12,3.11166110200124,1.5833333333333333,5.706454770296491,81.1148811807706,-30.300345967848354,IT,Junior
1800,8,5.247620665650069,1.875,7.194878422332198,73.14078920200244,-47.31708349089965,Marketing,Junior
1801,44,5.873433088564568,0.045454545454545456,6.924268763389895,72.3610711773397,27.76171169470244,IT,Junior
1802,8,2.273510947692013,1.125,5.183408073498806,88.94419070273315,-15.708183754837393,HR,Junior
1803,29,7.6758253390735955,0.3448275862068966,5.029009712060578,60.33465994976674,3.7704537255992587,HR,Junior
1804,7,7.052992259902286,1.0,8.9522717678446,87.92813698123479,-22.320357123557617,IT,Junior
1805,36,3.779674892942559,0.1388888888888889,7.635338801435353,80.00069980118275,25.87412350768476,Finance,Junior
1806,7,2.4631251813588078,2.7142857142857144,6.461624523606227,94.51344797180697,-63.25213219692765,IT,Junior
1807,31,3.019322439314344,0.3225806451612903,6.881728990652965,80.63051272114872,19.010038310762347,HR,Junior
1808,33,2.761666482529836,0.3333333333333333,6.066200481817148,61.938269695178526,16.664320973976036,Marketing,Junior
1809,36,2.739702675793681,0.4166666666666667,6.379495134772839,61.77258642553042,15.97511193351872,Operations,Junior
1810,23,5.111370131994404,0.7391304347826086,7.596177869072855,90.91035452301412,-0.41458240286424086,Marketing,Junior
1811,25,3.4750846549604018,0.48,8.531247195469483,89.44249509288686,11.538329708656573,HR,Junior
1812,9,4.148838299174867,0.2222222222222222,5.7365200923247395,72.10615264537081,4.856887264057763,Marketing,Junior
1813,22,7.937032000305935,0.6363636363636364,8.361446021541274,81.63113694633981,-5.438745702252998,Finance,Junior
1814,32,6.105885493552068,0.40625,5.486226518073076,77.13569749694601,10.227868512285065,Finance,Junior
1815,46,7.693884002282008,0.3695652173913043,5.859968894353565,93.85074192976182,19.895423859649217,IT,Junior
1816,26,2.8553393301986936,0.5,5.1487011521985835,93.2486315306912,13.539047645740855,Marketing,Junior
1817,25,4.292836848995416,0.16,5.563247448371998,94.4343652989271,20.50119936179459,Marketing,Junior
1818,10,5.328390819694126,1.3,8.669212581856202,90.32570732219925,-25.5916401749484,HR,Junior
1819,5,2.460548371332428,1.4,6.837754986473515,91.83430567712854,-25.55423560723915,IT,Junior
1820,9,2.025124661767747,1.5555555555555556,5.310663447113415,67.60475725684978,-31.795964538832205,IT,Junior
1821,45,6.022606002781505,0.3111111111111111,8.838907352155845,89.08523761464211,23.438502184032075,Marketing,Junior
1822,16,5.850917100808612,1.125,8.5159692310346,84.80999896214962,-18.889834409187298,Operations,Junior
1823,30,4.464732859997671,0.6333333333333333,8.018730083472565,93.69752780898246,8.81003984180115,Marketing,Junior
1824,38,4.937864456192196,0.13157894736842105,8.733891167790231,79.99416399549168,24.975735465661316,Marketing,Junior
1825,18,4.492658003552537,1.0,5.880517683343056,62.98085083486947,-15.589145840131184,Marketing,Junior
1826,30,2.144030269069333,0.23333333333333334,8.345477172040345,80.90896119155036,22.893731700171408,Finance,Junior
1827,49,4.012229637304775,0.10204081632653061,7.759964785417225,84.03033248074507,35.12038273174355,IT,Junior
1828,31,3.062493532383739,0.6129032258064516,8.479036998270754,67.71123600493499,7.6301633620259715,Finance,Junior
1829,13,2.5905451346082122,1.0769230769230769,8.18764626297052,73.7939684229455,-14.929988892319628,Operations,Junior
1830,30,7.740322603336098,0.06666666666666667,6.3859802527073,80.9476194918088,16.708878691689563,HR,Junior
1831,26,5.596158350252994,0.34615384615384615,8.097594148069023,73.09370080607769,8.641808076094167,Operations,Junior
1832,34,6.371937705419616,0.4117647058823529,6.049825211939561,73.12317010335323,9.927817433360827,IT,Junior
1833,47,3.8921824595967047,0.3191489361702128,6.314368652112219,64.65803237104791,23.772773469909787,HR,Junior
1834,21,4.358882776964091,0.7619047619047619,5.431622868891905,92.92613530771831,-0.3896813495273719,Operations,Junior
1835,30,3.4215439633803406,0.6,8.740306463921875,86.26730345732838,10.410372764704995,IT,Junior
1836,40,2.5817940257925485,0.25,6.164013453601126,60.04352036031357,23.34511602047762,Operations,Junior
1837,5,3.074189824649503,3.0,7.082489860685808,86.79646494077578,-75.78908666114384,HR,Junior
1838,12,6.785084271778915,0.3333333333333333,6.56533134586477,85.89282474302506,0.8083964050471799,HR,Junior
1839,39,6.065274831102655,0.10256410256410256,8.839712482334006,60.34058360544331,20.260643981960275,Operations,Junior
1840,19,5.281573255912861,0.6842105263157895,6.34019668375393,72.93615041648175,-5.102232218003056,Finance,Junior
1841,26,4.850539237200609,0.6538461538461539,8.114183285690757,81.23616916139358,2.530770742492882,Operations,Junior
1842,18,7.534605701936747,0.3888888888888889,8.42166461852472,75.84627281503126,-0.7666235075339092,Operations,Junior
1843,30,2.43640968667201,0.13333333333333333,6.742425989923864,87.22951415521776,26.573083457699532,Operations,Junior
1844,32,3.683604879427496,0.1875,6.512687257811725,74.8910416422052,21.185998569586047,Finance,Junior
1845,27,4.099627121424284,0.5555555555555556,7.990983283730512,65.3852039308843,4.411119876661624,Marketing,Junior
1846,18,6.6945548732767275,0.7222222222222222,8.651583921224937,94.174546849584,-5.420867043303325,HR,Junior
1847,28,7.955087720971828,0.14285714285714285,8.019726932288954,68.47139974716163,10.298390221774387,IT,Junior
1848,6,3.4440230885429184,1.3333333333333333,5.908505462367462,85.11923086894663,-26.264200003296505,HR,Junior
1849,49,7.245844004822484,0.061224489795918366,8.553230989750821,65.01047090824252,26.073671478125984,HR,Junior
1850,30,6.983736562590748,0.1,6.550326669747332,71.51544148243764,15.335615171306033,Marketing,Junior
1851,18,3.3479443858505995,0.8333333333333334,7.304917647111737,75.47096629506483,-5.8016955126882355,HR,Junior
1852,11,4.395995481195335,1.4545454545454546,8.325742477170845,66.72812015844724,-32.48273056706486,HR,Junior
1853,7,4.458037215755114,2.0,5.753579069601969,75.74858517290133,-49.56635739692996,Finance,Junior
1854,27,7.86932401115935,0.1111111111111111,8.138040542710213,65.50069880471125,10.228158405290218,Finance,Junior
1855,47,3.08535140827339,0.10638297872340426,7.38465119164271,79.56522886450615,34.75085359465233,Finance,Junior
1856,49,6.794947826628692,0.30612244897959184,8.573366567310433,83.22996383820679,23.272423644996216,Finance,Junior
1857,22,4.00515628503866,0.13636363636363635,5.687881607374171,62.185199940980375,13.535818327209666,Finance,Junior
1858,42,6.385222074656962,0.11904761904761904,6.682728948163714,90.48962423787589,26.95605212683268,IT,Junior
1859,39,4.520066025773977,0.10256410256410256,8.33137237146735,66.47993097647124,24.578931066823216,Marketing,Junior
1860,19,5.47015857869924,0.7894736842105263,5.076926813827041,67.88768488621133,-9.646990706472003,Operations,Junior
1861,29,6.995670639956787,0.5172413793103449,5.448805467062572,83.1472444029072,4.520866221357522,Finance,Junior
1862,41,6.824993389903305,0.21951219512195122,8.962260851026938,76.40628711520449,19.64590478957575,Marketing,Junior
1863,32,7.198539101238201,0.25,6.121576714361402,77.4788459709873,12.798690991721056,Operations,Junior
1864,14,2.357703952067954,0.21428571428571427,8.902172774895813,64.48542445970965,10.153105559234593,HR,Junior
1865,43,6.152303318238469,0.3023255813953488,5.730126204034695,88.20075376567429,22.065776674797455,HR,Junior
1866,21,2.8399242603305774,0.14285714285714285,6.444377772029343,81.59689861364735,18.95381691635403,Marketing,Junior
1867,43,4.494911408110466,0.2558139534883721,8.011477778014282,64.73837151583096,22.083432882294098,IT,Junior
1868,26,5.291530490328131,0.34615384615384615,7.631113628952714,73.08997784589586,9.250319203907525,IT,Junior
1869,30,4.416436908480985,0.1,7.324489599716222,88.36434764572606,23.839995712183246,Marketing,Junior
1870,48,5.117670054818045,0.3541666666666667,7.11959670322003,79.89242660953173,23.918145212270254,IT,Junior
1871,29,7.979157852791715,0.41379310344827586,8.373761774658961,63.802707269652565,1.7884326448988066,IT,Junior
1872,21,2.8113038822771284,0.5714285714285714,5.939794251333571,73.04719660262504,4.443974413113608,HR,Junior
1873,17,6.052736272018553,0.7647058823529411,6.769883707974074,68.4943039459507,-11.147788225435196,IT,Junior
1874,24,4.376005798313692,0.7083333333333334,5.621809168625829,78.11129437788043,0.02024727894870182,IT,Junior
1875,29,2.798058793443973,0.0,7.3837663829228175,89.51763951051963,29.70741031521598,Marketing,Junior
1876,8,2.952420580245857,1.875,6.002177697085281,75.2693497181547,-42.30097121686077,IT,Junior
1877,14,7.695638637473701,1.0,6.335368257373544,75.1669710628913,-21.957883062369145,Finance,Junior
1878,7,7.277608980270572,0.5714285714285714,6.885002866494112,91.68728158144629,-9.160618787109026,Finance,Junior
1879,45,7.442251762490131,0.1111111111111111,5.107082342812511,80.16648943775454,24.815461029237312,Marketing,Junior
1880,49,7.949196654964319,0.10204081632653061,5.367751743683351,79.81668805890924,26.40371981205729,Finance,Junior
1881,22,3.2498923400511077,0.09090909090909091,7.743716882832878,69.16684621563863,17.806311835752783,HR,Junior
1882,40,4.132636024184371,0.375,6.7158799228700286,81.27029617429942,20.738787186491145,Marketing,Junior
1883,26,6.0153141795492004,0.4230769230769231,8.459160887999582,80.15686635960887,6.908437220515683,IT,Junior
1884,38,4.902815239163884,0.07894736842105263,7.778688014576797,73.88980146196523,25.4039087614337,Finance,Junior
1885,12,4.510337200270001,0.0,5.03240376658929,94.67434480647131,17.11419456075426,HR,Junior
1886,44,4.1468674960135585,0.06818181818181818,7.466849323068539,90.86618377318304,34.23404721715494,Marketing,Junior
1887,48,5.562683791660714,0.0,5.374899464238865,86.23552015268854,34.921736447216276,Marketing,Junior
1888,23,5.453560571840492,0.30434782608695654,8.123732719161977,78.80709559445502,9.523863192601326,IT,Junior
1889,46,2.9687470043854405,0.08695652173913043,8.966030753114008,76.17209306631206,34.28822895231762,Operations,Junior
1890,45,4.830439025110635,0.022222222222222223,7.124795176966046,66.47140883281197,29.96673704967446,Finance,Junior
1891,41,5.3208306572590995,0.2682926829268293,7.7311180007765214,70.70081159051183,20.049720515779285,HR,Junior
1892,10,5.421721632388342,1.6,5.949256643579006,87.08862799381235,-35.42571766601421,Marketing,Junior
1893,30,3.260643157474111,0.2,6.750390975015174,75.8812133878143,20.65495636261464,Finance,Junior
1894,38,6.453628353513721,0.2631578947368421,8.424381328945534,90.87943307993254,20.173893066853807,HR,Junior
1895,49,2.151194568926418,0.061224489795918366,5.669691790985005,65.1768897720935,36.29625412268831,HR,Junior
1896,10,4.128991133258976,0.4,6.062142422455048,77.79214836047728,1.3004474055775042,Marketing,Junior
1897,41,6.681275891213801,0.12195121951219512,6.781734701144121,82.6437989407458,24.1076714203557,Finance,Junior
1898,37,5.383357526332414,0.2702702702702703,7.848995567376056,78.08969597077741,18.943116033382545,HR,Junior
1899,26,3.5669745950651617,0.0,6.503535819182695,91.12294120547455,26.690639050964585,Marketing,Junior
1900,25,6.169718716058286,0.36,8.710929119132015,94.63471486401988,10.787505540687407,Finance,Junior
1901,10,5.40434566493644,1.9,5.377828205074877,64.05421304194795,-48.99784872148329,Finance,Junior
1902,10,6.777461656738323,1.0,6.48321679017939,64.54842164269223,-24.645238984938203,Marketing,Junior
1903,8,6.41015111713894,2.0,7.835816493713688,64.56134397460424,-55.10803343935703,Finance,Junior
1904,34,5.660647532217408,0.20588235294117646,5.90394706264597,83.84119836246846,19.67047401982358,Operations,Junior
1905,15,4.929066051864885,0.8,7.625652536918691,73.04366334235432,-10.249399435258905,HR,Junior
1906,34,2.7990927540051405,0.5588235294117647,5.656867832909384,85.6660131443067,15.170311238498115,HR,Junior
1907,35,3.5679981073123024,0.4857142857142857,5.2239211394467455,74.19150155104425,14.130875524155675,Finance,Junior
1908,28,4.514596837502512,0.5357142857142857,5.484062866994595,81.96623524662223,8.092624802890855,Marketing,Junior
1909,13,5.595795722038332,0.07692307692307693,8.719939132536538,86.94503019876127,11.689722287983285,IT,Junior
1910,7,5.082247131291829,0.5714285714285714,7.207003531758206,79.18755687292222,-7.269840030856358,Finance,Junior
1911,35,3.729107155757177,0.4857142857142857,8.185383101918596,78.88262566575021,14.746882250207118,IT,Junior
1912,44,2.0387861467382633,0.045454545454545456,6.330618003620205,63.088201384997205,33.57643161988655,Finance,Junior
1913,41,4.977435331404884,0.3902439024390244,7.370634591541787,74.37736100183022,17.813284464385546,IT,Junior
1914,40,3.7137559313734583,0.375,6.979808534819966,79.10220036287282,21.142928209827648,Finance,Junior
1915,28,6.40764980426321,0.17857142857142858,8.782951837609176,76.16932889832435,13.861423313995594,Marketing,Junior
1916,35,2.143677591622901,0.5142857142857142,7.990298544216442,91.5273700065949,19.589547389501753,IT,Junior
1917,10,5.508966867834745,0.6,7.922170525986316,91.72857212418214,-4.672219310833064,Operations,Junior
1918,6,7.648845425036392,2.8333333333333335,5.185413077737119,88.76710832060667,-78.94426918595146,Marketing,Junior
1919,24,3.0464556026689973,0.5416666666666666,7.198678676014764,73.1354326380592,6.684175322273845,Finance,Junior
1920,32,4.829896944503572,0.15625,6.86796581560726,85.1054703090637,21.8738001728056,IT,Junior
1921,15,2.548531950902829,0.4666666666666667,8.711369066424778,73.83509613743634,4.6699553256816095,HR,Junior
1922,8,5.754091473568115,1.75,6.029367952758129,68.14077596415157,-45.580027754305924,Marketing,Junior
1923,19,5.303190083577354,0.7368421052631579,6.079333813164377,72.00159252428085,-6.911324820193274,IT,Junior
1924,10,4.444193145276994,1.4,6.645384995526001,62.48376216499374,-32.39163385755524,Marketing,Junior
1925,34,5.128262128842447,0.4411764705882353,5.973478853625505,71.61221281516265,11.230624187700577,IT,Junior
1926,42,7.379447950814061,0.0,5.516735671234998,76.12597760414101,25.666299619200082,HR,Junior
1927,6,3.1777658138664022,1.6666666666666667,8.429659386603204,93.44183131732905,-34.06716536426699,Operations,Junior
1928,19,2.1353870702320834,0.21052631578947367,7.233106097615663,70.96937051768687,15.007310489388999,HR,Junior
1929,15,7.169989308194606,0.26666666666666666,8.445450875826268,91.58587387219322,4.977196158049432,Finance,Junior
1930,12,5.462702494327439,0.4166666666666667,8.324539061614784,68.01003965382239,-2.6233970578904007,Marketing,Junior
1931,30,7.343950732771054,0.03333333333333333,6.128169419158684,66.68391142157373,15.648880818772637,Operations,Junior
1932,49,5.581671340479035,0.10204081632653061,7.190949777297096,78.16484097512577,30.808401024271163,Marketing,Junior
1933,48,6.8609665397582145,0.2708333333333333,5.332870810960282,83.53789792540921,23.66064650556541,IT,Junior
1934,9,4.578040180130888,1.1111111111111112,8.661007536123034,61.55162877807985,-24.779087937979142,Finance,Junior
1935,10,6.499159587729613,0.3,6.617050860260612,67.73730527665259,-2.450858120128707,Finance,Junior
1936,30,7.478248801339136,0.26666666666666666,6.574704735556086,75.94892832754607,10.233288062830942,Marketing,Junior
1937,8,5.432737782333238,0.25,6.211021482471812,71.58515175941135,0.7515547872157953,Finance,Junior
1938,23,3.084710903374277,0.6521739130434783,6.842654978842815,84.94173777719126,5.05370835738535,Marketing,Junior
1939,24,3.6127856901811892,0.4166666666666667,6.007037546181792,77.89062086144608,10.252552791926837,IT,Junior
1940,37,3.191867461384435,0.08108108108108109,6.499409091187218,65.6125686961365,26.506346384026,IT,Junior
1941,24,3.4811421655743975,0.0,8.199788194339527,91.30628827602817,25.69897332405684,Marketing,Junior
1942,16,3.8384926961062185,0.9375,8.337022014340688,70.25169864191759,-12.151645663828917,HR,Junior
1943,5,5.330802720519131,3.6,6.216729910514065,85.58958881375483,-98.5436876782873,HR,Junior
1944,30,5.527949776782997,0.5,6.876057722211152,87.29705226868934,9.403510900171877,IT,Junior
1945,18,4.558998483451167,0.5555555555555556,8.49527910512021,93.71051950896359,3.7574402682237142,Operations,Junior
1946,42,5.692524678925013,0.16666666666666666,5.210693327318788,77.44776132834355,24.304502907818684,HR,Junior
1947,41,2.4894495536681953,0.0,8.55657984798314,81.55424304125512,35.93194950091463,Marketing,Junior
1948,15,2.52672942234896,0.5333333333333333,5.876737382609327,71.72067027178367,2.2906752096588168,IT,Junior
1949,40,3.0309767621459507,0.275,7.714156976857503,83.73627526942232,26.435301529592564,Finance,Junior
1950,17,5.108464988242068,0.4117647058823529,7.330206785538401,76.21842200532119,2.8738132481095136,Finance,Junior
1951,47,3.2839680721898814,0.3404255319148936,7.211762992757008,75.31783276535478,26.48286445124438,HR,Junior
1952,7,3.699706420955464,1.2857142857142858,8.437440899011285,89.94136351906369,-23.782568709526767,Operations,Junior
1953,37,4.401877017037965,0.16216216216216217,5.406288574578645,61.755909522454104,20.882563005550026,HR,Junior
1954,10,6.871196744062279,1.8,6.388112101302545,90.8686849741154,-43.568656493301475,Operations,Junior
1955,14,2.0831728154771607,0.35714285714285715,7.153010985379062,89.82244432399949,11.483857519559864,HR,Junior
1956,9,5.896272921419735,2.0,8.24515541578416,77.72281887466262,-50.84798206790694,Finance,Junior
1957,27,6.013259186244112,0.6296296296296297,5.865772333646686,77.15709989719699,0.7160127180622826,Operations,Junior
1958,14,6.79193468213982,1.0,8.211719365497105,72.66325788124216,-20.65121778803121,Finance,Junior
1959,48,7.596517634361879,0.020833333333333332,6.598553929975743,94.7960827088607,31.94118127304838,Marketing,Junior
1960,6,2.120827093695739,2.1666666666666665,5.755655425734782,63.89092664638444,-52.863468858114594,Marketing,Junior
1961,17,2.9227022330792973,0.5294117647058824,8.035945761773931,80.65753324700125,4.603749242065184,IT,Junior
1962,44,7.3170277643359585,0.3409090909090909,5.363595605898191,83.8588556539346,18.310442874842273,Finance,Junior
1963,6,4.751111373122092,1.0,7.059069496301772,92.70155028759305,-17.361912688725575,Finance,Junior
1964,24,5.387543833600781,0.2916666666666667,5.255503135447554,87.30712238998666,12.33633681079577,IT,Junior
1965,5,5.9781632223388845,1.8,6.425671420631151,82.53465209840414,-46.44939602499694,Marketing,Junior
1966,41,6.0743996269738245,0.34146341463414637,7.40430719602557,64.0884310884243,15.024984524712819,Marketing,Junior
1967,13,7.590442419899049,0.5384615384615384,7.224462165948852,73.08067308910135,-8.91859637582398,Operations,Junior
1968,21,7.981696504470018,0.5714285714285714,6.618621671618666,64.85945748917948,-7.534358653961283,Operations,Junior
1969,13,6.320944765585642,0.8461538461538461,6.716191975888463,90.84244563629298,-12.05801578852807,Marketing,Junior
1970,15,3.723327255230905,0.4666666666666667,5.907078213403066,86.2367404447275,4.80069357848369,HR,Junior
1971,19,7.278514413766062,0.7368421052631579,6.823530353696412,86.51378753790303,-7.959534477846255,Finance,Junior
1972,28,2.2953254872445696,0.39285714285714285,8.813019422883336,82.82897812207405,16.989430364211387,Operations,Junior
1973,42,3.386485117246977,0.23809523809523808,8.401811671135162,77.74652379278484,26.833477381205874,HR,Junior
1974,39,7.384314304782289,0.46153846153846156,5.580931476305375,65.2489870812224,7.835014960526054,Operations,Junior
1975,34,3.5371490866361297,0.38235294117647056,5.119123149283684,71.53932103467682,16.162977798368985,IT,Junior
1976,35,3.3239063577304906,0.4857142857142857,8.734097250866522,64.79205273669118,12.739169260448683,Finance,Junior
1977,9,2.8287517588414834,1.3333333333333333,7.1069989995229905,85.37195999983201,-23.183111517716565,Operations,Junior
1978,48,7.154670545881499,0.0625,7.151351292597231,65.60800716077017,25.737260340391032,Marketing,Junior
1979,18,5.000349555146521,0.8888888888888888,8.122871982826089,84.573974256009,-8.952570925757907,IT,Junior
1980,15,6.049359218324929,1.2,6.258755895485306,84.22893863585666,-22.252930709478527,IT,Junior
1981,13,3.434398304450178,0.6153846153846154,6.927630275344009,76.07565676469511,-2.3152037174997933,Marketing,Junior
1982,38,6.548242526067299,0.15789473684210525,8.87465165258695,64.73300289413183,17.913273421428613,IT,Junior
1983,16,6.560033269772591,0.0,7.688594747729629,71.01802891469129,10.683539243393076,Finance,Junior
1984,39,3.8755881494498006,0.15384615384615385,5.614980127983143,71.2032588176443,25.27409084924464,Operations,Junior
1985,39,4.464095798061697,0.15384615384615385,5.532906991937413,84.51347966001526,26.75911972049504,IT,Junior
1986,5,3.2581416645812054,3.8,5.817059033332022,63.981005679480354,-104.72008219326634,Finance,Junior
1987,44,7.859366139937426,0.13636363636363635,8.06684669768287,89.01740261756318,24.393839152728695,Marketing,Junior
1988,26,5.87361546235047,0.2692307692307692,6.181508015362464,86.63525515650699,13.102897029677381,Operations,Junior
1989,33,7.607263284293094,0.45454545454545453,5.085555386700319,66.52074213609959,4.2532582222700945,Marketing,Junior
1990,12,3.820313261774799,0.16666666666666666,8.776697454022647,85.17075336226114,11.59352414890263,Operations,Junior
1991,15,6.691345477981338,0.8,5.678853665579643,83.39796135137377,-11.703098685687923,IT,Junior
1992,45,6.595151863308452,0.2,5.038232744592275,86.18422800388242,25.046541874159583,IT,Junior
1993,41,6.149933911199249,0.4146341463414634,5.948526409533292,66.61249944070431,13.183607675498461,Operations,Junior
1994,18,7.7938338516008026,0.3333333333333333,5.940115148472534,65.5156612754764,-1.684535448106324,Finance,Junior
1995,34,4.361332016637894,0.11764705882352941,6.688021003382892,68.27693950729639,21.803312103477605,Finance,Junior
1996,39,2.7843039415385435,0.15384615384615385,8.681559326000148,72.80550961021414,27.777109423581123,Finance,Junior
1997,25,6.030253155464365,0.64,8.516739671116392,87.77827433625305,1.2951485563218803,HR,Junior
1998,41,6.375858802863237,0.07317073170731707,6.827578219929712,85.82733781175975,26.818628005405962,Finance,Junior
1999,9,5.450363440752888,1.6666666666666667,6.643599619967226,92.39080572974865,-37.02256573555604,IT,Junior
2000,23,3.240907358800378,0.782608695652174,7.2200363458994055,62.05203456845154,-3.749668673475668,HR,Junior
2001,18,5.026735650016132,0.5,5.9738160478870626,60.4044698354965,-2.172577332932965,Finance,Junior
2002,30,3.8731384194147767,0.06666666666666667,5.208739967865451,84.46985903952796,25.147694969076042,IT,Junior
2003,8,4.564799169000135,0.25,8.756896544684826,69.7750623527958,2.125414132558891,HR,Junior
2004,29,5.871311455067984,0.5517241379310345,5.746795939508691,71.69276134368361,3.444205220669719,IT,Junior
2005,49,6.4712884561450075,0.1836734693877551,5.793602916982866,79.13807090700793,26.774833187478915,Operations,Junior
2006,46,3.3933481454080585,0.34782608695652173,6.88984131541579,63.584459309437946,23.095412962375818,IT,Junior
2007,29,4.43195216388172,0.5517241379310345,6.966453379361322,82.49430457918174,8.483232450141873,HR,Junior
2008,22,3.6149694259497753,0.13636363636363635,5.073736838802968,71.38016061809026,16.15518418080941,Finance,Junior
2009,44,3.1917896831712147,0.11363636363636363,5.591818955095883,82.14502935053471,33.0363355946736,HR,Junior
2010,12,6.7003233199750305,0.9166666666666666,6.512619274242967,89.1902419575685,-15.862598248436363,Finance,Junior
2011,43,7.455516166621955,0.4418604651162791,7.734922774042156,65.98889666681004,10.830933046629726,Finance,Junior
2012,44,4.22139311410746,0.36363636363636365,5.913673827327743,92.58055825200822,25.564234513095812,Marketing,Junior
2013,18,6.507673546242601,0.8888888888888888,6.692057784967051,78.57408493718553,-13.16719677171476,Operations,Junior
2014,36,7.3819717361864665,0.25,7.229380258865867,92.30247178108888,17.79655088384484,Marketing,Junior
2015,42,7.076745263181389,0.14285714285714285,8.554369978493169,67.27055287706223,20.21490576333538,HR,Junior
2016,37,3.096880331235355,0.40540540540540543,6.304282009308493,81.15969326114832,20.07601582759679,Marketing,Junior
2017,27,7.737751289080168,0.4444444444444444,5.534233063453934,74.13604910632617,2.2183739097715662,Finance,Junior
2018,19,4.260058642576775,0.10526315789473684,6.957088903590433,87.09777669046046,17.14154331609644,HR,Junior
2019,37,4.035443967043018,0.02702702702702703,7.986886406736248,81.20681301246537,29.559663857596227,Marketing,Junior
2020,29,2.374587963666682,0.5172413793103449,5.439439028210934,77.30804099354114,12.595190892064519,IT,Junior
2021,21,4.917041924629298,0.23809523809523808,6.698733966787842,91.9544892250853,14.013956852901323,Operations,Junior
2022,37,2.6540816938455722,0.13513513513513514,5.071140565049934,73.1990972460088,27.47760200745656,IT,Junior
2023,6,3.4912389255645557,2.0,5.1342367265890045,67.69930717143635,-49.84261641684184,HR,Junior
2024,18,3.9016557306036885,0.3333333333333333,6.931813452866662,81.2835415398232,9.253396846757262,Marketing,Junior
2025,44,6.8529579409501045,0.09090909090909091,6.192789192603717,81.84099530104848,26.33501045103676,Finance,Junior
2026,44,7.252931902375379,0.13636363636363635,8.380429196021648,75.36831175501564,22.87688945534328,Marketing,Junior
2027,43,3.814797904768818,0.023255813953488372,7.408617224505817,77.03135152912839,32.879000077683386,HR,Junior
2028,10,7.152188727467443,1.6,6.815731846971961,93.5843695004965,-37.587503554835585,HR,Junior
2029,10,7.143385624218746,1.2,6.631741484217185,85.64399919888805,-27.15797140865988,HR,Junior
2030,7,6.587905702309241,2.142857142857143,6.988981920758253,63.871061301890194,-60.487313429954725,HR,Junior
2031,11,2.8801706840910892,1.7272727272727273,5.161755324850645,67.42455248047139,-37.49361269026972,Marketing,Junior
2032,12,6.1419370814043734,0.08333333333333333,8.57117342568264,94.14518220524457,11.245162278240166,IT,Junior
2033,46,7.670144387483413,0.08695652173913043,8.993212622935832,85.42629438277359,26.736274449413976,Finance,Junior
2034,19,6.095242872602943,0.8947368421052632,5.725948499434795,92.02657941506286,-9.227275125351206,Finance,Junior
2035,33,3.9897010946470037,0.18181818181818182,5.481531859098479,70.63515123960528,20.493082604081593,Operations,Junior
2036,37,5.003475904584988,0.2702702702702703,5.5743098537943805,85.96534010303073,21.27800810332806,HR,Junior
2037,34,5.874350260106322,0.29411764705882354,7.6441082329374686,84.9900947983229,16.82578902768723,HR,Junior
2038,43,5.063422452371022,0.37209302325581395,7.645763353803099,70.31414949037813,18.573194295659164,HR,Junior
2039,31,2.719717650385819,0.4838709677419355,8.391696649113644,79.27857139077469,14.500149945125234,IT,Junior
2040,40,3.872384267912124,0.3,8.007305553705013,81.95952889446033,23.647137243067817,HR,Junior
2041,33,6.814376183321795,0.12121212121212122,6.7987586934773585,76.83961337896127,17.90280667278503,Operations,Junior
2042,42,7.168508276573105,0.4523809523809524,7.451421446261275,88.95125473303045,15.081805822031308,Operations,Junior
2043,37,2.8238001962934214,0.40540540540540543,7.753138681472032,89.15041646292963,22.220320737836918,IT,Junior
2044,41,7.714320514392348,0.36585365853658536,7.050945881140901,89.77101919055448,16.149953053228636,HR,Junior
2045,31,3.972935707091656,0.4838709677419355,6.902603937806546,88.1198249184357,13.761964537245763,Marketing,Junior
2046,37,5.97388243238432,0.35135135135135137,7.580389782570613,77.08292170190006,15.128278935070831,Marketing,Junior
2047,8,6.510950875740087,0.625,7.229898195902615,73.35034043521526,-12.301833664437122,Finance,Junior
2048,26,6.871677407827301,0.038461538461538464,7.575769221343641,89.09816993000297,18.52243301649984,IT,Junior
2049,6,7.674498213355581,2.1666666666666665,7.451419095853455,77.15705104946935,-61.31758621681729,Marketing,Junior
2050,14,3.8775172881729354,1.0714285714285714,7.876786242054619,68.62299895197937,-17.773291928807136,Finance,Junior
2051,9,7.151038727309327,2.111111111111111,7.571214035131504,77.75702363127758,-56.68400606169648,Operations,Junior
2052,14,2.7901214206172424,0.8571428571428571,7.078969945749069,64.96474376717347,-9.9015798020855,Finance,Junior
2053,37,6.230245438121557,0.3783783783783784,7.7271872451375465,84.20703217095796,15.229564206597127,HR,Junior
2054,42,6.451866377083915,0.2619047619047619,6.797927860741712,71.75724485683672,18.790573360056655,HR,Junior
2055,17,6.066339447207922,0.47058823529411764,5.966684903890404,69.1230579456609,-2.2257143641071906,Operations,Junior
2056,35,3.513888416810918,0.4857142857142857,5.005672880535662,93.47780611821608,18.096355818592812,IT,Junior
2057,40,7.23825888209122,0.325,7.239856588583373,87.19083485154077,17.211649206125717,HR,Junior
2058,49,3.01315078022237,0.3877551020408163,7.3626209064345645,87.54743259533761,29.250531897398293,HR,Junior
2059,28,2.321808749124985,0.10714285714285714,8.888195859102858,81.83026892477142,25.308150572418604,Finance,Junior
2060,19,6.304789943671473,0.3684210526315789,6.445913336377102,89.3710483678604,5.611998207281765,Finance,Junior
2061,33,4.852854291396402,0.21212121212121213,6.576532971313247,86.57068684071834,21.044792421714504,Finance,Junior
2062,12,7.094588119752056,1.25,5.807198325368761,80.95707964467658,-28.297760310568794,Marketing,Junior
2063,9,4.300382846349554,1.0,5.282137180949288,93.6393540648101,-14.472894879737087,Operations,Junior
2064,33,3.009671531046277,0.48484848484848486,8.091217971446962,66.7058232389548,12.576367040243861,IT,Junior
2065,8,7.018653154819218,0.0,5.9987242573573,93.01829016481628,9.366351723324819,Finance,Junior
2066,16,5.29345778984043,1.0625,7.435619444120151,74.05033566996028,-18.051848445688798,IT,Junior
2067,49,3.1351747543421293,0.1836734693877551,7.7510921421819265,78.49396441905203,33.31823929349349,Finance,Junior
2068,6,6.322303991518675,0.5,6.884946749166591,64.29587618405081,-11.185432746227189,HR,Junior
2069,31,5.066681830937004,0.0,8.505408452108767,78.90376036226269,24.24738841057853,IT,Junior
2070,35,5.625877893441919,0.08571428571428572,6.775179363918915,81.39223631503677,23.455262904694944,Marketing,Junior
2071,40,4.765390029239491,0.075,6.13963449216706,94.91955396329834,31.203130734180686,Finance,Junior
2072,40,6.972253902908038,0.075,8.584062091846489,94.13173438750343,26.63183907168461,Operations,Junior
2073,30,6.977376294098299,0.5333333333333333,8.446257136999826,93.82390521560006,6.810028454923415,HR,Junior
2074,47,6.256332930946318,0.1702127659574468,5.6561597883056525,72.19358210357201,25.01966758009836,Finance,Junior
2075,31,2.632408264378774,0.5806451612903226,5.103844073415684,94.69432745607652,14.854694123748077,IT,Junior
2076,9,7.033123171424413,1.3333333333333333,5.359942225398482,75.94173530582889,-33.47789928168305,Finance,Junior
2077,24,6.026077883197459,0.125,6.146189594215269,89.81426905666652,16.560698044938384,HR,Junior
2078,15,6.182144996025797,0.26666666666666666,8.889039206966842,67.57119891566401,2.149949791081209,Operations,Junior
2079,14,4.17789704242323,0.8571428571428571,7.2340646126433,77.70416128798108,-10.129247541535952,Operations,Junior
2080,44,7.27567733694204,0.3409090909090909,6.493046928117075,93.81042336446619,20.38345727173643,Operations,Junior
2081,42,6.352229601409145,0.09523809523809523,8.554864378450986,93.14609889231997,28.267617718502848,HR,Junior
2082,10,2.675542799175167,0.7,6.812545325913998,83.93072072374994,-3.564941453600344,Finance,Junior
2083,12,4.446668206436976,1.25,6.2609545136040845,87.92350128935709,-21.608636155002536,HR,Junior
2084,27,7.31828217176085,0.0,8.76487811498263,66.17493438108404,14.798422532695108,HR,Junior
2085,30,2.283180210184274,0.16666666666666666,8.398070664770712,85.2580492319455,25.48524942602055,Finance,Junior
2086,47,7.768499717852297,0.2127659574468085,8.374673501677764,81.63177829173803,22.606377499238757,Marketing,Junior
2087,16,6.074975409917377,0.9375,7.049138972200852,63.20431075129361,-18.03408866957603,Operations,Junior
2088,30,5.788255865860259,0.13333333333333333,8.15775359526182,63.96056523063867,15.215601314407216,IT,Junior
2089,17,3.6233555389279486,0.8823529411764706,5.717413437058207,63.795526621294165,-10.758193988891179,IT,Junior
2090,44,3.4927507324350624,0.13636363636363635,7.292891830224974,85.35249271904425,32.39408798802963,Finance,Junior
2091,22,7.652349316931573,0.8181818181818182,8.935383691390182,64.96003228866503,-13.658146721584684,IT,Junior
2092,29,3.7896347254047367,0.0,6.163833722071846,76.37062948900646,25.09485644699182,Marketing,Junior
2093,37,6.653031780313996,0.21621621621621623,8.177409316990701,72.49436320572153,16.906322594029824,HR,Junior
2094,44,4.358730789242475,0.38636363636363635,6.961913628832269,79.26764492695762,21.94515831599748,Operations,Junior
2095,47,2.8355244247082236,0.2553191489361702,5.159222732888349,84.7266770526791,31.814712093034263,IT,Junior
2096,16,2.064291786172154,0.875,8.05207759126267,83.96528880274661,-3.9855258117949823,IT,Junior
2097,48,5.265544022091505,0.041666666666666664,5.674276577568451,78.04319705700318,32.62755136721763,Finance,Junior
2098,40,7.854672911293596,0.225,7.525894268531001,76.2517205763635,16.790998292685508,Finance,Junior
2099,8,4.214817162855227,1.0,5.342656776187892,73.92354582927905,-18.844925159854647,HR,Junior
2100,9,4.143154003958269,1.3333333333333333,8.787469589983859,90.16684819065328,-24.852938369785882,Operations,Junior
2101,41,4.064549707096653,0.36585365853658536,6.166895548721444,71.57981317054258,19.81125346381765,IT,Junior
2102,12,5.123263023829151,0.16666666666666666,5.90585876670958,69.07780374086232,5.769034700514164,HR,Junior
2103,46,4.643989300545761,0.30434782608695654,5.516545616265337,86.0160422779345,26.38479507188668,Operations,Junior
2104,32,7.279487760362087,0.5,8.784008773356192,72.59172115938543,4.159368711152913,HR,Junior
2105,35,5.033124750340942,0.37142857142857144,7.847614969765221,89.6449509915044,17.719883554761854,IT,Junior
2106,13,5.046547029131412,0.46153846153846156,7.966643554872355,71.47610515230006,-1.8440268739566577,Finance,Junior
2107,33,2.8302295683233396,0.5757575757575758,6.997618245520979,84.56806886011059,13.780427362648165,Finance,Junior
2108,18,7.896437245462316,0.8333333333333334,6.898911141081934,61.578815219986765,-17.67711144692728,Finance,Junior
2109,44,3.499837345212978,0.1590909090909091,5.440084971965907,73.4947008038612,29.326538197619012,Marketing,Junior
2110,45,2.440184404757616,0.06666666666666667,7.2393643823359675,72.0130561238643,34.52224241525763,HR,Junior
2111,26,5.978877493851253,0.7307692307692307,5.987665980435162,88.58375587465731,-0.5640807358479663,IT,Junior
2112,15,5.572198220941236,0.9333333333333333,8.908581331201624,93.84693911299085,-11.375008619284298,HR,Junior
2113,27,4.490873923956475,0.14814814814814814,8.186323760060588,76.13084468425365,17.999976644493337,Finance,Junior
2114,5,4.533153403284068,2.4,6.65196824077155,88.86926970038154,-60.29245286649183,HR,Junior
2115,41,6.710383526278587,0.12195121951219512,5.605365034766132,84.48931453350778,24.418559268778527,Operations,Junior
2116,25,3.174275840597894,0.16,8.141326764555135,93.85850956822927,22.623150232450065,HR,Junior
2117,30,6.921519913669338,0.5333333333333333,5.488215068325264,88.38879800199886,5.834719773061098,Marketing,Junior
2118,40,5.892482683370109,0.15,5.757335013988282,62.71173230873057,20.257381095005897,Marketing,Junior
2119,27,4.513818642677146,0.18518518518518517,5.84608207097691,84.96486028337827,18.609779215765805,Finance,Junior
2120,5,4.748171699503212,0.2,7.227562553092378,78.74249003978308,3.2521546089501925,IT,Junior
2121,44,3.5398832431165745,0.22727272727272727,8.148226615961466,60.57526202763145,24.617104101111323,Operations,Junior
2122,19,6.512685996181849,0.3157894736842105,6.257259514898768,68.79595355539053,2.660134508188092,IT,Junior
2123,25,5.077248453831606,0.28,5.338679257101157,92.26143357594125,14.897789807525038,IT,Junior
2124,13,3.925127256499062,0.3076923076923077,6.858153854097677,92.41214804753636,9.201405865739918,Operations,Junior
2125,13,5.576300694565702,1.3076923076923077,7.9924409646397425,87.9597661070222,-24.991417398496193,Marketing,Junior
2126,14,7.974406712307938,1.0714285714285714,5.886655372349553,94.36228611472963,-20.819213344527093,Finance,Junior
2127,30,4.611573677939323,0.43333333333333335,5.8796981921574965,88.22908286184717,13.42266921649079,HR,Junior
2128,45,7.524148404671717,0.24444444444444444,8.788908109386844,60.35714655498358,16.68979916831995,Marketing,Junior
2129,39,4.070101039547397,0.41025641025641024,8.816614908476712,70.07420191055292,16.966945995323485,Finance,Junior
2130,29,2.3283962415499153,0.13793103448275862,8.961862928246305,61.0718463783217,20.819645758081748,Marketing,Junior
2131,30,3.225452638210573,0.43333333333333335,8.230638406299121,63.29377890581458,11.20785050474177,Operations,Junior
2132,15,4.512170859966105,0.3333333333333333,5.752736676671782,67.65942859327717,3.507543998723225,IT,Junior
2133,42,3.3178095715674143,0.3333333333333333,5.847926083197045,77.62454912139329,24.08929068114383,Operations,Junior
2134,6,2.0013622293095334,1.0,6.360900966089568,89.66362012117062,-12.47000043438494,HR,Junior
2135,11,7.490009226485164,1.1818181818181819,6.272530125333963,90.16883646549879,-25.800796614416022,Operations,Junior
2136,22,7.063276467385574,0.7727272727272727,8.826110996312035,81.56706504950537,-7.794958106688252,IT,Junior
2137,31,6.453753388921683,0.0,8.156295931526774,92.48615786731823,24.18972479562028,Marketing,Junior
2138,38,3.006887573876172,0.13157894736842105,7.896035168646216,77.50218143065729,28.339292717326487,Finance,Junior
2139,31,2.722181457259916,0.06451612903225806,5.743852896232527,91.11626154466205,29.443405523444838,HR,Junior
2140,21,2.405628496834299,0.19047619047619047,8.638102237449319,75.89228397162043,17.252914086369774,Marketing,Junior
2141,47,6.3441751326375275,0.23404255319148937,8.311481518024696,69.70287525976588,22.43094819093344,Finance,Junior
2142,48,7.572847764127312,0.20833333333333334,5.654567365311695,92.07445213351497,25.819194898448366,IT,Junior
2143,28,4.583214925478222,0.42857142857142855,8.48468132784389,73.57772764876043,9.491972821652787,Operations,Junior
2144,29,2.714844031976289,0.5172413793103449,6.088990145481885,77.61914380955616,11.976899318648307,Marketing,Junior
2145,11,5.07435692439264,1.5454545454545454,5.323478983328425,71.5101221385737,-35.610325784706895,Finance,Junior
2146,10,4.092991444751781,1.6,7.62728922605684,83.19931601017555,-33.54611968746845,Finance,Junior
2147,28,4.248949546099986,0.5714285714285714,7.615218637537323,94.82609287521124,10.124462339985136,Operations,Junior
2148,37,5.727983744934244,0.2702702702702703,5.379728038262472,60.892974210266935,14.81451924407679,Marketing,Junior
2149,33,6.312308679573214,0.5757575757575758,6.2754072357463295,91.49468021024855,8.20159141017601,Marketing,Junior
2150,47,2.663621593238965,0.19148936170212766,8.971257849022155,60.13741199462429,29.1555583613831,IT,Junior
2151,26,2.2135413848388583,0.5769230769230769,7.7137066680349475,72.74797584011739,8.414820090653457,Marketing,Junior
2152,30,7.965981816114289,0.03333333333333333,7.920300666413317,65.901238220133,14.248284011798022,Operations,Junior
2153,32,3.396370093493311,0.5,5.851669142417222,86.5069623235393,14.708652277721237,Marketing,Junior
2154,25,2.3229831494507547,0.76,5.315128284015657,61.77137942650107,-0.09169041360129526,IT,Junior
2155,11,3.1392519745755196,0.8181818181818182,6.107606758963751,79.37197337545147,-8.349563819515287,Finance,Junior
2156,21,2.2337470780907855,0.5714285714285714,5.995593540772768,70.32241468458594,5.0541316378784735,Marketing,Junior
2157,24,4.35086536770303,0.4583333333333333,5.938176402992212,64.67845871026458,4.883961006646857,Operations,Junior
2158,45,6.814410706707946,0.3111111111111111,5.771017287548158,87.01363742359243,21.44057273796926,Marketing,Junior
2159,24,4.047466698546324,0.25,7.299022762621617,67.60958919893399,12.32698444269415,HR,Junior
2160,26,4.6651004412702,0.46153846153846156,6.312413903367287,67.82863242192286,5.9893717556903265,IT,Junior
2161,32,6.053520641404633,0.34375,8.281380060190122,69.6276874798273,10.705996213156194,Finance,Junior
2162,44,5.053364420419281,0.25,5.735789671389536,80.53683673398096,24.90063850595763,HR,Junior
2163,11,7.168674116127946,0.09090909090909091,6.858508283474178,83.08830760917618,6.153040562306618,Operations,Junior
2164,5,7.1962140502745395,0.8,5.05463134570432,60.616088329547075,-23.269210434639668,Marketing,Junior
2165,36,2.059464172946922,0.027777777777777776,6.926729289820768,68.46543726398266,30.340825773569357,IT,Junior
2166,17,6.668277838899195,1.1176470588235294,5.223352883505898,75.0839794876849,-21.649171544967295,Marketing,Junior
2167,34,4.764401601450043,0.35294117647058826,8.910894047490574,71.61919332564315,14.606800168110896,Marketing,Junior
2168,27,7.933043247821979,0.07407407407407407,8.162368514601651,90.94597304788101,16.300885891710024,Marketing,Junior
2169,23,4.899392455252611,0.43478260869565216,6.9604459065458215,87.56980558102465,8.471697944830144,Marketing,Junior
2170,36,7.921375672329785,0.4166666666666667,5.3463494327174015,81.90615754385897,9.638480164112222,IT,Junior
2171,34,6.52741616723442,0.0,7.369781763161657,71.8314845598964,21.71146457751044,HR,Junior
2172,33,3.4916293076798377,0.5454545454545454,8.03505500280751,84.5235320696156,13.357811434927081,Operations,Junior
2173,49,5.230369875721746,0.20408163265306123,5.762869012018982,89.5273304496028,30.72227735888523,HR,Junior
2174,33,7.9528138368714965,0.24242424242424243,7.272833363149964,80.81906320756454,12.785457695042643,IT,Junior
2175,34,7.145183646511542,0.38235294117647056,8.256843593531471,87.45615134126827,12.130274739936453,Operations,Junior
2176,20,2.5842013627473266,0.4,8.072991110585265,86.21867364899117,12.075332004303581,Finance,Junior
2177,44,6.238231980859976,0.13636363636363635,8.211968071468611,80.01080589061128,25.834788125493212,HR,Junior
2178,23,4.073477515224878,0.6521739130434783,8.517293699478879,70.92641258875288,0.27311009599647207,IT,Junior
2179,22,2.0418935712820887,0.09090909090909091,8.750728408637881,86.10237553004451,23.609415236171998,IT,Junior
2180,5,4.4208858141619976,3.6,6.622084620814144,67.23787282251622,-100.39419706382076,IT,Junior
2181,18,3.4085265303498278,0.16666666666666666,7.2750764100915095,87.28209212650368,16.43936536460108,Operations,Junior
2182,6,6.913215623122829,1.0,8.162638104182443,88.15913422498866,-22.59460440124792,Marketing,Junior
2183,32,4.023983653074593,0.34375,7.788559255783133,88.77507078496306,18.594546850843425,Finance,Junior
2184,34,6.965142163722902,0.5,8.982080913057516,76.55205898424602,6.780127469403398,Operations,Junior
2185,42,2.003587633008772,0.09523809523809523,5.054710604418577,66.73682687196475,31.683047251232548,Operations,Junior
2186,8,3.846914900156715,1.125,6.420532861263163,63.49032600231241,-23.945764599850946,HR,Junior
2187,5,3.446991285846572,2.2,6.12411170508081,86.01764376707735,-52.690453818277675,Finance,Junior
2188,12,3.401404166411666,0.5833333333333334,6.049263400662138,91.01914845854347,1.1010213588853617,IT,Junior
2189,33,2.409119718592776,0.5454545454545454,5.8901191299955435,82.77934255929173,15.173992711036432,Operations,Junior
2190,43,3.12274562246301,0.32558139534883723,7.836495363260916,65.04560211359293,22.79618731732745,Finance,Junior
2191,7,5.33329741931372,0.0,5.339037893101287,92.72137569811508,12.077680300995578,HR,Junior
2192,36,3.748166437026467,0.05555555555555555,7.966435335773353,94.61857050887619,31.360714561055637,Marketing,Junior
2193,14,4.504368693974888,1.2142857142857142,7.773703368065094,75.16825134772228,-22.003658546976748,Finance,Junior
2194,14,4.261201282083131,1.2142857142857142,6.003216530003586,80.818885124582,-20.38719696782129,IT,Junior
2195,23,7.255429549999367,0.043478260869565216,6.011335132660645,87.20299820005802,15.425392713925913,Operations,Junior
2196,38,7.431793994063093,0.10526315789473684,7.515442341378009,85.77364265175157,21.933245805382022,Marketing,Junior
2197,37,4.95774182993516,0.0,8.048684421934711,93.87255171767072,31.059026683663824,HR,Junior
2198,27,3.9809357018936264,0.3333333333333333,8.505942452349462,64.02090818775761,11.042310233764269,IT,Junior
2199,32,2.6408042240141816,0.59375,8.408558255417903,80.3253703149982,12.170965614971275,Marketing,Junior
2200,36,7.7204172762925705,0.25,8.859531976655413,84.21759968855822,15.502685385126501,HR,Junior
2201,11,2.3613616694017847,0.36363636363636365,7.325539581346044,91.15344484656845,9.198874721419209,IT,Junior
2202,33,3.785901665409683,0.5151515151515151,8.634622245361438,90.59383697013527,14.892418608662238,Operations,Junior
2203,12,3.788397207020025,1.1666666666666667,8.234053093041643,94.22999277464515,-16.530795859111016,HR,Junior
2204,5,3.922407716841289,3.8,8.578670497256054,77.92274588781876,-103.26026625611883,Marketing,Junior
2205,7,2.9857210596344554,1.0,5.046506405141466,89.07663033846293,-13.956116051576323,IT,Junior
2206,28,6.6989685855421826,0.5714285714285714,8.863611967463244,74.95485978445647,1.2501776429497884,Finance,Junior
2207,27,2.734987171795935,0.4074074074074074,6.894120651385913,74.78098572496113,13.464000579178133,IT,Junior
2208,12,5.809439954918977,0.9166666666666666,8.192731958299373,68.86719275655007,-18.14544135852794,Marketing,Junior
2209,41,2.7430761602349047,0.0,5.5088164773511235,88.63830504567304,36.841508688664796,Marketing,Junior
2210,7,2.423213825557739,0.42857142857142855,6.583764383255897,94.50352870347305,5.397135232436279,Finance,Junior
2211,37,7.456577022115259,0.1891891891891892,6.085842652083963,68.97196049215403,15.405562378524609,Marketing,Junior
2212,32,3.140772597912234,0.0,6.166635082003748,61.96460558073753,25.311375920323037,IT,Junior
2213,12,6.927500927358226,1.1666666666666667,5.4930224798035265,88.54398530966526,-23.9462047927834,HR,Junior
2214,38,5.267785226642815,0.4473684210526316,8.223055330172027,81.70805183871647,15.184987282878721,IT,Junior
2215,39,2.467139117652618,0.0,5.036969258324312,93.58945801928516,37.183613368551796,Marketing,Junior
2216,36,7.732689148628404,0.2777777777777778,6.2500218279408095,68.82837266769333,11.566962902948521,Finance,Junior
2217,28,3.481767001951355,0.03571428571428571,5.69764217286566,62.48596803004484,21.26223103067769,Finance,Junior
2218,18,7.157872072115639,0.0,7.356155762433362,77.23547913032755,11.931351681834231,Operations,Junior
2219,36,3.0128600347073853,0.3055555555555556,6.017009610458175,62.99131080378016,19.005875424674592,Finance,Junior
2220,47,7.123657292851117,0.3191489361702128,6.035993818112399,69.16265003859476,18.21074733691033,Finance,Junior
2221,20,2.079372877431764,0.45,6.953352575981275,64.4092251286709,7.223099270870652,Marketing,Junior
2222,8,5.070682739416884,2.125,7.610756157363703,67.84462628810276,-55.522440221213216,HR,Junior
2223,41,6.616655476529341,0.34146341463414637,5.4852188182606545,63.715062848748715,13.86579917766667,HR,Junior
2224,25,7.6087731049567005,0.64,5.702045809861985,93.38670997995499,-0.7402042139224037,Marketing,Junior
2225,18,7.455212817238922,0.5,5.98869897837807,69.74969497074075,-5.160486640329696,Finance,Junior
2226,35,6.91774921728587,0.05714285714285714,8.894992856471841,75.5364155097398,20.557498953090505,IT,Junior
2227,22,7.329148097967824,0.6818181818181818,6.588609999771681,91.45141326719778,-3.622558997041544,HR,Junior
2228,11,3.195318115022459,0.45454545454545453,7.3959603625241055,83.70625557865161,3.3142512493217673,Marketing,Junior
2229,14,3.705105774270373,0.14285714285714285,5.966171250863912,81.6313118196621,13.030336529677392,IT,Junior
2230,11,3.733811149526351,0.7272727272727273,6.961838100629952,84.6947116626293,-5.74686178470866,Finance,Junior
2231,37,4.262323586010193,0.2702702702702703,5.296476697543833,89.00877899868837,23.36900051960918,Marketing,Junior
2232,27,4.359924022311132,0.4444444444444444,5.138968583689308,90.71842437481163,12.290503497006732,HR,Junior
2233,25,5.267331947928053,0.68,6.87493410728584,82.49238847327592,0.5638137987990781,IT,Junior
2234,23,2.9592785801986485,0.13043478260869565,6.594637150073648,91.15025461429202,22.19845028420024,IT,Junior
2235,23,6.147479982715936,0.30434782608695654,5.547521278767311,78.73891345989169,8.12238794393777,HR,Junior
2236,40,3.005399235827039,0.3,7.750405715682935,69.70517996939482,22.930237522224886,IT,Junior
2237,33,3.8618508926272854,0.2727272727272727,8.971613963597058,90.80268481093455,22.05501699511416,HR,Junior
2238,22,5.020070783636925,0.045454545454545456,6.58258728478685,78.95154895945805,17.586531860981395,Marketing,Junior
2239,6,6.778643369140864,1.1666666666666667,7.498234543669578,91.7148155648532,-26.614323625311084,Operations,Junior
2240,5,6.436815399432364,1.0,8.851903769457943,61.405873488270345,-27.592456101210654,Finance,Junior
2241,9,5.873206138463134,1.6666666666666667,8.326139889787502,73.91305130394325,-41.56380201613762,Marketing,Junior
2242,24,2.9346395634810207,0.7083333333333334,6.854208893210743,93.17317564268639,5.915356001575237,Finance,Junior
2243,15,5.282272073693466,1.0666666666666667,7.949957937839677,68.73775324654059,-19.816993498078816,Finance,Junior
2244,46,2.5246790107993125,0.10869565217391304,5.5125401610020965,92.95376861134724,37.88052613545344,HR,Junior
2245,6,4.264179060779904,2.0,7.048415421855196,93.38658613952376,-46.25104089365506,Operations,Junior
2246,7,4.481099181739755,1.8571428571428572,6.116241108719747,90.87498099790514,-42.30148787818419,Finance,Junior
2247,27,2.238868636674523,0.3333333333333333,5.644654751584644,79.72838157826546,17.667939042304045,Finance,Junior
2248,16,3.6439285968198307,0.625,6.705123625018139,82.64288071782235,0.09071894992480978,Marketing,Junior
2249,24,7.733896803598936,0.5,5.524058217734458,90.43659494574541,2.0195253819512082,Operations,Junior
2250,9,7.721795646978137,1.2222222222222223,7.795940432697942,87.15639788362145,-29.278978383898657,Operations,Junior
2251,41,4.113962325515236,0.1951219512195122,6.824960176213342,82.05328473093941,26.929073758572038,Finance,Junior
2252,42,2.2586006536899443,0.07142857142857142,7.124578530258655,94.3790792754746,37.415757404857885,Operations,Junior
2253,34,3.0745696359690893,0.17647058823529413,5.585503754672628,83.99868227167929,25.756479535338855,Marketing,Junior
2254,13,4.3533067606012406,0.07692307692307693,5.559086644373978,94.14186973567163,15.614068118239539,HR,Junior
2255,38,7.686678187815379,0.15789473684210525,7.333661741040496,62.00859661124817,15.09152084135572,Finance,Junior
2256,48,2.8471943812231095,0.16666666666666666,8.940038991317785,64.86361297597743,31.078333832749266,IT,Junior
2257,39,6.581095062009274,0.10256410256410256,5.3850023329509025,75.80105961001718,22.32109872106181,Finance,Junior
2258,26,2.6520952362481527,0.5384615384615384,6.142925714263125,73.47078113095102,8.836119599847747,Finance,Junior
2259,48,7.887545464347661,0.3541666666666667,8.477836466151551,87.39571944749596,19.879052960803868,HR,Junior
2260,28,4.28969899465481,0.10714285714285714,5.289088049020948,65.62149092642213,18.130614481689094,IT,Junior
2261,21,6.651407233394336,0.8571428571428571,8.503542885467805,94.1633312689021,-7.584433927293961,IT,Junior
2262,14,4.055546496866791,1.3571428571428572,7.097143933499005,71.02730563413199,-26.219917581192895,IT,Junior
2263,34,5.766013262952852,0.17647058823529413,6.633067095705703,75.01232977090558,18.576321781216585,HR,Junior
2264,27,3.1520965084402204,0.25925925925925924,6.238722257405824,69.6160761354008,16.04124443242194,Operations,Junior
2265,36,2.8761261157817755,0.4444444444444444,6.188468632511368,80.27772660642916,18.569959756388947,IT,Junior
2266,21,7.628384837408788,0.5714285714285714,6.223210329797915,62.05200451479044,-7.389225914716633,Operations,Junior
2267,21,7.505883667426601,0.47619047619047616,8.539212323840783,65.23871269496571,-3.649739081574344,Marketing,Junior
2268,18,7.324813641277294,0.0,7.895180920699142,86.10291961965535,13.37095664137648,HR,Junior
2269,13,5.752600700999561,0.07692307692307693,7.678892031324603,66.52752041916814,7.2926103741422,Operations,Junior
2270,44,6.849609267297669,0.36363636363636365,8.194996595808004,68.2430058044832,15.44029171721039,IT,Junior
2271,6,2.4142216214682497,0.6666666666666666,6.02845865201658,87.75437825036931,-3.677567592862637,IT,Junior
2272,49,4.008734251344075,0.10204081632653061,7.472171248327022,63.26554124250388,30.974415256016705,Operations,Junior
2273,29,3.8822187485429374,0.20689655172413793,6.840264955831804,75.31158379697943,18.49098271058587,Operations,Junior
2274,43,5.8138719317156795,0.32558139534883723,8.129766540800773,60.807218544902945,16.566257985084114,Marketing,Junior
2275,13,4.135746640823843,1.3846153846153846,6.237024441893142,72.13825897612664,-27.5823030248839,HR,Junior
2276,26,2.891040689862085,0.5769230769230769,7.572714467479583,84.4643490913764,9.403096130858806,Finance,Junior
2277,47,5.578802452481263,0.2553191489361702,8.528849647269254,63.15361479010299,22.013543584972965,Marketing,Junior
2278,8,6.8863035240144885,0.5,6.608601904779714,91.0917119372566,-5.754264660577654,Marketing,Junior
2279,30,4.292740966759839,0.06666666666666667,5.266488349469846,91.83246650292506,25.781011367065336,Marketing,Junior
2280,33,2.7936122905908904,0.06060606060606061,7.064203289367171,63.67466312937973,25.12952622651235,IT,Junior
2281,49,3.1801291838769385,0.3673469387755102,6.383889951228104,94.67563527315218,30.954460523611253,Operations,Junior
2282,38,3.4248998310163037,0.34210526315789475,7.6889015221887,70.41353436884211,19.769749316998976,HR,Junior
2283,27,3.7993855579672173,0.5555555555555556,8.804131698994425,62.94355848960621,4.523273915320139,IT,Junior
2284,41,5.856770423037855,0.3902439024390244,6.9424332719873885,60.17734900740418,13.214611882234394,Marketing,Junior
2285,15,5.605672907226314,0.2,6.864760920622135,74.29830135173519,6.648314455894411,HR,Junior
2286,10,6.176479169402235,1.2,7.618339200765841,82.04334949971411,-25.944288438861648,IT,Junior
2287,22,4.175011907189079,0.3181818181818182,5.413990014374271,71.62627374661596,9.62977638949049,Finance,Junior
2288,25,6.94398591127987,0.72,6.014024755700058,89.2851077916118,-2.630950264237377,Marketing,Junior
2289,46,3.2245259669345616,0.08695652173913043,8.675917302001594,85.08121964477675,35.558496342912306,IT,Junior
2290,40,4.814244485108924,0.025,7.679770453455065,72.25565361888114,28.07264175355838,IT,Junior
2291,45,6.805632329248581,0.3111111111111111,5.053776175933665,85.70083833130116,21.195569674429734,Marketing,Junior
2292,42,3.0809518863957157,0.023809523809523808,5.81850189023608,92.91707079392374,36.9072246717076,Finance,Junior
2293,38,2.659178682444698,0.2631578947368421,7.731349064115596,63.258359949005595,22.23857778280646,Operations,Junior
2294,21,7.302103806127938,0.5714285714285714,8.057596810250297,70.71363860551659,-5.004337034009701,Finance,Junior
2295,41,4.057577976555176,0.21951219512195122,8.359438290696168,76.21640786908426,25.142759767047963,Marketing,Junior
2296,29,6.1032207494541915,0.06896551724137931,6.1687072135281795,77.4296544714169,18.610523878133616,Operations,Junior
2297,42,2.1520916255836307,0.09523809523809523,8.724114385110251,78.97684757101257,33.834043405892395,IT,Junior
2298,16,6.140281330456697,0.125,7.21178757431157,70.5219417288527,7.673825684857144,Finance,Junior
2299,27,3.896607869281823,0.18518518518518517,7.786156089551572,83.35408760938222,19.522046227757244,Finance,Junior
2300,46,2.3344451215246504,0.2608695652173913,7.386955451119632,82.57795762354404,31.620614325137765,Operations,Junior
2301,26,5.658876569288703,0.34615384615384615,5.490960218698482,80.22375271950648,9.942382020708507,IT,Junior
2302,25,3.4448228964390397,0.72,8.85245863753952,63.981660259880684,-0.6933137409019405,Finance,Junior
2303,31,4.32084345231128,0.22580645161290322,5.491502319576611,76.69387618835806,18.522894784661954,Operations,Junior
2304,35,2.4834848737190818,0.4857142857142857,6.019527825644735,72.46794106212815,15.955189893558895,Finance,Junior
2305,10,2.882979506569672,0.2,8.25451152089192,77.18634644433429,9.671310275727514,IT,Junior
2306,31,3.787863412975063,0.5161290322580645,7.474387846004406,92.26532524302591,13.993467254913119,IT,Junior
2307,44,2.5385570033609426,0.1590909090909091,8.352596661505428,76.8185970105443,31.9138781226597,HR,Junior
2308,38,7.464957588117891,0.23684210526315788,7.062944753496179,60.48932771438292,12.862687208746065,Operations,Junior
2309,16,2.0362822591038707,0.0625,6.507972941466539,75.35928583294458,18.724292648381173,Marketing,Junior
2310,49,4.903161313185868,0.22448979591836735,8.687381998191139,88.72268630172837,30.603520756422917,Finance,Junior
2311,11,2.7394847487953085,0.45454545454545453,5.145009270059179,87.30213231263589,4.9450933285729235,IT,Junior
2312,14,3.8460745368676914,0.07142857142857142,8.424520881412183,77.96865257348634,14.158724298104744,Finance,Junior
2313,49,7.556357358909593,0.04081632653061224,5.923271140751126,68.74191545007604,26.811178576277655,Finance,Junior
2314,21,2.970167319643921,0.7619047619047619,8.39494531101587,76.27810320200908,-0.9418568560288811,Marketing,Junior
2315,30,7.794993918309996,0.2,5.556786453667542,79.7295776796367,12.35592769930735,IT,Junior
2316,25,3.2347662619365303,0.16,7.320875854762162,94.99550033959468,22.729567544045878,HR,Junior
2317,32,6.449396650800978,0.0,8.552431676045888,82.5462331559282,22.810453329583687,Operations,Junior
2318,6,5.28006358938387,1.1666666666666667,6.894158587595562,84.29927255219147,-25.100272668329442,Finance,Junior
2319,47,7.3068723655805545,0.23404255319148937,7.986266695213572,77.20089502488182,22.005157678070574,Marketing,Junior
2320,5,5.323959533018786,2.6,8.218686471422235,72.40713427738855,-71.16649221055987,Marketing,Junior
2321,40,5.2073553149378515,0.375,7.945976834867117,88.45335442765222,20.02596025565474,Operations,Junior
2322,30,3.1727480022103993,0.3,8.701318947498393,77.32263135187327,18.119030265953857,Operations,Junior
2323,33,2.997376172309952,0.42424242424242425,6.787336922079715,94.81415454875838,20.040805837859047,IT,Junior
2324,25,7.498934906693085,0.56,5.692501756660623,75.99922009938155,-1.598025793509862,Finance,Junior
2325,15,3.9670291931002044,0.6,5.191244254809919,62.380009927665206,-4.458056400667367,Finance,Junior
2326,44,4.232493529777376,0.13636363636363635,5.98583947855002,83.8902347981529,30.62215080916674,Operations,Junior
2327,15,6.558941950570331,0.13333333333333333,5.572790015520969,61.63245078240339,4.208606255340017,HR,Junior
2328,40,4.032940894536845,0.025,7.231794965737922,68.76755589096462,28.937629389119234,Finance,Junior
2329,43,7.712374679834016,0.11627906976744186,5.739781348846928,72.38083884729662,21.363046316768035,Marketing,Junior
2330,44,6.427566613992802,0.18181818181818182,5.155734829157485,85.88192549674648,25.266706416818238,Operations,Junior
2331,39,5.58457545544052,0.23076923076923078,5.143959315474671,77.29825742426645,20.767423650895324,Finance,Junior
2332,38,7.285370963268515,0.07894736842105263,8.326277993459446,61.00260759585898,18.06135854000319,IT,Junior
2333,28,2.2976354500968963,0.07142857142857142,7.365799725772099,81.58974479465728,26.379820915880522,Operations,Junior
2334,26,3.5423761531352524,0.3076923076923077,6.432341207573513,74.40026830993318,14.164532124946899,Marketing,Junior
2335,9,4.7902180053254595,1.7777777777777777,8.576912170960988,92.26420784884874,-39.060927774214505,IT,Junior
2336,37,3.361871236829126,0.35135135135135137,5.280786445630854,77.48468088990825,20.43265316378286,Operations,Junior
2337,40,6.463431123812912,0.225,8.921288290911303,84.81413010787686,21.28596377394955,Operations,Junior
2338,24,7.515248186322351,0.5,7.465167161017844,67.66039723153413,-2.098416926337876,Finance,Junior
2339,23,4.542620719585541,0.4782608695652174,5.733857015875394,86.63407475860787,7.693747425593969,IT,Junior
2340,39,4.05279560067137,0.0,7.716276395907874,85.23343586692853,32.341095972042964,Operations,Junior
2341,47,7.769304392825397,0.3829787234042553,8.05352503913425,91.64285979894578,19.5006014720107,Marketing,Junior
2342,21,4.669114596965245,0.8571428571428571,6.717371133483098,61.183757460171975,-10.215763416181806,IT,Junior
2343,49,4.9342904026957,0.10204081632653061,8.446530424982189,75.6625244166108,31.60269958813484,Finance,Junior
2344,47,4.109899234051432,0.2553191489361702,5.602929629185882,83.77043909588706,29.07471488298944,HR,Junior
2345,38,7.45729083807283,0.47368421052631576,6.115350334310433,63.330736502807525,6.341039308626373,Operations,Junior
2346,13,5.413732899691104,0.9230769230769231,5.373969446335959,74.37114235021193,-15.845545021647514,HR,Junior
2347,30,6.573047523089868,0.1,5.843511362429409,92.97513110731684,20.448931175283633,Operations,Junior
2348,6,6.870840310105319,0.16666666666666666,5.95491524764458,75.25770718118949,-0.0901391839727399,Finance,Junior
2349,13,4.0510942515035495,1.0769230769230769,8.67053276368684,94.4891674218221,-13.712047326334986,Finance,Junior
2350,13,4.60216598792228,0.8461538461538461,5.312438755004624,61.989367137793685,-14.391073932901206,Finance,Junior
2351,44,7.090830646437588,0.13636363636363635,6.709660480750838,85.1240421649312,25.152238049201973,Finance,Junior
2352,21,4.179532110054861,0.9047619047619048,7.129594748907651,80.33556826868943,-6.834807709228979,IT,Junior
2353,5,6.763610800711108,3.4,8.594772215208643,77.5188886996244,-97.02344386149733,IT,Junior
2354,29,7.645953935446623,0.41379310344827586,8.990784874644854,93.97965905197532,8.490230836053541,Operations,Junior
2355,47,5.739262238408042,0.3404255319148936,8.013552459679342,64.5377640171895,19.41626236917501,IT,Junior
2356,44,6.4497637247113335,0.06818181818181818,8.883163962276118,91.35996330883196,29.72701066688918,Operations,Junior
2357,46,6.830583872246809,0.2826086956521739,8.148404530143495,84.19341438978137,22.29925426389744,IT,Junior
2358,29,7.070237893379855,0.6551724137931034,8.852810563885667,69.06486256548715,-2.5826756874553833,IT,Junior
2359,43,4.370320027140776,0.27906976744186046,7.82908290377782,91.55842009713027,26.998950941888687,IT,Junior
2360,39,2.307580755055989,0.05128205128205128,5.319053701804284,75.02532212513546,32.25144137645357,Marketing,Junior
2361,7,4.411257627420437,2.4285714285714284,6.607680747970706,88.49795648255748,-59.780066815472225,Finance,Junior
2362,41,6.042537378704539,0.3170731707317073,7.586389135209881,73.609278096659,17.724585739971502,Marketing,Junior
2363,48,4.7021023146847565,0.2916666666666667,6.4028740378170035,89.78257896016343,28.60231116266317,IT,Junior
2364,48,6.493778905162391,0.041666666666666664,6.093535672455115,82.2820191455767,31.018846018790555,IT,Junior
2365,34,4.141894576811984,0.0,7.309597068532364,64.93663217543045,25.10353728146212,Marketing,Junior
2366,42,5.808464846624178,0.38095238095238093,8.73400750680974,82.73821072143346,18.70214102246691,Operations,Junior
2367,38,3.1185188291238477,0.05263157894736842,5.139927494064614,66.69706669456554,28.32342831224436,Finance,Junior
2368,16,6.496216619869742,0.8125,8.07692481416575,74.4172919762957,-12.883974844480342,Operations,Junior
2369,23,5.2741758128781555,0.08695652173913043,7.890909112178509,65.96034544882119,13.835021811834014,Finance,Junior
2370,41,3.2243863312796037,0.2926829268292683,8.85581370155315,60.77056404834915,21.524852342232574,HR,Junior
2371,48,3.7514670409868436,0.2916666666666667,8.722844889330174,67.41602888074851,26.03027169417601,Finance,Junior
2372,21,6.4916522514909945,0.8095238095238095,8.048930248176772,78.7730208303444,-8.914414622627394,Operations,Junior
2373,14,4.895607413969124,0.9285714285714286,7.081635058730395,76.8546338722071,-13.877430910639681,Finance,Junior
2374,16,3.296188642358433,0.125,5.817070212934079,77.55239834376223,14.768102384035581,HR,Junior
2375,20,7.803627142221786,0.9,7.180942873302298,68.66904074563105,-16.87344613531736,HR,Junior
2376,28,6.290750118901327,0.25,8.061407975678616,83.98064202149652,13.514628166496653,IT,Junior
2377,23,7.742808995238777,0.13043478260869565,8.582676850551572,84.6492150387121,11.331181539003996,HR,Junior
2378,12,4.5626302721620595,0.25,8.158848036842196,72.52887389458829,5.080514234593538,Marketing,Junior
2379,35,4.850602044150323,0.5142857142857142,5.781067740764216,90.84095309659611,14.03841510244715,Operations,Junior
2380,25,7.387731297110115,0.4,7.398745256912237,82.54081258224417,4.732699922228605,Marketing,Junior
2381,21,5.150296041472307,0.0,6.328693838125428,84.95637463405211,19.29068284386581,Marketing,Junior
2382,27,6.243673471434003,0.25925925925925924,5.0368226695625715,69.70689712786287,9.87625470492679,Operations,Junior
2383,41,3.51303726497318,0.34146341463414637,5.800883743154664,60.02140723044555,19.33430447711836,Marketing,Junior
2384,20,4.680358812215843,0.0,5.4528825997337975,90.28814642357383,20.69691166028308,Marketing,Junior
2385,10,2.7406991948621306,0.6,8.370876494157875,88.7848534602933,0.27557230233439967,Marketing,Junior
2386,12,3.23588021526177,1.5833333333333333,6.034025008591248,64.31171608149906,-33.90941721422372,HR,Junior
2387,29,2.0056604916057865,0.6551724137931034,6.138791875550222,73.09367972347073,8.352242547689468,Operations,Junior
2388,22,2.235590309891961,0.45454545454545453,8.839746287195537,83.14687579360039,11.721830902572517,Operations,Junior
2389,29,7.863702939061576,0.4482758620689655,6.516346892195409,82.82388000265549,4.7890942603389774,Operations,Junior
2390,16,3.4541221708205736,0.9375,5.038342560577578,90.11226171829948,-7.410791997981249,Marketing,Junior
2391,19,5.979864257024012,0.6842105263157895,6.135384593384546,64.90938565724,-8.10416717207371,HR,Junior
2392,30,7.034598192797669,0.36666666666666664,5.47719832240725,75.04789117247915,7.940381848900493,Operations,Junior
2393,45,5.303962755419386,0.35555555555555557,5.411234246943415,63.402854627424865,18.405978747979532,Finance,Junior
2394,49,2.918867000503737,0.2653061224489796,5.309949160542998,73.63583369535199,30.33024906459353,Operations,Junior
2395,30,6.368698624016998,0.3,7.373037880701509,60.52876059556965,8.368354871079934,IT,Junior
2396,36,5.601508460597499,0.3611111111111111,5.7573908945194345,91.43955727885444,17.851561201242554,Finance,Junior
2397,14,6.3875035360842505,1.2142857142857142,6.444971176164042,78.44653988900384,-25.114270522939155,Operations,Junior
2398,20,6.618479737142523,0.4,8.448070864520068,89.74307912808237,4.711656351331429,Marketing,Junior
2399,11,7.852462206108471,1.4545454545454546,6.697352559185102,62.09666453511773,-40.321955141557034,Operations,Junior
2400,21,5.44137968016026,0.23809523809523808,8.66276540020655,67.96103386655223,8.166590270132783,HR,Junior
2401,27,4.049846676143611,0.25925925925925924,6.991752213582425,69.07829983274132,14.138188836483264,HR,Junior
2402,30,5.890787341401422,0.4,6.595346459359023,73.53420231235758,8.925265779668672,Operations,Junior
2403,25,2.4106442554557566,0.68,8.001555708362806,88.10032303391411,7.398776095871307,Marketing,Junior
2404,26,7.384383909929518,0.15384615384615385,5.292700395072009,73.52952558060224,10.921752680876796,Marketing,Junior
2405,11,2.7162860680291807,0.45454545454545453,5.35791353192967,67.16287353762145,0.963638935102292,Marketing,Junior
2406,18,3.9670570273149095,1.0,7.607894855691843,62.27465911185689,-14.679182232258444,Operations,Junior
2407,19,6.894472283756725,0.15789473684210525,6.947762852956993,62.782211192344064,5.430655565692206,Operations,Junior
2408,11,5.583874269984271,0.5454545454545454,8.16166100127684,86.6016522086342,-3.611054461878066,IT,Junior
2409,13,4.361813121664652,0.23076923076923078,8.665083349374125,75.56810468628215,7.2669177708502035,HR,Junior
2410,12,4.840613956250128,0.8333333333333334,6.55346751068619,85.41633927000053,-10.39796005850015,Finance,Junior
2411,27,7.127284359213082,0.4074074074074074,7.385640106338585,83.88004926172941,6.499218911697497,Finance,Junior
2412,33,4.040026316359353,0.3939393939393939,7.00278651118124,64.73768616160902,12.849302781421281,HR,Junior
2413,22,7.217898108873028,0.5454545454545454,8.92644262256973,65.00107769672935,-4.599217042036548,IT,Junior
2414,35,2.528806585860149,0.2571428571428571,8.324337629426381,86.4369705401947,25.515495222032925,HR,Junior
2415,34,6.660790623251785,0.5,8.646950833109415,85.2443902719896,9.12729680789435,IT,Junior
2416,43,7.085285798328418,0.3488372093023256,6.017360350310417,73.23107684060086,15.81052749239357,IT,Junior
2417,39,3.0909059170240325,0.10256410256410256,8.090105692650377,62.7097792166494,26.683220932358736,Marketing,Junior
2418,22,4.582079194233202,0.3181818181818182,6.061892899990596,60.42343075944583,6.575073217968216,HR,Junior
2419,46,2.992998647981934,0.2826086956521739,5.8349701337135595,70.08549323116107,27.152840480703127,Finance,Junior
2420,43,6.239624773965307,0.09302325581395349,8.777064638622203,60.32277957555294,22.59460869276137,Operations,Junior
2421,21,5.21208660836994,0.3333333333333333,5.077217666871467,68.05254173862961,5.786335130986043,Operations,Junior
2422,18,5.811940080249926,0.2777777777777778,8.861554814653719,74.68252590739685,5.779291687646184,HR,Junior
2423,35,3.1789218017372667,0.42857142857142855,5.597047587955225,64.2495517859184,14.634923896566292,Operations,Junior
2424,28,3.270475172314517,0.10714285714285714,8.277752327173072,63.649721524104116,19.774708245906076,IT,Junior
2425,39,2.2489839530594384,0.28205128205128205,6.103690212272412,91.37531025015578,28.715555682373818,Operations,Junior
2426,48,3.9324052111743786,0.20833333333333334,6.40280930972291,80.49145101580112,30.783479780811465,IT,Junior
2427,49,5.358467968002049,0.04081632653061224,5.86703084528794,92.70594903669735,35.999764075417005,IT,Junior
2428,38,7.147609483983973,0.2894736842105263,7.3420561699243185,72.10391573249878,14.241353652216022,Finance,Junior
2429,7,6.0015646847520845,0.5714285714285714,6.392382190031496,83.70007280652071,-8.205971951057169,Operations,Junior
2430,41,4.612377940398509,0.12195121951219512,7.629572157978653,67.16420861176266,25.14954925618966,Finance,Junior
2431,47,7.7187206863648266,0.3829787234042553,5.062589271768264,81.64191110479794,17.601579146102274,Operations,Junior
2432,44,6.315471203454991,0.38636363636363635,5.257499534060159,64.53550055034945,15.085248612250817,IT,Junior
2433,30,7.5809912171753,0.5,5.398644610924995,60.07282237117,-0.14741796011660036,Operations,Junior
2434,27,5.165527839632994,0.37037037037037035,6.675974741240925,92.60361304933527,13.278555819489954,Finance,Junior
2435,48,3.5534256487588376,0.08333333333333333,8.259184690639904,79.42130316613233,35.07740933570879,Marketing,Junior
2436,43,2.316960118188332,0.18604651162790697,8.55271164151353,92.44292319737139,34.07326905426041,Finance,Junior
2437,19,6.3565091089031025,0.10526315789473684,5.979242960243603,71.68410332957252,9.865907711266196,Marketing,Junior
2438,8,2.7278179880332045,0.875,7.297478896956056,71.47251242066149,-12.611133491934108,HR,Junior
2439,33,3.816650769631803,0.15151515151515152,8.073459970770402,74.02292506205612,22.425828927693072,Finance,Junior
2440,26,5.194825447303384,0.11538461538461539,6.155317719678434,84.71143443853589,18.69109753156195,Operations,Junior
2441,29,5.386499526678486,0.3793103448275862,6.636030946945093,79.8033021965161,11.20835104111866,Marketing,Junior
2442,17,5.603499181922816,0.6470588235294118,7.095896810742856,92.38742174846914,-1.941278720034159,Operations,Junior
2443,22,2.997531982098204,0.6818181818181818,5.53949938563219,60.89043153963538,-1.0715231108147858,Marketing,Junior
2444,37,4.278424428929893,0.24324324324324326,5.103929174903121,84.78685782903878,23.303225410650676,Finance,Junior
2445,20,5.7031653627018,0.65,5.611223237273133,71.5614691278294,-4.594036899837718,Finance,Junior
2446,49,7.818913187802709,0.24489795918367346,7.5074144850141336,66.30817781364614,19.676870411613606,Operations,Junior
2447,46,6.365786826198132,0.17391304347826086,5.294473046134726,77.86384678820346,25.223804400896604,Finance,Junior
2448,48,7.535622542563747,0.125,5.758785459400514,77.67723244629985,25.514201404132475,Operations,Junior
2449,6,6.5732723498850625,1.8333333333333333,6.351415542781215,64.795386004095,-51.58746749895113,IT,Junior
2450,39,5.550301813354403,0.10256410256410256,5.311480257225465,67.06636196465115,22.635745689298346,Marketing,Junior
2451,46,3.1521402148180675,0.3695652173913043,5.766797084646537,74.28576327155442,25.06591570293562,Operations,Junior
2452,38,6.000113911355078,0.07894736842105263,8.645079155934045,74.30839943373104,23.293031011404473,Marketing,Junior
2453,34,5.740277395759442,0.029411764705882353,5.077196528907939,71.11453488668897,22.259999244642437,IT,Junior
2454,17,5.614815022743599,0.11764705882352941,7.613727696697449,65.19908030284934,8.480774250376788,Marketing,Junior
2455,17,4.9387152079294445,0.6470588235294118,6.53763572366074,60.153078768534286,-7.058579368034387,Operations,Junior
2456,22,5.171939623935653,0.09090909090909091,7.690594957729484,93.95822718498073,18.92049346185211,Finance,Junior
2457,36,4.006655162708625,0.08333333333333333,7.354766881453618,93.02247303963745,29.691184282510235,Marketing,Junior
2458,36,5.115876155853819,0.1388888888888889,5.893995017418577,76.92776327116474,22.587133675858638,Marketing,Junior
2459,39,3.1853354340708693,0.28205128205128205,8.388837950293555,94.8268113646252,27.53315294324484,IT,Junior
2460,43,6.831046384162261,0.4186046511627907,6.967761530437427,83.57790157737851,16.29534801226746,HR,Junior
2461,33,3.114661728192247,0.2727272727272727,8.290144075653886,62.410013816263955,17.87086112505012,Finance,Junior
2462,33,2.5097977393367987,0.0,6.624050144752877,64.12013696789195,27.604431914904794,Operations,Junior
2463,48,4.617476158142944,0.3333333333333333,8.938742215660955,92.06387953543732,27.977823590801574,IT,Junior
2464,20,5.949844637036371,0.75,8.081957434005185,82.051827075237,-5.98932385902534,Operations,Junior
2465,48,4.626300949601248,0.16666666666666666,8.863800820450294,89.51142693300729,32.44968348739896,Operations,Junior
2466,14,3.660524791707852,0.5714285714285714,7.057305915639436,91.43943773718455,2.223980821164062,Marketing,Junior
2467,34,5.349027103342644,0.23529411764705882,6.894764529162802,75.67797039488352,17.778716342879648,IT,Junior
2468,29,4.082014012473199,0.3793103448275862,8.02181523730103,61.69840830518426,10.196343291262867,IT,Junior
2469,43,7.597206140759798,0.18604651162790697,8.521165052053721,66.58981221140627,18.342154811924452,Finance,Junior
2470,24,7.535870837621433,0.5833333333333334,8.856583183462233,62.33001815558523,-5.70573804412582,HR,Junior
2471,9,5.014230919832572,0.1111111111111111,6.298207624129999,66.60589459944775,5.359383746891073,Operations,Junior
2472,5,3.967303964109551,2.0,8.194818295370556,74.36865242595569,-50.06087744302797,Finance,Junior
2473,34,6.4227944837398345,0.29411764705882354,5.842582390542146,64.13688836802449,11.558259294360521,Finance,Junior
2474,7,2.2202776608984,1.0,7.182297386981781,65.83566367318701,-17.0734225871594,Operations,Junior
2475,49,4.848614036261908,0.10204081632653061,5.719392593636797,75.60376237250877,31.762299912182023,Marketing,Junior
2476,18,4.017940365622001,1.0555555555555556,6.389589447001356,71.90598326359714,-14.521350745191242,Marketing,Junior
2477,34,7.523215310615328,0.17647058823529413,8.725433468825837,76.36803434658144,15.333058601026808,Operations,Junior
2478,8,2.0720181636360953,0.25,5.584362799092345,75.02102097156717,8.160167867041244,IT,Junior
2479,22,5.3168892543100945,0.3181818181818182,7.529603580540786,82.55673090929592,9.53211312778445,HR,Junior
2480,41,6.443981486399756,0.4146341463414634,7.371817091709613,92.80163421065491,17.83333947908757,Marketing,Junior
2481,29,4.910107925144247,0.5517241379310345,5.482953410835946,63.77525184554849,3.7831103808901663,HR,Junior
2482,5,2.51241818097633,2.0,6.303916175075249,63.47410522582182,-49.33001531678829,Finance,Junior
2483,19,7.834768340167413,0.05263157894736842,7.251926018061063,89.84821388818156,12.121158728880435,Finance,Junior
2484,13,5.108062588256588,1.3846153846153846,5.748714435953961,77.72388466283607,-28.4098097824075,Operations,Junior
2485,19,5.685117465914068,0.3157894736842105,8.202494625651262,86.82417582489548,7.920916022624644,Operations,Junior
2486,28,3.419658696245044,0.6071428571428571,8.888626038139,67.53976662625485,5.254350218475171,Operations,Junior
2487,8,4.900988510640823,0.875,5.859037599849888,89.01019006086432,-13.449939009108782,Marketing,Junior
2488,16,4.574896951749931,0.8125,5.747647859162304,92.33463184674436,-5.457867534150989,HR,Junior
2489,41,2.449375052011902,0.14634146341463414,6.819740287189779,82.24190554412709,31.759387102362588,Finance,Junior
2490,41,2.636962121284803,0.07317073170731707,7.991061108560128,63.70576575158308,29.872106956527496,HR,Junior
2491,47,7.024835117712647,0.3404255319148936,6.126402440941005,91.33531849547185,22.204627506222266,Marketing,Junior
2492,10,3.4389197132395415,0.4,5.079519634789122,87.7370704579525,4.669574665111417,HR,Junior
2493,43,3.1697496289917835,0.2558139534883721,7.164882512131576,86.28072217800715,29.042226572966705,HR,Junior
2494,28,5.029468707500835,0.2857142857142857,8.826402271069231,61.28548661170704,10.426731335911168,Operations,Junior
2495,15,6.612482788175077,1.2666666666666666,6.565107421627783,87.963688383994,-24.632227899551356,HR,Junior
2496,17,2.3716791114739273,0.7058823529411765,6.680538216732401,64.82828536639249,-2.7541717379046524,HR,Junior
2497,38,5.460847517829535,0.4473684210526316,8.875606868456153,67.78351616689109,12.013955566140202,HR,Junior
2498,29,2.71526265704344,0.6551724137931034,7.778430446506913,80.19971922042402,8.354246116204818,IT,Junior
2499,11,2.2187663049537107,0.7272727272727273,7.876687691368501,69.27432705209091,-5.800849017671057,Finance,Junior
2500,8,2.316463712973304,0.375,7.2508080214842705,83.14718722091719,5.54651001823683,Finance,Junior
2501,12,7.004984649250648,0.5833333333333334,8.898436843452966,81.28246566946785,-8.053476164607726,HR,Junior
2502,24,2.7078349017683694,0.0,7.755465937702224,63.78523593046419,21.7413773825561,Operations,Junior
2503,33,2.2709081864737515,0.48484848484848486,8.580131006420679,82.96051028570272,17.3048311387385,Operations,Junior
2504,49,4.627399322857474,0.16326530612244897,7.797515462932885,92.33842184387255,33.71492653938609,Operations,Junior
2505,14,7.063960831652149,1.3571428571428572,7.940463299361584,65.63884668150416,-33.31443804128918,Finance,Junior
2506,47,3.5744502589358116,0.2553191489361702,6.1616436885689865,80.89717073300106,29.57095916064348,Marketing,Junior
2507,38,4.530275705155498,0.02631578947368421,6.2139147920552755,71.96528801778429,27.343032509035336,HR,Junior
2508,30,2.2395351953825076,0.4,8.131938598304117,76.08640851207613,16.73821131165021,Finance,Junior
2509,45,4.694471084809255,0.17777777777777778,6.186825156679598,70.04500626776395,26.286725750600944,Operations,Junior
2510,7,5.465678483822802,2.7142857142857144,7.251080283206127,72.39457227216934,-73.68101394178316,Finance,Junior
2511,10,5.425442322512868,0.5,5.997409243626808,61.0119138143295,-7.6485018821598345,Finance,Junior
2512,9,3.9945601530461907,0.0,8.267933523236277,94.35431082710272,16.28174185932816,Finance,Junior
2513,9,3.8931990839788133,0.4444444444444444,5.44200540491076,81.86799727254619,0.6538679532182812,Operations,Junior
2514,27,2.6397417136195873,0.07407407407407407,8.317786559046658,77.52469566728598,24.203233483995803,Marketing,Junior
2515,13,4.20078992387761,0.23076923076923078,7.410919202030407,73.43003723251144,7.1613506756701435,IT,Junior
2516,39,2.596968013237788,0.0,5.747638139308309,78.87810955884098,33.98168588529262,HR,Junior
2517,24,6.59957566827231,0.5416666666666666,7.168141542024473,73.30370995505314,-0.38840934553399364,HR,Junior
2518,46,7.797645786489115,0.17391304347826086,6.129995347389362,72.59677746227857,21.306672615129656,Finance,Junior
2519,39,7.820446740000241,0.07692307692307693,6.293869338921986,76.23812896027046,20.6990400043613,Marketing,Junior
2520,22,7.1904265962523635,0.7727272727272727,6.406112166387521,69.65940617849168,-10.430790138624571,Operations,Junior
2521,21,5.604752896037715,0.6190476190476191,5.253276987889284,66.30174649883749,-3.920585063736503,IT,Junior
2522,28,6.20519418346328,0.10714285714285714,8.94384673760567,79.48120643631027,17.071567206049785,IT,Junior
2523,7,3.7112348160824844,1.2857142857142858,5.126138512524896,89.49679026526054,-23.894540150541435,Finance,Junior
2524,36,5.784622521035724,0.05555555555555555,7.649987492737114,65.34898622040623,21.43388553534313,Finance,Junior
2525,39,4.733897296639265,0.15384615384615385,6.484910591029722,61.145701921147655,21.545961175566383,Operations,Junior
2526,42,4.892104038661595,0.21428571428571427,7.584041163786796,68.63841108039126,22.714902710183637,Operations,Junior
2527,17,6.5466593622509475,0.7058823529411765,6.424993012350335,94.29022252088338,-5.211744808560518,Operations,Junior
2528,29,3.6915101335835097,0.10344827586206896,7.695002585035435,89.00653258101687,24.714837973174284,Finance,Junior
2529,13,3.9082376701671193,1.3076923076923077,7.916942037873444,80.85531187350088,-23.076182196403295,Marketing,Junior
2530,8,7.54785074677182,1.25,7.762210561598579,92.52371203350975,-29.290959086841696,Finance,Junior
2531,18,2.3373457691058332,0.16666666666666666,5.455847925432609,75.58476908930356,16.242262279649047,Finance,Junior
2532,41,4.913805790480042,0.3170731707317073,7.627572938618739,94.41482109013108,24.14315751511491,IT,Junior
2533,38,7.4768048024471705,0.4473684210526316,6.119950197816389,70.37057157917494,8.499452079361701,Operations,Junior
2534,15,5.6621780469089416,0.4666666666666667,5.115205482277334,68.41070123305786,-2.642215847206309,HR,Junior
2535,45,5.278442445272793,0.2,6.659322687555816,82.33168704014538,26.90945251748349,Operations,Junior
2536,7,3.4984650753761315,0.5714285714285714,6.734172411215204,73.23538887826261,-5.292709517956883,Marketing,Junior
2537,32,4.05965293438669,0.1875,6.868696533409786,81.92279396916902,21.840252925060426,Marketing,Junior
2538,33,7.112290494828158,0.3333333333333333,7.8192966615628645,70.674843140594,9.710387638462487,Operations,Junior
2539,13,5.355308790610749,0.15384615384615385,6.235375236569837,81.6271389893297,8.799425601259824,Operations,Junior
2540,7,5.088453162540679,0.42857142857142855,6.26112205241569,69.65111912047627,-4.903825358128959,Finance,Junior
2541,29,2.5974782812401735,0.3103448275862069,5.242209024965042,61.784022408661144,15.251503091665676,HR,Junior
2542,38,2.096168938730739,0.07894736842105263,7.747284863969184,91.92475656731142,34.624192383369234,Finance,Junior
2543,16,7.782111132122295,0.875,7.271304365598336,90.91218206557117,-14.031785851130355,IT,Junior
2544,46,4.26191700372105,0.1956521739130435,6.397700450775153,93.97793522454351,32.0021878200753,IT,Junior
2545,13,5.619278372597026,1.1538461538461537,7.820755915669419,85.07845116774917,-21.03825112702883,Marketing,Junior
2546,19,2.47829043912371,0.7368421052631579,7.149430996907508,83.8952412207356,1.1172042080049636,Marketing,Junior
2547,44,6.098685714338279,0.4090909090909091,6.876979783482159,79.56510745261907,17.84292278911998,HR,Junior
2548,29,7.595400252235765,0.6551724137931034,7.045298174644506,64.4079845723383,-4.564376003796978,Marketing,Junior
2549,9,5.453991517984518,2.0,7.545392501068227,66.62323588322445,-52.183335859324146,IT,Junior
2550,15,2.7566919342524634,1.1333333333333333,7.640010418298398,70.13143910353877,-16.487096047797174,HR,Junior
2551,38,5.49032916484086,0.2894736842105263,6.155831276562869,91.1554726900688,21.36622568201625,IT,Junior
2552,28,6.598083278627914,0.5357142857142857,5.562973453564613,66.05393336110762,0.7431915435371277,Operations,Junior
2553,19,4.438499219444112,0.0,5.626536724762075,92.30056110707616,20.98311378252701,Operations,Junior
2554,42,7.279026487648807,0.35714285714285715,7.557563543612007,78.2975006567996,15.58716144177659,HR,Junior
2555,12,5.892097720144187,0.08333333333333333,8.491493143068503,85.04493724155753,9.924792008023134,Finance,Junior
2556,9,7.395493509735215,1.5555555555555556,6.637985113382207,63.85855703381983,-43.28594227937313,Marketing,Junior
2557,30,5.741031867484024,0.2,5.67808064131785,69.41617420715689,14.40117110646333,HR,Junior
2558,22,2.7877278320289456,0.0,8.026409993175418,93.54815128634992,26.334174593212094,Marketing,Junior
2559,10,3.8581502666311347,0.4,8.329957897677794,69.3152481425406,0.14674909524585011,IT,Junior
2560,41,3.2107696895147413,0.21951219512195122,8.522329772483866,70.37826021369011,25.668746810050003,Finance,Junior
2561,17,7.452958986301174,0.17647058823529413,7.427325715654932,66.91590846943778,3.383146074226385,Marketing,Junior
2562,32,6.5624004037248955,0.40625,8.442914237552339,64.51757828573903,6.791214849698015,Operations,Junior
2563,9,6.0583902134600365,1.3333333333333333,5.06165983379363,68.16401745088993,-33.08397693674209,Operations,Junior
2564,17,3.80579791778973,0.0,5.428943207078094,82.48144121827795,19.08469240807613,IT,Junior
2565,21,3.104268632301281,0.7142857142857143,5.370304268208395,75.93787067262473,0.15046544135095274,HR,Junior
2566,44,6.538706527933471,0.18181818181818182,7.8504187370189324,79.38145427182646,23.744332343952898,Marketing,Junior
2567,49,4.844947675274478,0.30612244897959184,5.278327134174316,64.28276900681085,23.38298498142546,IT,Junior
2568,36,3.354737312903775,0.5,6.985457489865228,88.0740756507015,17.50534050433275,Operations,Junior
2569,33,5.69973186899165,0.42424242424242425,6.890827594545156,87.44331452029468,13.16192643880291,Operations,Junior
2570,7,2.242003112830712,1.8571428571428572,6.242814094232964,60.75564688999364,-43.84716256194841,Operations,Junior
2571,44,3.9570215247695213,0.4318181818181818,8.4816206797684,73.42302830786068,20.216017157487634,Finance,Junior
2572,38,4.811341967546808,0.23684210526315788,5.6817328075199836,62.406971068990174,18.553447120809686,Finance,Junior
2573,44,2.887750004656435,0.25,6.409851137596959,87.72370227952354,30.669240446591836,Operations,Junior
2574,31,7.907926865545037,0.0,8.096686000091717,85.80443890939965,19.945034050789857,HR,Junior
2575,17,3.2545841875376853,0.9411764705882353,5.121689257573137,91.56958330026046,-6.230545832670337,Finance,Junior
2576,49,2.7821187802595935,0.16326530612244897,7.691801600985475,68.27413856335902,32.59263096847915,Marketing,Junior
2577,37,3.221209243321378,0.4864864864864865,8.265590905446283,75.97035590947296,16.35705810065724,Finance,Junior
2578,10,6.614366798958345,1.7,8.72907135535267,66.45707570075392,-44.937318457765905,Marketing,Junior
2579,28,4.553033955631057,0.21428571428571427,8.505186561965939,72.99322270659418,15.864005201485297,Finance,Junior
2580,23,5.3924956385152285,0.34782608695652173,6.277536467334741,78.27851380484094,8.23592887524208,Operations,Junior
2581,20,2.1260549419181647,0.55,7.34545656529181,61.86657764435061,3.6212056450337933,Marketing,Junior
2582,44,2.2065878514398873,0.13636363636363635,5.309173972601863,85.02046437370848,34.90000808095283,HR,Junior
2583,32,4.674953298962097,0.40625,6.031480014192034,79.01526761298763,13.465646924673331,Finance,Junior
2584,37,6.899931459209741,0.3783783783783784,5.3768895149900295,89.01356560237357,14.851498850703882,Finance,Junior
2585,45,7.311433272245392,0.3111111111111111,6.260749160615855,69.5123175416919,16.94626363051426,Operations,Junior
2586,17,2.5202394055738413,0.29411764705882354,8.500748853834915,91.6162386844239,14.659239513972391,Marketing,Junior
2587,47,5.230178612606137,0.2765957446808511,6.3886673586971705,94.95429885606552,28.4326302055753,Operations,Junior
2588,49,7.479378117675623,0.02040816326530612,7.247592412005705,92.1754453432186,32.26408793533329,Marketing,Junior
2589,29,4.327836526387318,0.2413793103448276,6.733523392459763,87.2262366541604,18.948194967712617,Finance,Junior
2590,46,6.977394988570212,0.2608695652173913,6.835666097194942,88.43290810058232,23.5057046864543,Finance,Junior
2591,40,2.802173926396617,0.125,8.878288207346234,80.08104848906052,30.66186184501887,Finance,Junior
2592,31,7.612366938006792,0.12903225806451613,6.184617873055432,66.65538520194137,12.835375422439204,Finance,Junior
2593,42,6.508539905187816,0.09523809523809523,7.509297878092685,83.69642398017011,26.065062128515535,IT,Junior
2594,11,7.64800635672141,0.0,6.680250678317789,84.9463550720976,8.293258300976701,Finance,Junior
2595,9,6.059703401315039,0.8888888888888888,5.244584724190744,94.48847990937671,-14.488377487421406,Finance,Junior
2596,47,4.180423591996562,0.10638297872340426,6.957323326496944,78.94554606897127,32.436772668099,Marketing,Junior
2597,49,7.629087035148334,0.3877551020408163,8.253373316180433,69.49791552587698,16.408755973654237,Finance,Junior
2598,35,3.653400657855071,0.17142857142857143,5.3950118747267535,83.92853826088273,25.336049193609263,Finance,Junior
2599,27,3.9930351323703954,0.2962962962962963,5.278367389585236,94.27815368832592,18.1806715840355,Marketing,Junior
2600,46,6.204850508010442,0.08695652173913043,5.614526081573066,66.20248678941829,25.82210068968886,Finance,Junior
2601,14,6.591897797152318,0.9285714285714286,8.057600445557224,71.40992714874609,-18.35895302169827,Finance,Junior
2602,36,7.576420903094923,0.1111111111111111,7.895981536578952,78.96583338204384,18.906991536885588,Operations,Junior
2603,47,3.228814454337257,0.14893617021276595,7.260071075624442,65.95751222087017,30.46578842911654,IT,Junior
2604,34,6.787988211315344,0.17647058823529413,6.872905616370529,60.77772238319784,13.685450406950055,Marketing,Junior
2605,43,6.43127632038178,0.27906976744186046,8.553303258810487,71.79440928544378,18.924236193069383,Operations,Junior
2606,35,2.382767337521587,0.34285714285714286,8.06679129533393,90.28797805253703,24.006346649749943,HR,Junior
2607,22,4.323338847261242,0.3181818181818182,8.247769005207221,61.52139397633002,7.312146555288974,HR,Junior
2608,40,3.6965927423605915,0.25,8.253049205402617,75.0125170655921,24.10931792839724,IT,Junior
2609,6,3.826942546124182,2.8333333333333335,7.570868618982232,86.67702705241288,-71.71847968176579,HR,Junior
2610,18,7.897681277328205,1.0,6.832058497263784,93.36139089188099,-16.32308437628021,IT,Junior
2611,17,5.856664480879568,0.29411764705882354,8.4587110103426,94.49163896515513,8.561469419507183,HR,Junior
2612,33,6.3060569467609975,0.030303030303030304,8.704029670413004,74.76892832130596,21.232580861648287,HR,Junior
2613,16,7.859705823890055,0.75,5.0952241730333725,93.26345030326911,-9.96672158712629,Operations,Junior
2614,43,4.263210694745832,0.23255813953488372,5.206219493065005,61.23966406483023,22.54476723742787,HR,Junior
2615,6,6.811041010716836,0.0,8.83497318763375,86.10709282994947,7.199336544556221,IT,Junior
2616,36,4.607185779826972,0.027777777777777776,6.1086424553767795,82.49611121217646,28.051517349448012,Finance,Junior
2617,17,7.2172020308898786,0.9411764705882353,8.493477758597674,68.73326501551533,-18.723045176323748,Finance,Junior
2618,31,3.083945247867819,0.22580645161290322,6.55518047584561,77.75614752378772,21.209145460634808,Finance,Junior
2619,45,7.686117062385677,0.022222222222222223,5.476400230437422,64.53438082161735,23.867975372885446,IT,Junior
2620,21,3.3126302504652783,0.23809523809523808,5.321772800837337,90.50590028330464,16.93306241287323,IT,Junior
2621,44,3.957323041885589,0.09090909090909091,5.626031596321826,72.52643299409768,30.26336778777563,Finance,Junior
2622,35,6.537153404640683,0.42857142857142855,5.999572779469458,81.91155646630008,11.450861626835795,HR,Junior
2623,38,4.36253084939244,0.18421052631578946,6.954073415723305,65.55717002005417,21.66005651575227,Finance,Junior
2624,28,5.64926826059868,0.6428571428571429,7.805991602263134,67.21576956209225,-0.34109689449319625,Marketing,Junior
2625,49,4.667441006416571,0.30612244897959184,8.9455943059412,94.71847297811033,29.825139113401168,IT,Junior
2626,39,6.454219622538691,0.3076923076923077,6.766026973156684,86.35802380544652,18.53239628524269,Marketing,Junior
2627,10,3.3699875142116653,1.9,7.07273976937244,93.66901544209247,-39.00617194000483,Marketing,Junior
2628,23,2.3507479234212623,0.2608695652173913,7.0872628055330225,70.35479078242155,15.343375353120045,IT,Junior
2629,34,3.7995763848383977,0.4411764705882353,7.157737421951744,65.75970068169372,12.71749324901489,Finance,Junior
2630,11,4.845851989210582,1.3636363636363635,7.070962628417849,77.60739622175907,-28.479315643160255,Operations,Junior
2631,14,3.0081203131560716,0.7857142857142857,5.035099020247671,77.31338987795702,-5.724991222149306,Marketing,Junior
2632,45,4.128783737938332,0.28888888888888886,5.006899288439363,66.12312798152958,23.300391453762586,Finance,Junior
2633,36,4.399898109761411,0.4722222222222222,5.390665272504492,85.66268493534936,15.766074100880383,Operations,Junior
2634,38,2.3443510621296415,0.4473684210526316,5.406226413716715,72.6622137053557,19.22268798523291,Marketing,Junior
2635,32,5.499843489105228,0.46875,7.819587635819184,66.52278308256811,7.442369638303166,Finance,Junior
2636,19,7.306060567827725,1.0,5.819664130063999,71.61941880901509,-18.888237373852434,Marketing,Junior
2637,34,2.9104574777183148,0.4411764705882353,8.57885641902245,79.72805448722553,17.28940182436142,Finance,Junior
2638,41,5.586848080409084,0.2926829268292683,8.714425318308077,85.4264826263155,21.73111255956688,HR,Junior
2639,33,5.988435229465077,0.24242424242424243,8.903573351583596,76.86618101201196,15.923638470744967,HR,Junior
2640,26,4.5160080825157305,0.3076923076923077,8.756325219548081,78.39582464399308,13.016379532997924,IT,Junior
2641,8,6.20658552418562,1.5,6.0875532876740985,64.86310775799619,-39.640549496772,Operations,Junior
2642,24,4.4643892609460725,0.125,7.03910737881405,92.01418236478813,20.12405795106548,Marketing,Junior
2643,36,5.027823727864609,0.2222222222222222,5.701819880787764,92.50534692972155,23.378755263548427,Marketing,Junior
2644,40,2.044118267326562,0.35,8.224838620689733,83.91993066463013,26.195749598272904,Finance,Junior
2645,8,6.150320684808133,1.625,8.553726820576385,60.61709931269086,-44.1272215070781,Operations,Junior
2646,31,5.968056073668347,0.5806451612903226,8.40515535719006,78.79759755661641,5.004052525276908,Marketing,Junior
2647,21,2.230405263958067,0.5238095238095238,6.733467794787339,82.02266402310147,8.829436562418445,Operations,Junior
2648,16,4.209500644370799,0.3125,8.034695538747124,94.81289780353384,10.76857827196517,Operations,Junior
2649,26,7.874191044750004,0.07692307692307693,5.390316678305078,94.86234343181789,16.516394289171263,HR,Junior
2650,21,4.524419375411701,0.9047619047619048,5.160979082477002,90.0163932363945,-5.588417246401644,Marketing,Junior
2651,14,5.01167243079105,1.0714285714285714,8.012945657235043,62.23408472091398,-21.31938506025644,Marketing,Junior
2652,5,7.459580948958312,3.8,6.701421097314735,93.36467367725555,-107.24622716246552,IT,Junior
2653,26,6.303571255194538,0.6153846153846154,8.982197058958278,81.44314365031997,0.819947758136454,Operations,Junior
2654,30,5.492420786745342,0.5,5.38901686342213,88.03103696677128,9.621365819863573,Finance,Junior
2655,22,6.786828088046435,0.22727272727272727,8.422510726140935,74.25174973900488,7.658511953526288,HR,Junior
2656,18,7.1861975987358395,0.3888888888888889,6.919932262115967,71.18843149321064,-1.0013755654962164,IT,Junior
2657,33,4.741328430423601,0.5454545454545454,8.308600782015509,76.21354509193328,9.196415793903093,HR,Junior
2658,16,4.850650189591012,0.0625,8.268509128680579,65.14060795390894,11.051821211599764,Finance,Junior
2659,40,4.316305613911014,0.325,8.663968005448309,72.4973148563657,20.116851743451114,IT,Junior
2660,39,7.800236840110763,0.28205128205128205,6.191400045144411,90.01661249188976,17.34131035661796,HR,Junior
2661,16,6.182997525742103,1.0,8.799197413848013,61.328267019130855,-20.500341647658033,Finance,Junior
2662,11,2.499338397248434,1.2727272727272727,5.606667841430481,65.28073163886116,-23.524348648542812,IT,Junior
2663,33,7.1777577398781105,0.5151515151515151,5.327875110373962,64.37906558773199,2.865752183244725,Finance,Junior
2664,15,4.883359645017609,1.0,6.726462069489397,74.10764399450798,-15.945190491133623,IT,Junior
2665,37,2.412523438534925,0.32432432432432434,8.313291874567371,94.89454153118015,26.624131699436454,Marketing,Junior
2666,10,5.298303530979866,1.6,6.893684522533782,66.06752755739839,-39.38310155048005,Marketing,Junior
2667,19,4.502985673854212,0.3684210526315789,8.317146710122056,65.0918927359741,4.359775620539029,HR,Junior
2668,36,7.266496429175749,0.0,7.9187472231772205,92.02695054216541,25.47239725008158,Operations,Junior
2669,15,3.2239676216563242,0.13333333333333333,5.837713544555735,90.8717680938088,16.72641837544911,Operations,Junior
2670,27,6.958787656953097,0.5555555555555556,8.795526499597855,61.128412949879404,-2.158559390596981,Finance,Junior
2671,30,5.346132147112717,0.03333333333333333,5.243124674517613,86.30970860627602,23.569677427029774,IT,Junior
2672,38,2.3276618192808143,0.3684210526315789,8.593118830175179,82.94129955167503,23.680304692826013,Marketing,Junior
2673,38,7.831071807952908,0.0,6.217773795961496,86.87092834484481,24.512042053063148,Operations,Junior
2674,33,5.075691464619199,0.24242424242424243,7.000592332657597,77.30758591785727,17.83740698160578,Marketing,Junior
2675,8,3.745261125389495,1.875,6.689407490802938,94.69827264569034,-40.00086772164092,Finance,Junior
2676,21,4.8164410519355485,0.14285714285714285,5.687338227667665,61.53464565488371,10.988332741391359,Finance,Junior
2677,39,7.147146701104933,0.28205128205128205,6.4325874656067725,68.2030055241332,14.284769241078312,IT,Junior
2678,17,3.829418746310381,0.0,5.7717377451711815,73.87910954407653,17.316984416194543,Operations,Junior
2679,45,3.1560583789202017,0.0,5.815545901842095,75.74222795479962,35.83632883311952,Finance,Junior
2680,43,2.7744274815852887,0.13953488372093023,5.748227344105521,92.24785909448315,34.51467034409815,Finance,Junior
2681,19,3.7871563903412673,0.8947368421052632,6.956069521386377,79.60015274270405,-7.096387495299616,Marketing,Junior
2682,33,6.680288522240261,0.42424242424242425,8.191725470045263,61.578884843213785,6.027927196889509,HR,Junior
2683,33,4.82975819117157,0.36363636363636365,7.2758801350449644,74.27520371989817,14.086433452545586,Operations,Junior
2684,15,3.3648896221612397,1.0,8.572826354203368,74.57716443291744,-12.814346357738991,IT,Junior
2685,36,2.9971099976584954,0.16666666666666666,7.546177954306897,93.79218284532246,29.3642165737475,IT,Junior
2686,6,3.9963768590622744,2.5,7.757360462530418,80.97189818573878,-63.19837408097679,Marketing,Junior
2687,18,7.639546237314253,0.6666666666666666,7.670428918908012,82.24778749056286,-8.029534976515937,IT,Junior
2688,24,4.058160275540146,0.5416666666666666,6.797836772734964,84.96385609379448,7.026450667678603,Finance,Junior
2689,26,7.928744455727812,0.6153846153846154,7.757355288800332,86.95137604887431,-1.3287521632192245,Operations,Junior
2690,15,4.911382734592137,0.7333333333333333,5.278830985875844,82.22678745708711,-6.377407977766854,IT,Junior
2691,31,3.074983509740905,0.6129032258064516,8.439405887662652,68.30180228968774,7.72329666426219,Operations,Junior
2692,7,7.346840550761057,1.7142857142857142,8.111248573775669,90.59160700194074,-43.803931129705376,IT,Junior
2693,21,4.762132238808961,0.9047619047619048,5.980919832926715,85.62419301437205,-6.942283017600651,HR,Junior
2694,48,6.258028061027146,0.2916666666666667,8.072129817016329,85.96546697839345,24.727037273624397,HR,Junior
2695,32,7.902269499254911,0.09375,5.050570405600074,94.87948587321623,19.558858176133427,Operations,Junior
2696,33,2.301052101919844,0.030303030303030304,5.868986289923521,88.08842872021606,31.906490631112614,HR,Junior
2697,25,2.5801673587254026,0.68,5.260548954683584,89.02029911043036,7.2437251046352635,HR,Junior
2698,20,6.322740448776537,0.05,8.12090766647158,93.29919304985555,16.514357712418036,Finance,Junior
2699,41,3.690950019772832,0.34146341463414637,8.023496604713548,65.28968999471128,20.0321355203722,IT,Junior
2700,24,3.1058083817005944,0.75,8.254544095207322,77.42045817673238,1.1724748719452869,HR,Junior
2701,10,2.236171278918377,1.4,5.017926773302115,80.31984582567756,-24.40837339270124,Operations,Junior
2702,23,2.131080271917211,0.8260869565217391,7.004930906713632,71.52465052278602,-0.9398391349293931,Finance,Junior
2703,9,6.646913618718745,1.0,7.819344790069346,89.37911703630769,-20.018003830175953,HR,Junior
2704,7,2.8066005642173,2.7142857142857144,5.621604514956061,86.68468675760032,-65.50483520548596,Operations,Junior
2705,5,4.806323695826905,2.0,7.599162910050499,85.23090760778435,-49.566465870096934,IT,Junior
2706,42,5.635380891076898,0.21428571428571427,5.336440397238743,94.90023039153584,26.480712867581943,HR,Junior
2707,19,4.570110803413078,0.21052631578947367,5.725303424417253,69.07834806929367,9.759658533348368,Operations,Junior
2708,38,2.1626399140173986,0.21052631578947367,6.903187259978404,85.74100380863975,29.307131460008943,Operations,Junior
2709,39,6.701009015527453,0.48717948717948717,7.614260610724408,79.29915662170652,11.242428677901781,Marketing,Junior
2710,29,2.063079347249921,0.6206896551724138,5.583476507815584,70.95462138728567,8.844075927784878,Operations,Junior
2711,28,6.571339366264904,0.42857142857142855,5.740893323323752,65.62054047530941,3.9242865053892206,Marketing,Junior
2712,16,7.359826962728736,1.0625,5.817785468262652,91.35593429736414,-18.72346706598464,IT,Junior
2713,22,4.597039526343034,0.7272727272727273,5.954803218795914,80.84094189477459,-1.6440724919129686,IT,Junior
2714,19,5.213254838586789,0.2631578947368421,5.906215394105165,88.87268431742781,10.85329034420672,Finance,Junior
2715,48,4.861900355705923,0.1875,6.5805964339905465,79.08707444005407,29.268614176598966,Marketing,Junior
2716,20,4.335251711740633,0.05,7.615158603346892,67.69919782289068,15.369336141096872,Operations,Junior
2717,31,7.3245472122221615,0.16129032258064516,6.752127132537879,71.81420845851139,13.475037589838598,Finance,Junior
2718,12,7.363601064019943,1.0,8.103895634999553,73.35385948657412,-22.856430230725064,Finance,Junior
2719,29,4.014898187849207,0.5862068965517241,7.877074023794459,94.05271843762958,10.59454041527578,IT,Junior
2720,21,5.690418524088188,0.2857142857142857,5.506107656196303,60.19716474334839,4.68716732906473,Operations,Junior
2721,33,7.561445372875185,0.030303030303030304,5.195366493282975,94.49831080585776,22.66768050633027,Marketing,Junior
2722,12,7.772350993648109,1.0833333333333333,8.511766255998424,94.31615722884408,-21.981470541527404,IT,Junior
2723,19,5.0537542425322854,0.21052631578947367,5.319324266251494,94.86527766855478,13.949757574962177,Finance,Junior
2724,31,4.7169488317059605,0.5483870967741935,5.593356722878852,76.6805862621872,8.050606685799714,HR,Junior
2725,11,3.6721658955711547,0.9090909090909091,5.088533102232472,93.73331393673499,-9.270396276522582,Finance,Junior
2726,7,7.75323123914246,1.2857142857142858,7.513345461194615,73.84597136474396,-35.1086967767647,HR,Junior
2727,33,2.856885826837204,0.30303030303030304,7.329482252633394,60.920305423393536,17.179380340095207,IT,Junior
2728,48,5.47897745628635,0.020833333333333332,8.947614665741023,67.85215152301176,30.78747539202965,Marketing,Junior
2729,28,3.6953016051118333,0.5,8.547729585268687,93.08536857280846,13.026470504338029,Operations,Junior
2730,7,3.6740497420867797,0.8571428571428571,6.643372709923639,60.481764266739,-16.76603234511147,HR,Junior
2731,24,4.429811524257131,0.3333333333333333,6.48634336365014,79.10979473980413,11.362335899446563,Operations,Junior
2732,19,7.992757614893927,0.21052631578947367,6.18740813711994,62.64605561131377,1.6279064187906904,IT,Junior
2733,29,2.3297978410389324,0.20689655172413793,5.609627680151526,70.02388024496524,20.538283815191043,IT,Junior
2734,34,5.4712509092211885,0.5588235294117647,5.552334626408037,63.083249774916034,5.309442254187887,IT,Junior
2735,18,2.495432948211663,0.05555555555555555,5.529134832038421,90.08350173895697,22.159167784701403,Marketing,Junior
2736,11,2.927124979943114,0.18181818181818182,5.456459028747114,80.6874748376697,11.428699553102255,HR,Junior
2737,21,4.637377650637392,0.047619047619047616,5.962048169622148,91.57372630014095,20.211418530181977,Operations,Junior
2738,48,5.062760788078648,0.375,6.226674521252466,84.09236198390799,24.2429508206243,Finance,Junior
2739,24,3.5527544501871438,0.125,8.846315884155663,93.98601959357849,22.34169501834141,IT,Junior
2740,40,3.898742785246497,0.475,7.313893004007543,77.84571791661423,17.521658012829853,Operations,Junior
2741,13,2.5218021215355986,0.46153846153846156,8.950383098053123,82.3548703617006,5.38121598311508,Operations,Junior
2742,42,3.819318703065503,0.14285714285714285,6.489867791302693,80.17080869611698,29.309810047378104,Marketing,Junior
2743,26,7.799350636283265,0.6153846153846154,6.830506530357765,76.94911503063145,-3.0704167279787047,HR,Junior
2744,6,7.66824429003489,3.0,6.298314636661116,89.60857778980544,-83.8147730221087,Marketing,Junior
2745,28,4.00926974082191,0.5357142857142857,5.731550603586211,82.55837974846261,9.221707896620135,Marketing,Junior
2746,12,5.425123617672569,0.16666666666666666,5.572658831110317,88.04592926994155,8.958938618643172,Operations,Junior
2747,15,7.457572346665666,0.9333333333333333,8.780316791231328,87.52273778108446,-16.410597137114436,HR,Junior
2748,17,2.03710293584538,0.7647058823529411,8.947242727195023,66.68658062293534,-3.478066217691925,HR,Junior
2749,21,6.864101422025551,0.6666666666666666,5.179637986034926,82.75572363811753,-4.577058116427597,HR,Junior
2750,12,7.690217316733514,1.0833333333333333,5.601383498927066,66.9876806713467,-27.282898499197692,IT,Junior
2751,25,2.5479544060013426,0.24,6.6940963692040905,80.41621673853197,18.787334535703714,HR,Junior
2752,22,2.968686116197526,0.09090909090909091,5.745333905377629,83.71021395562052,21.277397831456323,Operations,Junior
2753,34,7.7644778166281325,0.47058823529411764,6.455521574507533,94.90322750556554,9.734042809033314,IT,Junior
2754,22,5.225240861842078,0.4090909090909091,5.5163853994385335,61.06896923524084,2.690584850636739,Finance,Junior
2755,35,2.085179806830342,0.4,6.826047026887161,63.193483793980235,17.468337145135365,Marketing,Junior
2756,42,3.545791992581175,0.11904761904761904,6.086778464677037,62.6959343729931,27.076174318007695,HR,Junior
2757,36,4.699662045613158,0.4444444444444444,6.407620223034643,73.9426450193359,13.655871579307531,Finance,Junior
2758,15,6.157453466148606,1.0666666666666667,5.377250605850991,88.75559265200349,-17.563788401896513,HR,Junior
2759,49,6.398962268820798,0.2653061224489796,6.712512202840567,89.54197164754974,26.551286118398963,Marketing,Junior
2760,29,7.972529077552736,0.5862068965517241,8.93303044384628,85.79428585024031,1.0275921183908672,Operations,Junior
2761,37,3.725067196302554,0.10810810810810811,6.315332187524762,91.39073846404817,29.784770056961285,Operations,Junior
2762,42,5.229320611210851,0.16666666666666666,8.50571709936974,71.30009804593084,24.001378386764465,Marketing,Junior
2763,45,5.19994128715763,0.13333333333333333,8.37279656649474,63.08541254883047,25.217199935450836,Finance,Junior
2764,12,4.433871556683425,0.25,8.808233673188843,62.035355979644756,3.2393280825621016,IT,Junior
2765,15,3.014971363054521,1.1333333333333333,8.160438049068379,89.82464518667852,-13.065013688773337,IT,Junior
2766,26,7.864739379103055,0.15384615384615385,7.638387308235259,85.56527030237919,12.368190686885114,HR,Junior
2767,28,7.119903119999517,0.5357142857142857,8.42633777690983,84.45153571038924,3.3790723306502457,Marketing,Junior
2768,45,4.989998169765423,0.28888888888888886,5.3025787226293986,71.88867184909842,22.731071363622174,Marketing,Junior
2769,21,5.619472536104179,0.8571428571428571,6.851322628795231,73.29668160163791,-9.693894466166487,IT,Junior
2770,16,3.3635663213579736,0.8125,8.957024954460236,93.53397351147618,-2.795337940420712,Finance,Junior
2771,36,5.262722422350482,0.2222222222222222,8.07840060517893,62.23316604342772,16.854521697317914,Marketing,Junior
2772,19,6.169820798728855,0.2631578947368421,8.848301512148893,87.08061079282274,8.581743719001576,Operations,Junior
2773,20,5.091002170319532,0.8,8.118537424533915,70.83716632979376,-8.014571074680312,Operations,Junior
2774,26,7.941711023509647,0.6923076923076923,8.499527869768578,61.36691164443946,-8.779270487362174,Marketing,Junior
2775,32,5.668049937486357,0.34375,7.8261185292127635,85.98995387598596,14.74939090022448,Finance,Junior
2776,24,4.225842275553014,0.125,8.042008017668959,71.58191599874311,16.514698648642593,Operations,Junior
2777,37,6.6329121656950285,0.40540540540540543,7.092712039358003,85.27516315599789,13.827046137647356,Finance,Junior
2778,14,3.0227750694898523,0.7142857142857143,8.69695080325653,84.7679034091342,-2.1205408857242922,IT,Junior
2779,44,4.3070948822376,0.06818181818181818,8.300155642493447,78.71754064015903,31.48386381810206,HR,Junior
2780,36,4.081753702265515,0.4444444444444444,8.375539862662528,87.20805952236921,17.54477116660948,IT,Junior
2781,37,4.590842570646664,0.1891891891891892,7.692036403852209,80.33634134599352,23.409907452229696,HR,Junior
2782,6,6.690678955572357,2.1666666666666665,6.218319788348996,70.03228984968912,-60.77489994120688,Operations,Junior
2783,37,4.905038192980445,0.02702702702702703,5.142519181560557,85.69403553725466,28.717919910679232,HR,Junior
2784,37,6.764086701595776,0.2702702702702703,8.742620517638178,80.61989355572032,16.687697199844404,HR,Junior
2785,45,5.458933418839195,0.2222222222222222,7.344481395221988,60.44545485914722,21.50455746748439,Marketing,Junior
2786,17,4.052416607945332,0.29411764705882354,6.192571884592561,91.55754622196082,11.583146616736794,HR,Junior
2787,34,6.859872462100835,0.38235294117647056,5.596540431390151,79.09752664135097,11.029172168774407,Marketing,Junior
2788,37,3.4297380233185493,0.24324324324324326,8.318092662003018,90.40195429178361,26.123617514422325,HR,Junior
2789,17,3.346297878798773,0.4117647058823529,8.346080777790316,90.89578936437856,9.333620938807579,Marketing,Junior
2790,30,5.027017544329015,0.2,8.258031872522126,75.5738329857281,17.060731508487592,Operations,Junior
2791,26,3.5650954757725337,0.2692307692307692,7.580330767867145,77.76809987579308,15.946505946690474,Operations,Junior
2792,43,2.054522209707298,0.16279069767441862,6.464061550367504,74.55140356864607,31.71751536408206,HR,Junior
2793,6,5.889785163792809,0.16666666666666666,6.216281139121028,75.7302871357816,1.966487099570701,Finance,Junior
2794,42,5.066562928834388,0.35714285714285715,5.034219080472681,91.33015056401047,22.618618540847603,Operations,Junior
2795,43,4.673106886958967,0.18604651162790697,8.334430234752961,87.58504048887688,28.389398975020235,IT,Junior
2796,30,7.801811087709892,0.4,5.34973078997457,64.42839867104523,3.2820575587892638,IT,Junior
2797,19,5.427195103777482,0.5789473684210527,7.5230199921630705,81.36077235390336,-0.5506567894058669,Marketing,Junior
2798,38,7.180589466736307,0.42105263157894735,7.016299787360353,94.85673241352198,14.778588601863364,Finance,Junior
2799,46,2.836701417230961,0.021739130434782608,7.106757435705404,80.844274543137,37.443278161122,Marketing,Junior
2800,48,5.415238778776566,0.25,8.706851381231093,87.50550689575869,27.9706238215986,HR,Junior
2801,44,7.207877760385418,0.0,5.126460045084968,86.91715156834098,29.36767479289736,Operations,Junior
2802,15,5.498634543679388,1.2,8.09356889851509,72.2611134055315,-23.545046406252474,Finance,Junior
2803,7,6.30808506876201,1.4285714285714286,5.2082095934692285,73.01472559463856,-36.67036787573917,Marketing,Junior
2804,10,4.232261406873244,0.4,5.152614423741509,85.34267476266412,2.604012138786338,Marketing,Junior
2805,13,2.5546971022223994,0.0,6.719270792565528,77.49942360616923,18.190490516789048,IT,Junior
2806,10,4.747401770762428,1.9,5.252300697371867,79.96997481956357,-44.50080857761215,HR,Junior
2807,13,4.366876345033145,0.9230769230769231,8.156575805171649,84.95170266276932,-11.635719849820116,Marketing,Junior
2808,43,7.202361094273684,0.16279069767441862,7.118252374593348,87.21512594636675,23.954582070493426,IT,Junior
2809,35,3.4639718141148332,0.14285714285714285,5.116155130639098,69.5030802206575,23.68695813018755,Finance,Junior
2810,36,7.800405365210649,0.4444444444444444,5.162002745927678,65.1377815802937,5.69341225230411,Marketing,Junior
2811,45,7.748828718826977,0.24444444444444444,7.4506741189579175,70.21281263533038,18.21157175607879,IT,Junior
2812,16,3.485789858428632,0.0,8.22444727063362,77.76384137822265,18.181188558787266,HR,Junior
2813,12,4.088311732863923,0.16666666666666666,6.751198125099094,71.97494610539637,8.418365755351427,Operations,Junior
2814,12,7.3733344452433105,1.0833333333333333,7.218322686142498,79.89269655966578,-24.068129578553467,Finance,Junior
2815,32,7.7997333253766445,0.21875,8.199317816199606,61.87130034439699,9.41229341812611,Marketing,Junior
2816,24,4.660634617016264,0.4166666666666667,7.442024696167277,77.84126440648186,8.146983647263843,IT,Junior
2817,11,3.9259822738453867,1.1818181818181819,5.899040950635278,72.87947174281977,-22.130615653672272,Marketing,Junior
2818,15,5.156564079509252,0.4666666666666667,7.452208103477915,78.71333642125089,0.42953912523167403,Operations,Junior
2819,24,6.126615238194409,0.08333333333333333,7.513117836260854,74.78866742097419,14.60450300780602,Marketing,Junior
2820,20,3.640847092249879,0.3,7.936427923524507,69.94790477231399,9.707886769963041,Marketing,Junior
2821,8,6.418839047714437,2.25,7.483496750227205,91.64377669101725,-57.20892275722542,IT,Junior
2822,10,2.309944142687846,0.3,8.876968521832152,66.46677459474749,5.673466633573806,Operations,Junior
2823,26,2.2957669565864984,0.5769230769230769,5.789153234868274,83.8477951453196,10.470332808198616,Finance,Junior
2824,30,4.317726230873271,0.4,8.804362718268305,92.36256494038449,15.837060526330355,IT,Junior
2825,7,4.120839152364324,2.7142857142857144,7.153357961400065,78.85344858899016,-69.69956001550204,Operations,Junior
2826,45,3.893799292202914,0.4,7.687824561979648,90.67429710028188,25.347260835650548,Operations,Junior
2827,46,4.94611857601346,0.08695652173913043,5.397846389808759,64.36980174516495,27.973027544832156,Marketing,Junior
2828,18,3.9244014938694276,0.2222222222222222,6.522303765512428,77.28260695897428,11.741051737389336,HR,Junior
2829,15,3.1535475108085516,1.2666666666666666,8.07751658585269,75.99588481683288,-20.107918058250526,HR,Junior
2830,22,3.8568172945316057,0.13636363636363635,7.827644060395961,60.28415824629482,13.452287969286663,Finance,Junior
2831,16,7.84942563686141,0.0625,5.160557552661641,75.5140069475767,7.128950115792522,Marketing,Junior
2832,27,4.466680501969091,0.4444444444444444,7.186377053988979,72.91604147339092,8.51651395740667,HR,Junior
2833,16,4.668276661150014,0.9375,5.353112771873638,83.44295547211154,-11.172962227877719,IT,Junior
2834,17,5.45926993970684,0.058823529411764705,8.983425716712649,92.84154225017815,16.085062688269005,Finance,Junior
2835,29,7.900044610485359,0.6206896551724138,8.58918635413318,63.00268808917128,-4.420241258308877,Marketing,Junior
2836,49,3.4496076586145783,0.32653061224489793,5.084322641714148,71.46167353501181,26.997201022426268,IT,Junior
2837,23,6.087692663194603,0.17391304347826086,8.434598315610524,75.54226580879882,11.51567653102273,HR,Junior
2838,40,6.2959081612503445,0.425,8.67771840223363,75.93148823120342,13.844481323739995,HR,Junior
2839,49,5.643946500758395,0.3469387755102041,6.414192890253821,87.11834022947889,25.127611779072865,HR,Junior
2840,12,2.5314700378198642,0.5833333333333334,7.878006620191064,75.51884830417043,-0.2591704148056415,HR,Junior
2841,33,6.061233654965459,0.42424242424242425,6.768414984831116,60.950645550877866,7.140389072971928,Operations,Junior
2842,36,2.3845682662170526,0.3333333333333333,7.620929938305377,84.85364331074909,23.801592129715715,Finance,Junior
2843,48,5.576855897299382,0.25,6.361269617192766,90.96903933009851,28.340096071420938,Finance,Junior
2844,22,6.437487063330456,0.6818181818181818,6.290236946533073,77.98666493923855,-4.532186593358656,HR,Junior
2845,10,3.2658193437197025,1.9,6.697735555430317,80.33879825944769,-41.463879035549866,Finance,Junior
2846,22,7.049732045256644,0.5454545454545454,5.582271034610004,65.70277536391661,-4.1225453813663275,IT,Junior
2847,23,2.182122833198026,0.8260869565217391,8.32455585774153,67.7226080637635,-1.8023327492955268,IT,Junior
2848,26,7.062877181949837,0.038461538461538464,6.394791581446547,68.23095836936142,13.966591156126457,Finance,Junior
2849,41,4.76197430385659,0.04878048780487805,6.60059821562338,75.07596912084533,28.627830582309542,HR,Junior
2850,36,3.305527639589867,0.3888888888888889,8.576218450808579,92.48508273134748,21.819294600423092,Marketing,Junior
2851,45,2.8026688699638083,0.4,6.986495256252685,78.26246683502102,25.047155627076588,HR,Junior
2852,7,7.719843005494235,1.7142857142857142,7.177015637403452,66.72341758204735,-49.32357392315043,Operations,Junior
2853,32,2.43599352548694,0.125,8.825992499108395,69.31307075541324,24.440627100108767,Marketing,Junior
2854,14,3.194560519615554,0.35714285714285715,8.546905532579956,73.44052604045145,5.984698454573467,Operations,Junior
2855,39,4.086934084598276,0.3333333333333333,5.677866835553758,81.81406414924798,21.588944660653045,Finance,Junior
2856,33,5.721409093766723,0.09090909090909091,6.89286011967242,75.40116035514019,20.710141156221866,Operations,Junior
2857,19,5.2688065116565905,0.9473684210526315,8.885184909714182,73.73556954619238,-12.81155174565365,Finance,Junior
2858,37,2.753860954473884,0.16216216216216217,6.489465192914411,79.76550101396481,27.780513428980328,Operations,Junior
2859,11,3.738367902429288,0.2727272727272727,6.486292434064801,68.4642248234063,4.634290978004502,Marketing,Junior
2860,16,3.4325106265161445,0.0625,5.780120927156617,62.76161454046038,13.412301655059787,Operations,Junior
2861,34,3.281257126942048,0.17647058823529413,5.457292456476501,60.854501018777775,20.714268302812634,HR,Junior
2862,25,4.466866018879922,0.08,7.961219163023927,68.79407072134944,17.425082106510047,Finance,Junior
2863,35,6.224188715549941,0.4,8.080121874806066,63.205721195056405,9.1927668079114,IT,Junior
2864,28,3.3047175933034154,0.0,8.876051854012,71.77192234822684,24.544949283038537,Operations,Junior
2865,24,4.2000732782178885,0.041666666666666664,8.093672843621452,87.05267391259144,22.16038822608251,Finance,Junior
2866,41,4.345504561046973,0.21951219512195122,5.973409976134395,85.07030156703934,26.33768533765538,IT,Junior
2867,8,7.8587391766124615,1.875,5.160466313154062,81.382466797581,-50.89098499370872,Finance,Junior
2868,32,7.727998141274413,0.4375,8.94174953747864,89.83750853578175,8.586505424607525,Finance,Junior
2869,48,6.800825496512456,0.2916666666666667,6.361802782174423,69.87236685904969,20.422822378785025,IT,Junior
2870,24,3.449953524915111,0.5416666666666666,6.247886169729683,90.9768813560488,9.44546922137954,IT,Junior
2871,28,2.408223884550018,0.4642857142857143,8.62382083899753,73.97337093842127,12.849654990012791,Marketing,Junior
2872,36,3.9014248263237485,0.1388888888888889,7.340399594179944,74.03126613933193,24.43673690855222,Operations,Junior
2873,45,3.600767296602985,0.28888888888888886,5.859484695396539,74.18730647689326,25.969260035506018,Operations,Junior
2874,40,5.035554800878363,0.4,8.556384970864958,63.43330281843435,14.615550961930145,Finance,Junior
2875,38,6.666367460406758,0.4473684210526316,8.973443420218974,94.14216744158695,14.874645935924928,HR,Junior
2876,40,7.149937633273148,0.475,5.346714244603323,64.84773722388057,8.419672178229819,HR,Junior
2877,6,7.0691845124630515,3.0,8.449006513209948,71.93100035642146,-86.15216895364182,Finance,Junior
2878,19,4.158053367338407,0.8421052631578947,6.562062790737576,71.1755112114365,-7.9441623871263545,Marketing,Junior
2879,38,6.123406060764097,0.39473684210526316,7.0962897860268175,62.61378014858484,11.233838645030879,IT,Junior
2880,40,3.87700518514532,0.175,8.659263903059923,65.32910455391568,24.0618105404925,Finance,Junior
2881,10,2.3654332594110965,0.6,8.89351678310047,61.5700417664885,-4.416858165524491,Operations,Junior
2882,43,6.209391593617654,0.4418604651162791,6.0486556416351975,70.23415727461797,14.172234314199915,HR,Junior
2883,46,2.0589653154187273,0.2391304347826087,5.851403083839655,90.33299234101173,34.37475479388662,HR,Junior
2884,16,4.455095524750932,0.5,5.322066234366048,71.88047720080846,0.06590439065982778,HR,Junior
2885,7,3.9762756158124546,1.8571428571428572,7.247191410648552,64.32921412235827,-46.600994121438966,Marketing,Junior
2886,49,6.160265231113114,0.3877551020408163,5.054417581802673,82.59928539343713,21.96667355523671,Operations,Junior
2887,22,6.5974728365622735,0.0,6.647593190439746,94.88103192192187,18.98126071125983,Marketing,Junior
2888,44,3.824567815827703,0.20454545454545456,5.293536066608034,68.13133263361746,26.240767258704448,IT,Junior
2889,25,6.869762086669121,0.64,6.620903131717336,69.78498518796994,-3.982527135744254,Finance,Junior
2890,19,3.7635005630296026,0.8421052631578947,5.159728757062437,94.0146468998276,-2.587229640830529,Finance,Junior
2891,37,4.677958159919367,0.43243243243243246,8.340869042435076,66.25717006426704,13.1225447200417,HR,Junior
2892,39,6.362111162084804,0.07692307692307693,5.8389559757542635,77.89249236107074,23.946583840352233,HR,Junior
2893,30,6.157521375348732,0.5333333333333333,6.3132348414316475,68.38782465556332,3.3625221804152012,IT,Junior
2894,12,7.9242108338732,1.4166666666666667,8.480191986425567,92.63231642654353,-32.6219583824377,Marketing,Junior
2895,40,3.3509661452955912,0.475,7.98506424532882,94.3532355101703,21.918714811442875,Operations,Junior
2896,34,5.973907481237494,0.029411764705882353,5.8761534465682335,88.51442461420054,25.272717019188647,IT,Junior
2897,27,5.658091449654664,0.25925925925925924,5.287597674629984,71.01743355344837,11.309526033602566,Finance,Junior
2898,46,7.490590726940179,0.2608695652173913,7.862695107421358,74.12206163481767,19.617143916561435,Finance,Junior
2899,48,2.9381728498692503,0.3958333333333333,6.562810202752438,68.48069892832474,24.744794085926443,Marketing,Junior
2900,18,6.510788981521598,0.7777777777777778,8.064319996472886,91.17652884531469,-7.319605527313591,IT,Junior
2901,18,5.40961169761261,1.0555555555555556,6.781179089500842,92.00953971908552,-13.283982118074785,Operations,Junior
2902,6,3.6479952187274325,1.3333333333333333,6.384009651889105,74.66047317861165,-28.763895801732538,IT,Junior
2903,41,4.846609484883045,0.04878048780487805,6.8048216328495865,82.97865744660507,30.03909788540858,IT,Junior
2904,9,4.0026595824187865,0.2222222222222222,7.994235942682707,65.79436129211429,3.88688642691862,Marketing,Junior
2905,42,5.4758804167307655,0.023809523809523808,8.608881146161497,75.22275651271931,28.57850475479662,Operations,Junior
2906,49,7.334003664887995,0.0,5.199068786354302,82.10246873357241,31.152486416938487,Finance,Junior
2907,45,5.415829906473212,0.28888888888888886,7.096446164907821,73.48910914813068,22.19949535001305,HR,Junior
2908,18,5.7903345099595045,0.8888888888888888,5.131341716335511,72.5159833990261,-12.944139006780453,Operations,Junior
2909,43,5.112487082688257,0.27906976744186046,6.873638180097435,60.034964729342995,19.20992575723627,Finance,Junior
2910,29,2.3069930386728554,0.6206896551724138,8.541131316387602,88.15027123219899,11.795378513921673,Marketing,Junior
2911,24,3.3971513412565653,0.5833333333333334,6.446361065681239,91.12681642075069,8.331060601637006,Operations,Junior
2912,6,4.952010376592496,2.1666666666666665,8.729801684322574,93.93122353410413,-52.51777604636416,Operations,Junior
2913,43,3.861411702468229,0.023255813953488372,7.522433886602437,85.17449847742255,34.4144018719434,Finance,Junior
2914,10,3.0905815865671653,0.6,8.736621375172025,79.20773093294596,-2.3396169865451366,Finance,Junior
2915,21,5.02479705151063,0.7619047619047619,8.02866650165008,69.42495819330483,-6.421745321503149,IT,Junior
2916,29,3.9368587606871017,0.5862068965517241,5.413740666595049,94.97548165872244,10.93517191381856,IT,Junior
2917,32,3.548645859040488,0.15625,5.924605470250708,80.6413499086237,23.543478263643763,Operations,Junior
2918,6,4.783912504642284,1.1666666666666667,6.576681818334025,83.84039253156561,-24.199746502971443,HR,Junior
2919,39,2.799705548493039,0.02564102564102564,5.680427528048304,83.88421566843613,33.80820126747038,Marketing,Junior
2920,41,7.566474398452444,0.0,6.979646419106642,89.58381285150135,27.38381377339538,Finance,Junior
2921,9,7.206212587515434,1.6666666666666667,6.885472622805962,60.33853885964217,-46.94471740310244,IT,Junior
2922,5,6.2457235144432115,1.2,8.825036792109525,67.70864291509801,-31.94971844586682,Marketing,Junior
2923,44,2.637282965530737,0.22727272727272727,6.734911531583911,83.29369000595048,30.965990251946803,Operations,Junior
2924,16,6.655263526818159,0.875,8.14250721715199,91.33010078885988,-11.69450689586434,Finance,Junior
2925,40,6.847743968654114,0.3,8.76764217940592,83.98685736724747,18.101883536141266,Finance,Junior
2926,49,6.606587706286026,0.02040816326530612,8.507955323895942,74.47219520227881,30.469018729924528,IT,Junior
2927,27,2.683795322715447,0.48148148148148145,5.834670498046368,72.65444235545915,10.918853381216493,HR,Junior
2928,35,5.8634477424065885,0.14285714285714285,6.984119577014177,85.82818028991622,22.153026287455784,Finance,Junior
2929,15,7.0059487744963915,0.5333333333333333,6.3909591291837025,85.94331939980177,-3.8232336690324296,HR,Junior
2930,14,5.464120407318006,0.42857142857142855,6.599434780548862,81.24702973769917,0.8640222757609664,Marketing,Junior
2931,7,5.878444251368534,2.4285714285714284,6.4432273049830044,70.2013458434068,-66.37376219119855,Finance,Junior
2932,18,4.750180876557837,0.4444444444444444,8.305436840700017,92.38041864366903,6.442388642284801,Finance,Junior
2933,20,5.172243919304316,0.15,6.808556220489789,79.31579797415236,13.01867175622184,HR,Junior
2934,14,2.2062611501103513,0.5714285714285714,7.094777328978752,87.66723246869157,4.378067050660469,IT,Junior
2935,33,5.833778131839708,0.09090909090909091,8.929789428188299,67.50078917566411,18.90532884418068,Operations,Junior
2936,14,2.488683277346955,0.7857142857142857,5.239917088766066,72.04142760151548,-5.740509605819383,Marketing,Junior
2937,16,4.61008756604134,0.1875,6.951830559162995,90.61028307355699,12.876881482628717,Finance,Junior
2938,34,3.755930586004447,0.5588235294117647,8.096246827784464,61.75374604789889,8.474182155217942,IT,Junior
2939,45,5.272567701270279,0.28888888888888886,5.604647832752907,77.93103589398316,23.37440510958941,Finance,Junior
2940,5,2.8004980131392427,1.2,7.446126378459096,76.85969179454031,-23.229057667370427,Marketing,Junior
2941,9,6.149860411839909,1.3333333333333333,5.957859118137867,86.29305661178287,-29.641109501323246,Operations,Junior
2942,24,6.7700692215708225,0.2916666666666667,8.46961645289827,69.86628197097663,6.08311795105368,Finance,Junior
2943,12,2.980126698458939,0.3333333333333333,6.308398661600317,67.66733876508599,4.77321435609932,HR,Junior
2944,47,2.625878524111293,0.23404255319148937,6.316251267603638,92.41464935706318,34.40989622744537,IT,Junior
2945,16,2.873092896724155,0.75,7.392775514071574,80.00983781854626,-2.6442182297390566,Operations,Junior
2946,5,7.26276537139101,3.8,5.734251632479635,63.66413488992791,-112.79270376479644,Finance,Junior
2947,24,5.1691355705381365,0.5416666666666666,6.139554555612245,66.75626567750123,1.1629819944239728,Operations,Junior
2948,32,4.803565976045015,0.53125,6.666527400477646,94.9589120829987,12.647150464509709,HR,Junior
2949,47,2.640270914614126,0.40425531914893614,6.414551452560442,66.84631486882674,24.16106157006901,Finance,Junior
2950,41,5.897336040541771,0.07317073170731707,7.09950887202233,81.36664289737875,26.883534547172694,Operations,Junior
2951,41,7.207997551370539,0.4146341463414634,7.398560576275865,74.70448276484663,12.685877059984346,Finance,Junior
2952,16,6.969115215940718,0.375,7.266669815000658,90.99596831974424,2.6109632320674105,Finance,Junior
2953,41,5.756328253884808,0.34146341463414637,7.616673247967729,86.43090073033648,20.129621199273288,Operations,Junior
2954,48,2.451672299910042,0.10416666666666667,6.230998066431281,80.89329886916356,36.95031517401263,Finance,Junior
2955,32,2.6743821630560776,0.46875,5.505704908620112,60.375864362929384,11.863908546473722,HR,Junior
2956,19,2.295853922658948,1.0,8.043230165724308,90.79283226227109,-5.033141392863676,Operations,Junior
2957,10,3.544875298954816,0.7,8.403121530522728,75.56336147935507,-6.977078302038617,Operations,Junior
2958,48,2.8139688029622665,0.3125,6.028024928889729,92.60521785565018,32.318105965205504,HR,Junior
2959,24,3.5602882415146033,0.625,6.628367824632079,77.34386544989704,3.9981966069501986,HR,Junior
2960,18,4.31034833431377,0.1111111111111111,6.9942768678542215,84.2978571213954,15.705541422318205,HR,Junior
2961,6,7.657896704426814,2.6666666666666665,7.133307371011746,62.425242731332474,-79.23074486258713,Finance,Junior
2962,13,5.662256358690152,0.6153846153846154,7.637960684350608,86.0803078734375,-4.769989604231267,Finance,Junior
2963,41,7.009842714097774,0.04878048780487805,5.166412933421285,71.8298610959173,23.482872156841566,Marketing,Junior
2964,24,6.262109004273993,0.7916666666666666,7.8859083309360685,72.29756550161233,-7.414704908225522,Finance,Junior
2965,30,2.6750187831597905,0.2,5.247884027917641,64.15295456482865,19.48055334664615,HR,Junior
2966,33,6.415522438243693,0.5151515151515151,6.8731542706914714,65.14000020240708,4.542409709448577,Marketing,Junior
2967,5,3.6505932893547466,2.2,8.310684542276777,66.50156696721736,-57.000873185266016,HR,Junior
2968,39,5.834647081968238,0.46153846153846156,6.804861253113585,71.48721589999978,12.181995169909634,IT,Junior
2969,10,4.045771841857931,1.5,5.5963589950729915,91.2189469471462,-28.847754294286624,Operations,Junior
2970,41,7.986033579587955,0.3902439024390244,8.94013538002384,72.88910833805282,11.49843743526392,IT,Junior
2971,9,3.5813088769806667,2.111111111111111,8.557141848297054,85.35269472971265,-48.025412141352135,HR,Junior
2972,37,3.674782824645618,0.3783783783783784,8.085254532900056,62.8961626361455,16.07831552658651,Finance,Junior
2973,18,7.58403353337439,0.0,6.646046411596842,80.68845797451974,11.769624528155168,Operations,Junior
2974,16,2.1478664278179362,0.0625,5.735382907557192,76.86619309446539,18.802505763257205,Finance,Junior
2975,46,6.180133927239181,0.15217391304347827,8.765644725674004,94.22852814340766,29.52022038289882,Finance,Junior
2976,24,6.3519583444152685,0.041666666666666664,7.129404506068556,89.6172719457637,18.369537700322205,Operations,Junior
2977,28,7.018271464462396,0.6428571428571429,8.40942184154994,75.91904203535275,-1.338448807568529,Operations,Junior
2978,47,7.846635863830852,0.1702127659574468,6.3683800230377035,87.12999674158687,24.82634464193226,IT,Junior
2979,38,7.853611514939915,0.21052631578947367,6.341153268317882,66.75635594528221,14.128258685492405,HR,Junior
2980,29,2.3916605453987834,0.41379310344827586,8.942161922696156,79.68177145871223,16.139240097496604,Finance,Junior
2981,33,6.931035936517415,0.15151515151515152,7.0873321939794,62.61166694490478,13.91480697049158,HR,Junior
2982,43,5.877859601944288,0.32558139534883723,5.562781695442985,72.1831161288089,18.71346216140809,HR,Junior
2983,35,5.884052806238547,0.5142857142857142,5.87869871197883,67.90517635677597,7.384358230306674,Marketing,Junior
2984,47,2.770099559688169,0.2978723404255319,6.9277771175708835,85.16184353638238,30.75599937513418,IT,Junior
2985,27,5.9011229986739195,0.6296296296296297,5.169883641953645,77.15317419250265,0.9394999522638017,Finance,Junior
2986,48,7.8948954836074865,0.125,6.8501359415132015,86.28746675968037,26.517702384721098,Operations,Junior
2987,42,7.470911417236682,0.23809523809523808,6.67576336832051,78.03534031710059,18.722388086089612,Operations,Junior
2988,24,4.634783964829103,0.2916666666666667,8.117345061277948,63.026955475307346,8.985823165403263,HR,Junior
2989,27,2.239687839716566,0.18518518518518517,6.419767857956967,85.73786774063844,23.312642313139,IT,Junior
2990,49,4.1737609400012285,0.14285714285714285,8.930195046158397,89.16302423957319,34.59936868219789,IT,Junior
2991,20,6.9583418696033315,0.05,5.7230796772036125,91.62359290694774,14.908034842182884,Finance,Junior
2992,46,6.208994608790996,0.391304347826087,7.36394673987254,80.01971808573478,19.446823964782354,Finance,Junior
2993,12,4.756061933563738,1.25,5.3587971880330185,86.37548756498234,-22.537026354131008,HR,Junior
2994,25,2.3306092109529866,0.24,7.935455935975928,86.32155179089195,20.403091936272418,HR,Junior
2995,5,4.561368366939815,1.8,8.979014752247886,65.45124159296306,-47.03248841528702,HR,Junior
2996,12,4.814149638307301,0.9166666666666666,8.276554551006528,65.74772406108498,-16.778754464397608,Marketing,Junior
2997,33,7.571333197364815,0.48484848484848486,7.222814162881205,62.480992703319416,2.6080776004797066,IT,Junior
2998,36,5.846516621492957,0.16666666666666666,6.938965429598769,71.19697722991054,19.146362202996194,HR,Junior
2999,42,3.8699174999278934,0.16666666666666666,8.340119845067388,76.57280057093726,27.774725114331666,IT,Junior
3000,9,5.1519095867043285,0.6666666666666666,8.743896338842898,94.9264248463976,-5.918534204129138,Operations,Junior
3001,26,2.39633184693296,0.11538461538461539,8.956826103192371,75.08476697238594,22.362751239072807,Operations,Junior
3002,38,7.835409413898421,0.05263157894736842,6.5861569102579365,85.41849059775798,22.633931923333705,IT,Junior
3003,5,4.160359411584356,3.6,8.963669899178049,84.2688959195387,-96.46693963926096,Operations,Junior
3004,30,4.867204129478814,0.4666666666666667,5.623705008695326,67.15686825877029,7.696965392796429,Operations,Junior
3005,47,4.131703845421535,0.06382978723404255,6.014199103727637,62.04775030073027,30.431248752281704,Operations,Junior
3006,14,6.095070380697201,0.5714285714285714,5.356064498935584,79.11023630367556,-5.11095064351643,Finance,Junior
3007,34,5.973392949977558,0.35294117647058826,6.086954065937927,84.51069573100666,14.767117952128565,Finance,Junior
3008,22,6.291933863174814,0.7727272727272727,8.071750206472045,94.93881265651896,-3.577923376864014,IT,Junior
3009,21,3.608859377671525,0.7142857142857143,8.4116974327138,72.55138682984098,-1.5360128179462826,IT,Junior
3010,30,3.894010886984396,0.0,8.115570580410287,91.37275967283838,28.48653016059889,Marketing,Junior
3011,12,2.7515073865772477,0.25,7.524263112670785,73.36763595542152,8.870512417929808,Finance,Junior
3012,44,5.933059831076676,0.38636363636363635,7.055866050090582,84.12940979506794,19.768853205951146,IT,Junior
3013,16,2.2387827640139153,0.4375,7.8348171568545855,80.93885256809682,8.185204985591536,Finance,Junior
3014,31,5.586094013140754,0.6129032258064516,6.563334197068887,61.854257765590894,1.41156675264312,Marketing,Junior
3015,12,7.218175309109803,1.25,8.365233405998808,62.743594943959046,-32.18763162942779,IT,Junior
3016,29,7.344992889737801,0.3448275862068966,7.708760375907142,60.726743140356135,4.510535262388727,IT,Junior
3017,8,4.69422656221977,2.375,7.7912187939776345,72.97919296078963,-61.242614532281614,IT,Junior
3018,37,4.755822129278442,0.4864864864864865,7.143743972516285,86.10303670681037,15.314368488210595,IT,Junior
3019,5,2.4618150980481044,3.6,8.54091593684469,66.04643878967529,-96.71434243816115,HR,Junior
3020,23,6.024590152658215,0.7391304347826086,6.00805893471621,81.20485389343635,-4.182122570107417,Finance,Junior
3021,35,6.927556522237073,0.5142857142857142,6.524590613444203,70.10897230108773,5.738109987171974,Finance,Junior
3022,20,3.4679303276282782,0.5,8.110570278710757,87.89474183926752,7.64308771259695,Finance,Junior
3023,18,4.527805289800188,0.1111111111111111,6.97099558451735,87.94386521510468,15.999829130087225,Marketing,Junior
3024,9,7.033036020591622,0.7777777777777778,8.556856053696762,87.13950802382482,-14.571503769751612,HR,Junior
3025,45,7.262722805973728,0.4222222222222222,6.385597279051409,78.36917298304819,15.481722317995516,Finance,Junior
3026,30,3.459079881585356,0.6,6.477320675278579,69.95983485279481,7.073807207388251,Finance,Junior
3027,32,5.303423807248185,0.28125,8.554943157546502,88.33054153575222,17.821760692654074,IT,Junior
3028,6,3.154958903814962,2.5,6.857481280728164,66.51351966787345,-64.40721387405524,IT,Junior
3029,10,2.611272584837339,0.4,7.064498336809947,70.14158607100296,2.8057720445259147,IT,Junior
3030,13,7.466723008351745,1.4615384615384615,6.331054861342718,66.43816971562175,-37.69196591973299,Finance,Junior
3031,37,6.923045025392655,0.21621621621621623,6.106679768716328,83.59735561356767,18.586894585441737,IT,Junior
3032,45,6.560209410819043,0.15555555555555556,7.6237948433535685,84.01826098405363,26.016566708505973,Finance,Junior
3033,29,2.2925979128788425,0.3448275862068966,5.479362646164816,82.83784974753635,19.03754653754269,Marketing,Junior
3034,17,7.062372756261545,0.8823529411764706,8.517090564731637,74.54605134026338,-15.48612347976453,Marketing,Junior
3035,13,4.628264455432302,0.46153846153846156,8.116812547060432,63.505985252050166,-2.6014857066084183,Operations,Junior
3036,17,4.054370739775158,0.8235294117647058,5.762993054823211,91.89093545802574,-4.23643674088634,HR,Junior
3037,35,5.278858166152259,0.5428571428571428,7.776079783298261,77.77058374042834,9.710686130066867,IT,Junior
3038,45,2.548119456341335,0.35555555555555557,7.410531685142539,74.2440268218882,26.085899785028303,IT,Junior
3039,15,6.539879296114393,0.3333333333333333,5.7381402029465765,80.60887126369026,2.042015660509268,HR,Junior
3040,8,5.494610461329775,1.75,6.09281402420093,66.7476652536687,-45.33968787192581,HR,Junior
3041,38,3.119540581239005,0.18421052631578946,6.635946014935337,64.6392072686706,23.96244450178243,Operations,Junior
3042,42,3.129393198614274,0.14285714285714285,7.796970940981895,74.19338275102803,29.494175867262772,HR,Junior
3043,8,3.1054919094360454,0.125,7.554893635268024,67.95272429349687,8.429561039827284,Finance,Junior
3044,42,2.342014325311604,0.2857142857142857,7.128939390706792,68.55016030880076,25.65457483970837,IT,Junior
3045,23,5.526790696230108,0.21739130434782608,8.073642172456136,91.23790207224853,14.472259891554707,HR,Junior
3046,10,7.042089065531049,0.4,8.031750958424663,78.57657120150387,-4.368863890761322,Finance,Junior
3047,38,2.104989283924332,0.5,7.471436616249024,76.9214172513173,18.9743048824148,HR,Junior
3048,22,2.2940278698276413,0.0,8.1479603335393,84.1317857805009,25.4383014164449,Finance,Junior
3049,17,5.436621660121675,1.0,6.337053499116837,93.30418397868588,-12.012406524506172,Marketing,Junior
3050,45,6.916974112316314,0.3111111111111111,8.524998113290422,63.926949756469746,16.618108393327987,Finance,Junior
3051,27,3.9604333434118013,0.3333333333333333,7.459640343207763,89.173709848824,16.1138752829412,Operations,Junior
3052,23,4.097686392846333,0.08695652173913043,8.289454055249722,80.44067129537461,19.084065821208345,Finance,Junior
3053,49,5.578078984980656,0.08163265306122448,7.185116419161136,65.1157873834143,28.818019914884815,HR,Junior
3054,15,3.6452773347448817,0.8,5.8737529799547215,70.4002261541147,-8.210509438666824,Marketing,Junior
3055,5,2.159650196466105,1.4,7.169640514713235,76.88264957626589,-27.942770477679026,Marketing,Junior
3056,28,6.411371108609576,0.03571428571428571,6.484446655106352,84.19120006020981,19.744069223394238,Finance,Junior
3057,11,5.7538994776487185,0.7272727272727273,7.789996144148378,68.49124559337082,-13.027731654805093,HR,Junior
3058,29,5.484535994333955,0.5517241379310345,6.903175166938944,78.72075854136564,5.623355581674183,Marketing,Junior
3059,25,6.4501047739509385,0.68,8.34445121971075,83.96350695955516,-1.5075081559908448,Finance,Junior
3060,19,6.051385025372225,0.631578947368421,7.712290049287667,75.70592627966272,-4.508953215864533,Finance,Junior
3061,5,3.235291929069927,0.0,7.738177732125296,90.20590863920616,14.570597869701377,Finance,Junior
3062,16,4.114886281660107,0.6875,5.86862133396426,90.43106859941415,-1.1685588434373848,Marketing,Junior
3063,11,2.75666085007175,1.7272727272727273,8.93699906596516,76.4741926174156,-35.4366649948422,IT,Junior
3064,19,2.7791420805072864,1.0,8.366700837085954,94.0523998643115,-5.347804188152274,HR,Junior
3065,25,6.057174478139236,0.16,8.156019538242779,62.645478234190655,10.61474669055966,Operations,Junior
3066,23,7.151600641894989,0.30434782608695654,6.32086090064011,60.117683241302785,2.389900581861884,Operations,Junior
3067,33,7.776395503166834,0.42424242424242425,7.142526611388927,73.32338923313716,6.184614113021038,HR,Junior
3068,29,5.770082705296666,0.06896551724137931,5.548412752297315,81.03839714803783,19.998548501772852,IT,Junior
3069,37,3.104607940165742,0.13513513513513514,7.153903906650823,82.02200551073813,28.34113116776209,HR,Junior
3070,36,2.6339020726935845,0.3333333333333333,5.583556985933149,76.675600770284,21.66731600866963,Finance,Junior
3071,39,6.877105829220547,0.28205128205128205,7.212151375958404,64.37091596342262,14.058433072704968,HR,Junior
3072,48,5.472538858159996,0.375,7.594887520619622,65.9674132625763,19.79840493619527,HR,Junior
3073,42,5.709710126082319,0.40476190476190477,6.560783868999609,89.82517943482031,19.602758491942282,Marketing,Junior
3074,30,6.688772532528255,0.0,6.994179513325173,90.37688961087414,22.69783285711832,Operations,Junior
3075,15,6.21966336639471,0.4,8.502613550698344,83.5864488251252,1.2779630322356201,Operations,Junior
3076,39,7.00674951713658,0.28205128205128205,5.434252578811238,83.24762902976089,17.574488310140552,Finance,Junior
3077,12,2.337283432759271,0.75,8.166931571998612,80.91887448097326,-3.790791969323891,Finance,Junior
3078,18,6.4851238204790285,0.6111111111111112,5.683018203984785,67.10240599956958,-7.083099774377478,Marketing,Junior
3079,14,7.1051165439325725,0.7142857142857143,5.146831931218514,74.98877450909661,-12.24104961461725,Finance,Junior
3080,6,3.716810254749886,0.5,5.742298410980191,84.35631280121825,-1.9623579492561234,IT,Junior
3081,13,5.842683643959517,1.3846153846153846,8.060172759881958,78.80382952011685,-29.663062922357206,Marketing,Junior
3082,7,3.8849723830218323,0.7142857142857143,6.62050429334744,60.65031169192847,-12.8684538562294,Marketing,Junior
3083,25,7.747826398894724,0.32,8.490082067384728,93.37448823520344,8.579244849251243,HR,Junior
3084,30,2.2005414346130223,0.6333333333333333,7.098830164729064,89.56856184002501,12.51262949877896,HR,Junior
3085,12,5.4787570629977305,0.75,5.089001407705323,69.11907549384082,-12.433699027227298,IT,Junior
3086,6,2.9990212822970905,0.6666666666666666,7.866854438407707,81.57606273082037,-6.082830018430105,Marketing,Junior
3087,10,6.273321231062952,1.2,5.440931634884931,92.31337843048658,-24.083966776028586,Marketing,Junior
3088,32,3.0553417005119723,0.25,8.157518533847698,63.360385423977796,18.261393683771615,HR,Junior
3089,33,3.4122995713901454,0.030303030303030304,5.67241019922072,77.60603182788452,27.587516313705706,Operations,Junior
3090,30,4.9662248662745485,0.5666666666666667,6.381785543222054,75.96850590462032,6.261251448374967,Operations,Junior
3091,29,7.489009699981269,0.0,8.045085718501442,74.35717518492363,17.29341563702219,HR,Junior
3092,16,3.270286232887825,0.6875,8.816925429905687,89.24560131125237,0.2835477964748243,Finance,Junior
3093,9,2.865440126708621,1.0,6.485735802586929,73.32261513441101,-15.66635722653504,Marketing,Junior
3094,38,6.553860991124184,0.02631578947368421,8.317600880795743,62.22821666343526,21.34844766622816,IT,Junior
3095,41,5.003717194003586,0.1951219512195122,5.763169061903355,62.304320975750585,21.199771270557576,Operations,Junior
3096,19,7.470710674290628,0.05263157894736842,8.228719080809965,61.49606122836131,7.178843528669955,Finance,Junior
3097,48,2.8796873429590537,0.2708333333333333,7.629976237025004,74.3200897655913,29.77964326720015,Marketing,Junior
3098,40,5.875567358138236,0.25,5.770974028849474,85.1442197194426,21.77770922761205,Finance,Junior
3099,19,3.39727487691089,0.5263157894736842,6.210015841405646,67.13028616756804,2.242033795481305,Marketing,Junior
3100,47,2.940562571909836,0.3404255319148936,5.527083554388144,82.62639821510423,28.63138854175437,Marketing,Junior
3101,27,6.100576490943623,0.1111111111111111,6.531868044257253,84.04809652362965,17.475132989505354,HR,Junior
3102,10,5.562107719452399,1.2,5.81459456449311,68.93207434054592,-27.337800570795615,HR,Junior
3103,48,6.528964750173987,0.125,7.575991814521894,81.01951796212202,28.19597409207643,IT,Junior
3104,47,3.8567754586770944,0.3191489361702128,8.978020416882234,83.97039190093966,27.706059377727357,IT,Junior
3105,49,4.68782993829314,0.0,5.048036652337057,76.33147679807439,35.290635483028595,Finance,Junior
3106,25,4.43283005798251,0.48,7.163679253149194,71.78508090480332,6.0913560649956455,HR,Junior
3107,27,7.904536783799085,0.0,7.2946663901960385,81.67030430510145,16.724987293422117,Marketing,Junior
3108,47,3.753493740436327,0.2127659574468085,8.656835158723247,94.22464805648198,33.15496340701949,HR,Junior
3109,20,3.7689034300806012,0.25,7.02402133906775,74.93944932791423,11.950083005421645,Marketing,Junior
3110,19,4.127289252971645,1.0,7.17480567857967,73.71072836997924,-12.112432831947443,HR,Junior
3111,29,5.387564487741929,0.06896551724137931,6.886611205313555,76.24934158491396,19.805773824257557,Marketing,Junior
3112,40,3.5139364655824714,0.275,6.075617218245926,62.66764377057669,21.255655822950395,Finance,Junior
3113,15,7.491739642275643,0.26666666666666666,5.224116532995655,79.36071478849865,1.8886636731484447,HR,Junior
3114,19,3.594113389197581,0.42105263157894735,6.634630728839344,71.50440855260422,5.881075984757262,Operations,Junior
3115,8,7.3748943893611685,1.375,5.210365884962714,64.24977428159418,-38.3498339224035,Operations,Junior
3116,25,2.620850381879508,0.36,7.201969877863672,76.31898593910807,14.222096424062602,Marketing,Junior
3117,17,5.939376214397914,1.0588235294117647,6.229174572969173,60.11843953008921,-21.419770405130933,Finance,Junior
3118,26,7.4419131106294625,0.15384615384615385,7.134409606101711,74.06248358069656,10.913285879495774,Marketing,Junior
3119,23,3.012496630389377,0.17391304347826086,5.537187857580747,63.70073437742577,15.297762310358571,Finance,Junior
3120,38,7.80996176059553,0.21052631578947367,8.730519862957438,60.85024461899231,13.034335928923195,IT,Junior
3121,18,4.71730016249307,1.0555555555555556,8.57808497419974,88.85662661855757,-12.529941667941294,HR,Junior
3122,8,7.674290650646147,2.0,5.7599860368091385,92.06870811489222,-52.13483967831385,Finance,Junior
3123,31,6.060920261780282,0.2903225806451613,6.3737771331760396,67.26861269256874,11.222204595598342,Marketing,Junior
3124,33,3.8095212192413093,0.0,7.453971087407918,78.87543923419915,27.956045408357213,IT,Junior
3125,32,3.1298151495026385,0.46875,5.3827448292236255,69.72853549958447,12.823576800911617,Marketing,Junior
3126,39,3.8224102773505964,0.358974358974359,6.418271284464604,77.27521035352638,20.44099074677331,Operations,Junior
3127,12,2.55810445557605,1.3333333333333333,6.004449147276024,75.28209623129561,-22.859789664892972,Operations,Junior
3128,20,2.8632077980599786,0.95,8.662066914866786,69.416786927817,-8.343058210556556,HR,Junior
3129,46,2.627962642078887,0.2608695652173913,8.41004254515682,84.51377528723542,31.42074281676757,HR,Junior
3130,40,4.537661262449347,0.0,7.319330965067455,64.4271835762089,27.810114190343086,IT,Junior
3131,34,6.773470257545519,0.20588235294117646,7.081385347486297,61.85754737599785,13.048098371873238,Operations,Junior
3132,22,2.848301325298041,0.18181818181818182,8.72290317818159,86.86864015630476,19.422579926119415,Finance,Junior
3133,6,2.781922599034015,0.8333333333333334,8.729711131915261,83.3075510927238,-10.30233497952327,Operations,Junior
3134,17,5.860573697103985,1.1176470588235294,8.877320501406642,77.44841434512392,-19.560876289889073,HR,Junior
3135,8,3.183097891808398,1.625,5.50151553643275,76.37264196653895,-35.04166739030901,Marketing,Junior
3136,30,2.58566022865395,0.3333333333333333,5.642231243052681,77.40939828219992,18.310559199132086,IT,Junior
3137,29,3.001091469233466,0.1724137931034483,7.7069467947195465,75.29584266345356,21.28457180112033,Operations,Junior
3138,34,7.542388375260657,0.29411764705882354,7.16573790643938,73.75123035409126,11.241939908532231,Finance,Junior
3139,15,6.928827516657145,0.8,5.073863619572943,77.48917110101421,-13.359820813111446,Finance,Junior
3140,11,4.124387374130564,1.0,5.247900143958077,78.49803099059162,-15.9491685501428,Finance,Junior
3141,35,5.934924603964356,0.02857142857142857,8.55232152903522,84.21658099292674,25.11632413351378,IT,Junior
3142,48,5.223654042008229,0.041666666666666664,8.475483182157545,84.89225062569079,34.0811420411217,Finance,Junior
3143,14,6.062745580895384,0.21428571428571427,6.42908368798418,73.21701780490505,4.489340970618818,Finance,Junior
3144,43,6.096026914776556,0.37209302325581395,8.564202467722138,74.4739182960221,17.33993913197689,Operations,Junior
3145,17,5.772404090359958,0.29411764705882354,7.374700297591607,73.07940094076781,4.44754259566894,IT,Junior
3146,35,3.5966082112238515,0.17142857142857143,8.223622588075607,78.77875207689986,24.419676850075128,Marketing,Junior
3147,11,2.234038524576909,1.2727272727272727,6.709724284640857,75.86737382699684,-20.87642046557263,Marketing,Junior
3148,46,4.733400691940653,0.21739130434782608,5.4535933093796345,91.13587620976678,29.83863472763727,Finance,Junior
3149,46,7.345843308144223,0.043478260869565216,6.7349082505840645,84.37264434207654,28.4784944260399,HR,Junior
3150,40,5.416983551111455,0.125,6.829199191987591,91.4529734314056,27.70662758405821,IT,Junior
3151,24,6.994346250211447,0.041666666666666664,7.203776775362412,84.81979470457989,16.125266440493085,HR,Junior
3152,8,7.949746057767369,1.625,5.422330851617712,93.98472519833349,-41.05254707586805,IT,Junior
3153,11,2.9816972248296576,0.7272727272727273,8.965607452198446,82.25078723893442,-4.731418820054252,IT,Junior
3154,5,6.150665834851894,3.4,5.976547283227625,93.72425483570692,-92.5564807025624,Operations,Junior
3155,48,6.045761442200147,0.375,5.794209614148372,65.53594616432991,18.565666348465687,Finance,Junior
3156,49,7.879732684149671,0.22448979591836735,7.107211675423747,61.83671882902914,19.273184519955464,Operations,Junior
3157,46,7.913604403716802,0.2608695652173913,7.1488327175795545,80.26938148213507,20.000580532471673,HR,Junior
3158,17,6.120071670344776,0.6470588235294118,6.7592829513329775,94.42226220299213,-2.567455605973482,HR,Junior
3159,26,3.4616887518931656,0.4230769230769231,8.087568585301018,74.61618365558388,10.907551535022755,Marketing,Junior
3160,25,6.791335028783594,0.68,7.066617602914411,67.42151767675358,-5.4983665222164735,Operations,Junior
3161,26,2.6421748052662286,0.3076923076923077,7.438781820579937,78.25395072177298,16.735671303052907,Operations,Junior
3162,32,6.684195825029772,0.5,7.894985541631142,82.7079518602611,7.373198721992678,Operations,Junior
3163,13,7.461176744868179,1.1538461538461537,5.100100406255466,71.03125434305612,-27.531487236509744,Marketing,Junior
3164,30,4.297000368610611,0.5333333333333333,7.282576730180179,85.01692754747408,10.409384772273594,Operations,Junior
3165,13,5.783811769898483,0.5384615384615384,8.536777884913477,94.1290077466004,-1.0956681443230387,Operations,Junior
3166,19,4.580856392580958,0.5263157894736842,5.069554971701736,91.3937092598716,4.72755538260188,Operations,Junior
3167,14,4.626590329928771,0.07142857142857142,6.620728415203844,70.20548807292684,11.045059811870685,Operations,Junior
3168,28,3.8622253346487203,0.25,8.70490980082332,71.43532891006095,15.86261511271475,HR,Junior
3169,46,6.5727777227019475,0.2391304347826087,6.412617609130152,73.0039428557356,21.881320082264963,Finance,Junior
3170,12,7.617059384999031,0.0,6.834915296800963,73.80934724377758,6.727750678757454,HR,Junior
3171,28,7.644505155406767,0.42857142857142855,8.92616557217725,63.51118247176478,1.3560833263965684,Operations,Junior
3172,20,3.048687709249603,0.8,5.797295435802296,86.66869936112512,-0.7636355462741804,IT,Junior
3173,30,7.248461897939396,0.43333333333333335,5.261020756500024,72.78687422637452,5.060451049396113,IT,Junior
3174,31,6.424588648562732,0.41935483870967744,8.437690363445217,90.79369918469082,11.328917378522373,Marketing,Junior
3175,41,3.5170244041417353,0.36585365853658536,8.473861364849474,92.4429218092038,25.07892579745973,HR,Junior
3176,8,2.4037076775290873,2.0,6.888311338720053,60.855095825769084,-47.83639618990436,Marketing,Junior
3177,28,3.607983601306268,0.17857142857142858,7.056828697909145,94.59760744748722,23.146411429742052,Marketing,Junior
3178,23,7.473249420689154,0.2608695652173913,8.343225478471345,84.85079560250645,7.997573322601241,IT,Junior
3179,40,5.799072049374634,0.0,7.954237992463181,78.21372790975369,28.04460148320147,HR,Junior
3180,43,6.326327965387231,0.32558139534883723,6.060596008868043,73.63346629303936,18.106595467368297,Finance,Junior
3181,14,3.542914106654575,1.3571428571428572,5.067573420286074,78.14813464133995,-23.770486999326877,HR,Junior
3182,29,6.316328933448922,0.5862068965517241,6.918800650134183,71.36186533924555,1.4535083043995431,Marketing,Junior
3183,22,2.1687290376675428,0.5454545454545454,8.435649304382565,81.7940734793792,8.85772025690439,Operations,Junior
3184,23,4.251928074638083,0.043478260869565216,8.58333870676065,63.25430967556769,16.642657959750416,Marketing,Junior
3185,40,5.760520091253987,0.45,8.824904788304615,81.73929110191335,15.326818037874698,HR,Junior
3186,14,2.8765793932479213,1.0,8.518252950451124,69.63706975484554,-13.425744835526734,IT,Junior
3187,37,6.938021446681608,0.2972972972972973,7.320174221192394,60.617219016832124,11.52848199108429,HR,Junior
3188,9,3.410187792871512,1.5555555555555556,6.7784223969444035,79.34470181570072,-32.21810188926955,Finance,Junior
3189,39,5.913686676910677,0.4358974358974359,8.099399386136396,80.24567145484437,14.544837860224444,Operations,Junior
3190,48,4.431182855451978,0.2708333333333333,7.959286537462386,74.92991516490376,26.798617322076794,Operations,Junior
3191,38,5.576261572865883,0.13157894736842105,7.152573720325817,62.53001813926109,20.20611206106782,Marketing,Junior
3192,37,2.644703315773449,0.2972972972972973,5.3493094902338765,91.2670033481467,26.245075119163523,HR,Junior
3193,25,2.101476799529644,0.76,8.704325387147675,81.40007825297612,4.277062051535935,IT,Junior
3194,21,7.457386564281807,0.23809523809523808,6.8224101500066485,64.04996548491394,3.3523628255620324,Finance,Junior
3195,26,3.6177800526030968,0.3076923076923077,6.453335127665057,77.88257018079517,14.710184700183609,Marketing,Junior
3196,41,6.918062016682755,0.07317073170731707,7.518269580675087,77.40390105819651,24.04953422705428,HR,Junior
3197,19,7.996101802833201,0.8421052631578947,7.695351844667908,62.11406540775244,-17.432548418852754,IT,Junior
3198,39,3.2685875479934667,0.02564102564102564,5.842751668121206,81.24008962610316,32.34161206000293,HR,Junior
3199,32,3.591024447100134,0.46875,8.347755379239825,88.29142396225475,15.613735898250685,IT,Junior
3200,11,5.977158725807994,1.1818181818181819,6.159748374649512,86.21528189869673,-23.56580652642209,HR,Junior
3201,36,7.7926918076037275,0.19444444444444445,5.746735703657267,67.10392949574641,13.602068950608494,HR,Junior
3202,15,7.4948860891444635,0.8666666666666667,6.62559941141799,90.1802385343974,-13.953724471409444,Marketing,Junior
3203,14,5.01725312039351,0.07142857142857142,7.922240323589861,71.98897579807728,10.620431775971294,HR,Junior
3204,13,6.7706616951603475,1.1538461538461537,8.861832713759213,93.12779324021795,-21.731149357661717,HR,Junior
3205,18,2.8144751185994066,0.16666666666666666,8.237125057485732,62.51117874789998,12.673285512381183,Marketing,Junior
3206,17,7.864629105224074,0.0,8.761393510680767,77.0173040981945,9.874202609190753,Marketing,Junior
3207,29,7.786119404215919,0.6551724137931034,5.562423216306107,80.89935320121423,-1.6475405819820956,Operations,Junior
3208,6,2.982373747275026,2.1666666666666665,5.284707195454708,68.66775344661116,-53.631196805227816,Operations,Junior
3209,39,3.79653874881864,0.1794871794871795,7.230819047626685,86.99830660520797,27.82196843878893,Marketing,Junior
3210,11,2.600929985040602,0.18181818181818182,6.161189932176137,81.9413487933751,12.33186433404836,Finance,Junior
3211,25,3.630305593389078,0.16,8.312219891877092,60.63383030507845,15.066154874237533,IT,Junior
3212,22,6.89573473649124,0.22727272727272727,7.687951485609304,81.29290067436825,8.848928843709352,Marketing,Junior
3213,7,4.269893642991557,1.0,8.882912655943178,77.20173820464562,-18.899439645053988,Operations,Junior
3214,46,2.5303818028805503,0.10869565217391304,6.019169422925216,66.86102205962277,32.650571240946064,HR,Junior
3215,43,4.053353148673427,0.11627906976744186,6.9431364574209296,94.85118794708353,33.175159199046604,Marketing,Junior
3216,45,7.888300005447681,0.06666666666666667,7.004961909701413,91.40067681896653,27.503535352897945,Marketing,Junior
3217,15,5.778101571555218,0.4,5.956707179429505,70.23776932601723,-0.5086492779069882,Operations,Junior
3218,43,4.496965678436947,0.4186046511627907,7.360373597952031,78.93748222795156,20.0354255538327,Operations,Junior
3219,28,2.99923108098362,0.21428571428571427,6.773143944316958,71.07757489686017,18.58848138883337,Finance,Junior
3220,23,7.917060783702169,0.08695652173913043,6.7868862239594945,87.14235130726273,12.785653041874294,Operations,Junior
3221,8,6.925094055578772,0.875,6.4509465918899345,92.56160016187593,-16.78786807878236,Operations,Junior
3222,30,3.6888638147055164,0.0,5.067717409702141,72.55900124200343,25.134072618989656,Operations,Junior
3223,42,2.4204121743271365,0.0,7.0883809476591555,88.19544872002696,37.99826539535112,HR,Junior
3224,46,2.339753344265348,0.2826086956521739,6.340991342801324,77.44426399496217,29.931085240896522,Marketing,Junior
3225,36,2.722268897033203,0.1388888888888889,5.005279475937319,73.88024964590521,26.764845468447966,Marketing,Junior
3226,43,5.48461150168653,0.20930232558139536,6.231774830647728,92.84476482345694,27.120660193876468,Operations,Junior
3227,49,7.5725805272329545,0.2653061224489796,6.114513332359028,77.8641641051661,21.86848809309792,Finance,Junior
3228,40,4.980460568035907,0.075,6.573792612894543,76.35936750901126,27.06095236573044,Operations,Junior
3229,44,7.057672894737183,0.11363636363636363,5.527407958573588,83.535204068682,25.582604115171122,Finance,Junior
3230,41,4.675319719158847,0.36585365853658536,7.030735298540337,69.14319703563996,18.102390212712734,Marketing,Junior
3231,37,6.251501274606952,0.0,7.76976141007252,71.36775047759104,23.970547546304307,Finance,Junior
3232,40,6.391236423719005,0.125,7.520742276218289,92.6216042683518,25.991848006232352,Finance,Junior
3233,7,3.043782235420032,1.1428571428571428,8.215019790276763,83.74854459029298,-19.423569838495755,IT,Junior
3234,13,4.167296353854871,1.0769230769230769,6.808033151948324,88.93230017198519,-15.05582498100501,Finance,Junior
3235,12,5.8238129392281435,0.9166666666666666,7.076366921358913,69.48891166774004,-18.049843544908278,Finance,Junior
3236,37,2.424179649106197,0.05405405405405406,8.241607763435933,79.03265664754552,31.53655040967509,HR,Junior
3237,10,4.16924112657774,1.0,6.710804683276955,93.99886934463244,-13.538708384228986,Marketing,Junior
3238,45,5.208796797687155,0.3111111111111111,7.806397399598388,71.15463646598762,21.48000036448988,Operations,Junior
3239,43,7.977346958267832,0.046511627906976744,6.738409474871967,65.61667667109647,21.57329258047433,IT,Junior
3240,8,4.847201375734644,1.625,6.67094477804625,77.88101028786323,-38.06820069389664,Finance,Junior
3241,17,6.896340542685941,0.058823529411764705,8.040822498116642,73.57373810537067,9.357360653349309,HR,Junior
3242,6,4.592403710399706,0.5,5.699347661864845,65.58520314753497,-7.467766791292419,HR,Junior
3243,9,6.778344335718254,2.0,6.354343887766294,91.09929839461788,-49.936828992512936,Operations,Junior
3244,48,5.57248880972065,0.22916666666666666,5.896689106987607,94.67533686938222,29.71508975443514,Operations,Junior
3245,31,7.31957264901439,0.03225806451612903,6.436439771870388,79.90037632414992,18.97318803131733,Marketing,Junior
3246,36,4.465655314100659,0.4444444444444444,5.921499289464096,87.11368689307089,16.75809341707953,Finance,Junior
3247,25,5.625826518928873,0.08,7.317622524346619,90.06634293412048,19.36161554896635,HR,Junior
3248,12,5.7801120837129645,0.75,8.192683210471381,84.53437021076394,-9.95335012527314,IT,Junior
3249,42,4.50429765080284,0.35714285714285715,8.146452244871607,61.545461718910595,17.786211327890722,Marketing,Junior
3250,12,2.8658722621248893,0.6666666666666666,6.45800385819517,65.51719811008863,-5.428304902232055,Finance,Junior
3251,7,2.5613564414740133,1.4285714285714286,8.955041623577047,62.484621690298525,-31.28293140203118,Operations,Junior
3252,48,2.1000293035977986,0.2916666666666667,7.375417458823203,60.34578623247198,27.919098639298795,Finance,Junior
3253,7,7.241205585471288,0.2857142857142857,6.597601207113179,70.70987430650328,-4.71186488107049,Operations,Junior
3254,26,3.418849473432167,0.5769230769230769,8.342157116965701,73.73245861685459,6.201100468814277,Finance,Junior
3255,10,3.269040495690608,1.1,7.919496050570563,68.43604063175741,-19.850872865029732,IT,Junior
3256,6,6.416212402556393,0.6666666666666666,7.997101347296418,62.26116268302123,-16.780192268508536,Marketing,Junior
3257,27,3.9200966785243505,0.2222222222222222,5.784557398935487,78.54520817928372,17.402181612141376,Operations,Junior
3258,48,5.03626815447102,0.16666666666666666,6.87329722947422,69.56617619849996,27.64069893075795,IT,Junior
3259,6,2.975066391784738,2.8333333333333335,8.447312523298411,87.86130042022468,-69.77787269952454,HR,Junior
3260,42,7.758474328771816,0.16666666666666666,7.016152030515029,60.281841756884845,16.739419693833337,IT,Junior
3261,21,7.109488400103424,0.5238095238095238,7.733810973684202,89.48844679506635,0.5644268445207068,IT,Junior
3262,39,7.18273773779002,0.48717948717948717,7.351734932137058,93.4163787631085,13.102415661657044,IT,Junior
3263,38,4.4406424914320315,0.02631578947368421,8.369427150873529,85.06472721037494,30.1421867750004,Operations,Junior
3264,27,6.574167282243037,0.3333333333333333,6.1382433590464105,85.67754228418983,10.18717389235189,HR,Junior
3265,34,2.8632569323386807,0.5294117647058824,7.30190111154546,92.67468090609566,17.3260693753653,Marketing,Junior
3266,12,2.0517140155506817,0.6666666666666666,5.492938672039216,67.31749498551221,-3.4399290339989204,IT,Junior
3267,26,2.1198375954681685,0.2692307692307692,7.760843106797871,94.80979488730019,22.245360709600625,Operations,Junior
3268,48,5.519610424427363,0.0,7.927871353410849,87.07184211824897,35.17514757479506,Operations,Junior
3269,40,4.732369431487645,0.125,5.171349284755994,85.42997479147277,27.871256095319268,Marketing,Junior
3270,9,5.108092093451118,1.2222222222222223,7.70316385451194,72.63817026483525,-26.955216800601853,Finance,Junior
3271,17,2.0447788425033164,1.0588235294117647,6.6587606166631454,79.10221198919638,-9.833821169520299,HR,Junior
3272,33,4.536119717944555,0.48484848484848486,5.496387504438729,82.88712258956714,12.759730536569773,HR,Junior
3273,35,6.308408967205165,0.02857142857142857,6.679630190793871,81.71200014610255,23.868439237667324,IT,Junior
3274,20,4.656162211804615,0.5,5.776931718782327,84.67446234671533,4.622568045733836,Finance,Junior
3275,46,6.393315237873334,0.3695652173913043,6.662238128493266,62.88336086774437,16.303085176063078,HR,Junior
3276,34,3.3981137863810087,0.29411764705882354,6.537356111834111,72.44769514910939,19.269782045295152,IT,Junior
3277,20,6.878852026890353,0.85,7.95356654774423,75.1900005808417,-12.219703937612366,Finance,Junior
3278,16,5.530587442720714,0.4375,8.096862232665435,69.12202542562383,-0.761769800316662,Operations,Junior
3279,21,3.2645785965794376,0.6666666666666666,7.428114617538187,66.04195445942283,-0.7207663012743097,IT,Junior
3280,20,3.420322855122998,0.4,5.09074736872979,64.8624617969502,6.131846649144045,Finance,Junior
3281,16,5.7681827874172225,0.875,8.724089116283976,72.82341872898049,-13.621681829038346,Marketing,Junior
3282,12,6.979637559274661,0.5,7.744933120385791,77.27045951968981,-6.305183214611359,HR,Junior
3283,24,4.4937666921749315,0.7916666666666666,5.136781799684755,62.20417540513313,-5.896698303323237,IT,Junior
3284,7,3.549802574765553,1.7142857142857142,8.275331596856471,93.12603331066924,-35.70296991596868,Operations,Junior
3285,20,7.202069641463602,0.6,5.801064618871985,86.78351630012654,-3.047436022901895,IT,Junior
3286,34,6.01560975050501,0.0,7.316884758284427,85.57981206149134,25.48474291128825,HR,Junior
3287,49,4.688512923698459,0.3877551020408163,6.866537479800749,66.05011837460545,21.60034476629968,HR,Junior
3288,27,4.927401171675811,0.1111111111111111,6.679355129420307,81.13302688042661,19.23846969940037,Finance,Junior
3289,32,3.2255388076183786,0.09375,8.55885488049759,78.54037313830335,25.644497012423912,Operations,Junior
3290,44,5.760815780389064,0.06818181818181818,6.749445166250458,94.38640960253429,31.71019581427418,Finance,Junior
3291,9,4.152455063257332,1.3333333333333333,5.3013764702926025,86.16851195280553,-25.67120773595356,Operations,Junior
3292,24,7.973871060046095,0.041666666666666664,8.78655490885981,80.15166593006809,13.232591065921426,IT,Junior
3293,44,4.8811010915713275,0.3181818181818182,8.68214092495851,89.77844332645428,25.048031936693654,IT,Junior
3294,48,4.915313637137679,0.0625,7.737730758326395,65.42829948012483,30.180032621749607,Finance,Junior
3295,5,5.395110724464031,1.0,6.8715701125281,60.5325785391842,-25.683705741091224,Marketing,Junior
3296,34,7.500536018712481,0.058823529411764705,5.371437891774085,84.15816666950832,20.46585541412376,HR,Junior
3297,25,6.804908599158502,0.24,8.162992474309904,63.44090110830331,6.87836302334366,Finance,Junior
3298,24,4.706780418787049,0.20833333333333334,5.301911657696116,64.04017739942282,11.544474642310465,Finance,Junior
3299,10,6.312195595836776,0.2,5.274403939580583,86.06382542485856,4.5883738932981615,IT,Junior
3300,26,5.517412992684569,0.11538461538461539,7.149535369757473,69.46871954468962,14.997379462030324,HR,Junior
3301,22,4.954202292207493,0.4090909090909091,5.640512960738561,82.00209254491125,7.419286651839991,Finance,Junior
3302,12,3.153894636706103,0.6666666666666666,5.030921069361396,92.10924241324619,-0.6859407907629702,IT,Junior
3303,43,4.783617580729345,0.11627906976744186,6.692453723983145,71.07660860732504,26.959714466983066,IT,Junior
3304,36,3.474911522135448,0.5277777777777778,5.548868926440264,67.60004552439716,12.3368527272752,Finance,Junior
3305,37,7.489052899109928,0.2702702702702703,5.642061661122765,63.72970093093681,11.859726279859396,Finance,Junior
3306,20,4.012440880978081,0.3,5.307642554941339,64.56618264969042,7.888354767981921,IT,Junior
3307,16,7.713584087200234,1.0625,5.82037501489444,62.177794338259496,-25.26660930674857,Finance,Junior
3308,42,5.198331740568268,0.07142857142857142,7.8619367190975575,63.067483259040905,25.273976027814506,HR,Junior
3309,38,5.789266272056961,0.10526315789473684,8.235709228871166,75.12016060832039,23.08760484070805,IT,Junior
3310,18,5.257642666935967,0.16666666666666666,6.8101345761172025,71.23027657583894,9.530769981295855,IT,Junior
3311,40,2.7762837018002053,0.075,7.026215263525671,84.72962850130493,33.14335829666058,Finance,Junior
3312,37,4.254927314047646,0.32432432432432434,5.130620138376811,90.45845803864506,22.05210724990399,Finance,Junior
3313,27,2.594876673665744,0.5555555555555556,5.277265045485267,87.46706210998346,11.836992407998535,Finance,Junior
3314,49,5.73772426510029,0.2653061224489796,6.030270902598067,78.57230398329783,25.679828592989594,HR,Junior
3315,6,4.681245171202633,1.6666666666666667,7.17559368285259,63.58547406814287,-43.04539552877669,IT,Junior
3316,45,6.667909829425621,0.022222222222222223,7.958204594939971,84.84185493795437,29.965884662072963,Marketing,Junior
3317,25,3.322822885996219,0.52,7.420012245352132,72.69900536544057,7.294155301095675,HR,Junior
3318,6,2.9873963505760095,1.0,6.5685114199471535,62.997763787039354,-19.775239943744147,HR,Junior
3319,31,4.437993385782606,0.3225806451612903,5.473296292012552,89.4863242524419,17.943858724084457,IT,Junior
3320,13,7.559512299310287,0.23076923076923078,8.123092939548759,71.83757810138769,0.12541409858004293,Marketing,Junior
3321,5,6.262530890074471,1.2,6.455144206396229,67.638709137905,-31.997319952567945,IT,Junior
3322,15,4.513541748757512,1.0,7.9442160579311585,90.50082226165951,-11.92691904518312,HR,Junior
3323,7,5.103633018525864,0.7142857142857143,7.051915367657367,91.57468539564518,-9.120900386494124,Finance,Junior
3324,27,2.50527806706259,0.18518518518518517,7.954648214247301,71.86397930170459,20.006684170660183,IT,Junior
3325,30,7.907455378256678,0.03333333333333333,8.629158245810288,72.41804967484808,15.66869917845626,IT,Junior
3326,8,5.998443828169513,0.875,8.684118064215209,80.28699846541005,-17.389487963257018,Finance,Junior
3327,22,3.712424410780535,0.2727272727272727,7.140427120002414,85.67045228337304,14.727423453295359,Marketing,Junior
3328,10,5.5148503652914656,1.3,7.046033459062555,62.21022206674022,-31.587656317234888,Marketing,Junior
3329,39,2.6568941964139636,0.20512820512820512,6.062713862011349,80.76702800159651,28.08577105364522,IT,Junior
3330,26,7.795020012845502,0.5384615384615384,8.743199326117166,93.34870216242535,2.5258542529479158,Finance,Junior
3331,47,3.0487099273001954,0.3617021276595745,6.831676668798483,69.17328640129838,25.086173595872054,IT,Junior
3332,19,5.888181908331285,0.5789473684210527,5.510364957149509,91.80895249339268,0.6170056293843871,Finance,Junior
3333,26,3.472726775233583,0.6923076923076923,6.730819658506199,93.25589192670827,6.536494065643719,HR,Junior
3334,41,6.305368295891214,0.2926829268292683,5.508213000952016,69.42037743398814,17.09285109013715,Finance,Junior
3335,46,6.660928203441687,0.13043478260869565,7.0101267370283,86.39706530598727,27.64451317605321,IT,Junior
3336,16,6.040518373468596,0.5625,7.245102059424848,68.3571252911846,-5.684611688700272,Operations,Junior
3337,46,5.686996761531155,0.1956521739130435,6.351023045974341,85.81639066062465,27.519719391671313,Marketing,Junior
3338,42,7.35481456371207,0.023809523809523808,5.286602456925939,87.90969899510891,27.358024957311926,IT,Junior
3339,22,2.4717602659385483,0.5909090909090909,8.774014142532955,68.65219962987273,4.259646666824722,Finance,Junior
3340,49,3.985488594681171,0.24489795918367346,8.093412453933718,85.05543402541322,31.0931708402101,Finance,Junior
3341,39,3.4897248777850756,0.1282051282051282,8.355524322020484,88.42365886024314,30.25912817032463,Marketing,Junior
3342,34,7.9280837723925295,0.23529411764705882,6.467473577144918,72.55026052374191,11.995061030551557,IT,Junior
3343,28,4.3363386780012405,0.42857142857142855,8.043324120077802,65.86959715964045,8.444099218782755,Operations,Junior
3344,46,6.395676195442393,0.17391304347826086,6.941491580676777,63.218759856112975,22.235008275989983,HR,Junior
3345,34,6.108350983286027,0.35294117647058826,5.804333953624184,80.13835962634796,13.62273466457989,Operations,Junior
3346,18,3.2724874248642664,0.2222222222222222,5.497693507628853,94.23343417604997,16.435045318814794,HR,Junior
3347,10,3.4339860812693077,1.3,6.3802034772882275,88.80326120077757,-22.1073199223831,HR,Junior
3348,7,3.6877073813182046,0.5714285714285714,5.550208445900559,75.25438736270935,-5.267394432951683,IT,Junior
3349,20,4.466763669556276,0.4,8.993075904816275,78.78173159992355,6.822818980872158,HR,Junior
3350,11,3.4059503939031606,0.6363636363636364,5.196755960928089,69.78347598941366,-5.346114680832679,Finance,Junior
3351,18,2.1179088964810866,0.3333333333333333,6.764574397476306,65.70730535760222,9.705643278558272,HR,Junior
3352,13,7.2763583408431725,0.5384615384615384,6.808374089561537,76.87284053812957,-7.531994727906584,HR,Junior
3353,19,7.793658988285305,0.10526315789473684,6.202527714326703,76.22255481585148,7.899298249757583,Marketing,Junior
3354,25,4.0494223221894075,0.56,7.285406262827781,78.26754834813161,5.754665025247508,Marketing,Junior
3355,39,4.031041276552838,0.1794871794871795,5.599908096606178,93.34816049473793,28.62293416122652,IT,Junior
3356,6,2.042550876646226,0.0,8.135649522348935,81.13633550506702,15.742165347720954,IT,Junior
3357,31,6.081504129982244,0.1935483870967742,6.329790872990554,81.20201428178308,16.870942983488902,Finance,Junior
3358,6,6.952639374491772,3.0,7.365370359194567,64.48086670013768,-87.40910540895601,Marketing,Junior
3359,39,2.879649802160019,0.02564102564102564,7.862556944267837,94.87711031618872,35.846891689686935,Operations,Junior
3360,22,2.957998096202904,0.5909090909090909,8.556168470760644,87.0495730482134,6.966645689964144,IT,Junior
3361,18,6.740499499828626,0.9444444444444444,8.3431497458088,90.70211704329017,-12.87390892433255,IT,Junior
3362,24,5.697744490124868,0.5833333333333334,7.433236112414239,74.50051441408479,0.4046139025672222,Marketing,Junior
3363,22,2.269163345766302,0.5909090909090909,6.553572721535548,77.57448335249687,6.449297251694045,Marketing,Junior
3364,14,5.73528194277369,1.2857142857142858,7.012818680299856,78.27293332067967,-25.987405792840022,Finance,Junior
3365,29,3.8535063370625964,0.6206896551724138,8.07493917351521,66.79330887513618,4.430959445729631,Marketing,Junior
3366,6,4.212350932825076,2.6666666666666665,8.510182170237892,84.1321204714435,-67.99827777136146,HR,Junior
3367,29,6.618388509781282,0.6206896551724138,5.4151277127066875,91.60418532661097,3.8633703905872174,Operations,Junior
3368,37,6.865611156035664,0.40540540540540543,6.539425049972214,65.72970363484467,9.452556252735443,HR,Junior
3369,40,4.402139761038984,0.475,8.104466393654002,63.021139572015755,13.549948392325184,HR,Junior
3370,35,7.682917616038129,0.5142857142857142,6.7266070503758435,85.83766169391197,7.373125678134709,HR,Junior
3371,18,4.438776307712433,0.0,6.328911056265135,69.56206410855437,15.834860206286006,IT,Junior
3372,5,6.631016211380659,3.6,6.645290787293078,81.83518895660653,-101.89499463144001,HR,Junior
3373,20,4.903263587385554,0.3,7.411378987145403,84.35154182972633,10.063781191174158,IT,Junior
3374,7,7.385193959132504,1.4285714285714286,8.999220576535206,71.26687672536376,-39.17415543033511,Marketing,Junior
3375,39,7.446567461901072,0.10256410256410256,6.971969716418127,88.53006090990246,23.135954181255272,Operations,Junior
3376,45,2.524500847226503,0.35555555555555557,5.833977899817042,79.24961437399759,27.134254513679842,Operations,Junior
3377,10,7.618959987861354,1.0,5.6513863011163785,90.4149792783131,-21.154924120060084,HR,Junior
3378,29,6.953209049122494,0.2413793103448276,5.169398989905657,86.71527433956317,13.595257459322816,Operations,Junior
3379,17,6.747864285876001,0.5294117647058824,7.235268939673286,90.40014712131088,-1.0980520886662966,IT,Junior
3380,38,3.2054680381131346,0.2894736842105263,7.178288365955337,60.70564837412629,19.8459830722832,Marketing,Junior
3381,12,6.830715252527989,0.75,5.820935707121237,68.52271912585081,-15.256886679885817,HR,Junior
3382,25,7.100796408110221,0.48,7.781317625810268,63.15027791560785,-0.9715372330988696,Finance,Junior
3383,38,3.734902006724906,0.4473684210526316,7.964428166518723,75.47290560162722,17.003724475296686,Operations,Junior
3384,8,7.713560470173943,1.125,6.036392821528445,91.14860425653615,-26.147400089040655,Operations,Junior
3385,29,2.2991608783949857,0.6206896551724138,6.376399056118946,76.36390917934042,9.4537704239057,HR,Junior
3386,19,2.8994555194828378,1.0,8.961886689389026,89.7399565603138,-6.450919726902917,Operations,Junior
3387,8,5.225486828309085,2.0,6.497057871402937,71.45123833067612,-51.360725990482955,Operations,Junior
3388,49,5.454754826733858,0.3877551020408163,8.043206687024407,71.88495254818383,21.234827794944565,Finance,Junior
3389,16,5.870900499805421,0.9375,6.8109017065197595,91.34466056144072,-11.997868887322696,IT,Junior
3390,36,2.101814775892799,0.1111111111111111,8.173379311443904,74.90360012790956,29.04375714046298,HR,Junior
3391,36,7.762200647732781,0.05555555555555555,8.07609295513059,87.64179207281333,21.937290452430435,HR,Junior
3392,32,2.267528556404864,0.4375,7.671024100794142,68.28252417586654,15.19644772236358,Finance,Junior
3393,17,2.8583717163404145,0.058823529411764705,8.419113385182317,93.20802903871724,21.360156492709677,Finance,Junior
3394,35,2.0840871051563417,0.34285714285714286,8.75687397951074,80.11023862856999,22.56815922968703,IT,Junior
3395,18,5.401150599764568,0.3888888888888889,7.319933281808336,86.57632490024406,5.646297113853009,Marketing,Junior
3396,24,7.593601303525833,0.6666666666666666,5.949875628890982,63.133049492820994,-8.160592708487469,HR,Junior
3397,22,5.995682996482786,0.13636363636363635,6.5945158465763,77.24324790406851,12.56637449693904,Operations,Junior
3398,33,6.935944810882564,0.5454545454545454,8.033222854053173,91.53634742069082,7.871743498736674,IT,Junior
3399,10,2.0796872207514805,0.8,7.603533940495478,90.69635201651566,-4.020104038199829,HR,Junior
3400,36,5.252091790878357,0.3888888888888889,5.711193354260995,61.63848850319796,11.756847452216212,IT,Junior
3401,33,4.757377865033131,0.24242424242424243,5.204958164585699,70.62944641951313,17.13840628110909,Marketing,Junior
3402,47,4.993807665324758,0.1702127659574468,7.73184637416826,75.51620022676781,28.20924173598064,HR,Junior
3403,6,2.4332791120111277,2.1666666666666665,6.004316096117382,66.0292685024526,-53.060704523531726,Operations,Junior
3404,27,6.106612166415845,0.5555555555555556,6.998680974916214,85.54994088464896,4.430097177431435,HR,Junior
3405,23,5.019322489151807,0.6956521739130435,7.986987090050377,66.4579198459549,-3.8166262265039386,IT,Junior
3406,35,6.590893099167584,0.34285714285714286,7.250667122625332,72.13238930294602,11.958977376539751,Marketing,Junior
3407,9,4.911743804370293,0.8888888888888888,5.333210332447186,83.21482229002363,-14.447189817402524,IT,Junior
3408,23,2.8962898173585927,0.6086956521739131,5.742320947134221,76.8731270583568,5.121176211736783,IT,Junior
3409,38,5.889541724466932,0.15789473684210525,5.8773127361236766,85.84998635222128,23.454071716247235,Finance,Junior
3410,14,3.0343181726309973,0.0,6.031457014579379,93.64227654280009,21.059818963298024,IT,Junior
3411,29,7.234367380128889,0.0,7.2616135678020175,64.07913407003191,15.747092053748604,Marketing,Junior
3412,6,5.678697434415449,0.6666666666666666,7.015863119301574,84.83487007393214,-10.79042085404447,Operations,Junior
3413,15,2.9432233013417255,0.5333333333333333,5.812640153456836,68.062045447124,0.7259624867413503,Finance,Junior
3414,35,7.774028344887241,0.3142857142857143,5.270219373822748,74.50668545926493,10.924708973507077,IT,Junior
3415,19,5.110192780011924,0.2631578947368421,5.685728817898872,61.150195402829894,5.51491667843687,HR,Junior
3416,13,2.43739071122993,0.9230769230769231,8.937525250474414,64.75675838024446,-11.815737438718656,Finance,Junior
3417,27,5.760997426490404,0.25925925925925924,6.874187799165889,71.19220511671149,11.138668392583712,Marketing,Junior
3418,23,3.5191934420768614,0.6086956521739131,8.46938201880845,71.96950318507947,2.894644187644783,HR,Junior
3419,13,6.822160711263814,0.38461538461538464,8.395009866675373,91.48548257617335,0.9143135542455028,Marketing,Junior
3420,39,6.906932441397144,0.1282051282051282,7.046078229851495,85.96345182432803,22.932671635917472,HR,Junior
3421,25,7.873684135127971,0.12,7.8267508338421745,94.02640388654643,14.457912507053347,Operations,Junior
3422,13,5.0112171861470225,0.7692307692307693,5.771008041650849,80.96750286173342,-9.105856876870433,Marketing,Junior
3423,32,4.729741278366423,0.53125,7.753586819707634,68.45998062319613,7.49501356790638,HR,Junior
3424,11,6.520853632678884,0.18181818181818182,6.089538317053158,71.46792604725749,2.397332489548276,Marketing,Junior
3425,20,2.794823938051559,0.1,8.328248387016604,71.19425731521885,17.64920358694065,Finance,Junior
3426,20,5.281493082758745,0.55,5.334896532435639,71.42730146821381,-0.777525871874726,Marketing,Junior
3427,37,5.277485600785106,0.13513513513513514,8.09255469154111,83.55374605891355,24.301723956158444,Marketing,Junior
3428,8,2.5368387368623235,0.625,5.399747626274478,78.57827748316457,-3.308021977091732,HR,Junior
3429,8,4.507904513041481,0.875,8.524756947577236,73.48984623303255,-15.76783977947645,Marketing,Junior
3430,43,7.119708791403212,0.32558139534883723,6.216818072540015,65.21814190550508,14.836768937829477,Operations,Junior
3431,44,7.136921731967962,0.38636363636363635,7.6175734593222995,60.77487070297511,12.690221585750008,IT,Junior
3432,21,2.595425989518086,0.9047619047619048,6.950009114481119,67.65921371556924,-6.201866378779464,Finance,Junior
3433,41,2.544325296486985,0.36585365853658536,6.4652125810493555,63.761499138903844,21.288039478709237,HR,Junior
3434,43,3.576172862011612,0.11627906976744186,7.581767332733985,87.49057607982837,32.6573973989192,Marketing,Junior
3435,33,7.248596375323961,0.48484848484848486,8.790091922204951,63.93742852348599,3.54483840859473,Marketing,Junior
3436,40,2.7734155104409934,0.2,5.165078989498488,85.34798830573926,29.522766640265864,Marketing,Junior
3437,42,6.319980815764677,0.42857142857142855,8.675411423532417,73.49805414216289,14.402506339760366,Finance,Junior
3438,43,2.6069937176786193,0.3953488372093023,7.4363266200840545,62.56824364103216,21.239196176570125,IT,Junior
3439,41,5.738827122486953,0.0975609756097561,8.229257203076209,88.4455517301055,27.884626832754513,Operations,Junior
3440,39,4.136403794714869,0.1282051282051282,6.53549981373711,80.28706995828146,27.33845255607271,Operations,Junior
3441,11,6.733483777795202,1.0,6.887371899350455,68.25165295022506,-23.21663696554539,HR,Junior
3442,31,3.4021426929521814,0.3225806451612903,8.475403007204656,91.31384110164338,20.381063479585602,IT,Junior
3443,32,5.835210976339759,0.46875,6.659391879239292,61.5840409854693,5.783886244414342,IT,Junior
3444,26,3.4140952074553095,0.7307692307692307,7.13863826699634,67.0636862869217,0.26146991939679687,Finance,Junior
3445,18,6.281961698672923,0.8888888888888888,5.080779692337332,86.32164247320513,-11.166261569371486,Marketing,Junior
3446,11,7.242068207364492,1.7272727272727273,5.634392023352169,84.82822756084612,-42.73667272074158,IT,Junior
3447,41,2.7608107947605602,0.1951219512195122,7.566746031899199,70.12450928035673,27.249621729964858,Marketing,Junior
3448,26,7.199574131573021,0.0,7.8679076042555085,62.170870637347406,13.63502586432344,Finance,Junior
3449,9,5.561451526485787,0.2222222222222222,7.330403747137998,90.03273252787304,5.616976785936366,HR,Junior
3450,6,2.762662945202144,1.3333333333333333,5.573240145102442,70.97941733244659,-27.729442423914968,HR,Junior
3451,31,4.565251132158272,0.5806451612903226,6.781621714311339,66.84996952248929,5.420136801471633,Marketing,Junior
3452,25,2.965161760910587,0.48,6.420379065452759,78.0621637826342,10.282109234705668,Marketing,Junior
3453,42,6.202087333199417,0.30952380952380953,6.982645376140353,91.85795197488565,21.881701442864006,IT,Junior
3454,19,6.553208806507698,1.0,8.481316138216377,61.52413022451814,-19.40159156811177,Finance,Junior
3455,25,2.634779121636794,0.72,8.103445754634608,86.80314308108107,5.4910703729426285,HR,Junior
3456,14,5.036839116167866,0.42857142857142855,5.335958005556636,80.03656297785481,1.4764915060923745,IT,Junior
3457,27,6.887750336155503,0.1111111111111111,8.561236791098256,74.8907190793136,14.069309810218382,Operations,Junior
3458,43,7.616978249305979,0.2558139534883721,6.887068604599294,86.04281554367711,20.100188005472305,IT,Junior
3459,9,5.08110720045062,1.4444444444444444,7.975448579543993,93.80385485545713,-29.33477676314315,Marketing,Junior
3460,5,7.701675341668443,0.2,5.5601569250574086,68.02221739069418,-4.798907205198049,Operations,Junior
3461,17,5.214133822736179,0.0,7.682878102828193,65.02765777752418,12.77726391003248,IT,Junior
3462,25,4.365142967599448,0.68,5.945304070437832,91.9508610827944,4.259886281359982,Finance,Junior
3463,30,7.089218771317373,0.6333333333333333,6.753523588563726,83.41335771100563,1.504233999566381,HR,Junior
3464,49,4.957896262748534,0.14285714285714285,5.067451480328417,75.3295107546688,30.264395339722405,Operations,Junior
3465,25,4.831415063387138,0.08,5.606442551721904,80.06408495924991,18.949986865075708,Finance,Junior
3466,22,4.941874936458969,0.22727272727272727,5.3683219724944795,86.09648668116854,13.71736564513395,IT,Junior
3467,41,7.080710011218472,0.2926829268292683,5.958976691753033,87.0561164547001,19.069315463625028,Marketing,Junior
3468,49,6.9916492501283125,0.16326530612244897,5.400072360097289,92.19629632866376,28.958001581802662,Marketing,Junior
3469,36,4.421119954641267,0.2222222222222222,7.767640106478248,74.9394976113468,21.078992946320156,Finance,Junior
3470,40,3.99979915922315,0.475,5.1161596088368775,70.26938185067883,15.804278051689465,Marketing,Junior
3471,21,4.951568144234775,0.38095238095238093,7.470962002499991,82.38824933764447,7.745942150487915,HR,Junior
3472,39,5.436635058422654,0.358974358974359,5.562831323302297,74.55047647478357,16.667594408880632,Finance,Junior
3473,15,3.430023263767982,0.8,8.780645828711588,80.81094588821423,-5.697857349893116,Finance,Junior
3474,25,6.763730508293544,0.6,8.732376292439417,74.69950294595826,-1.587560427395438,Marketing,Junior
3475,30,4.918896594394537,0.03333333333333333,5.9020124100838505,65.3548525337361,20.233177317958148,Finance,Junior
3476,8,4.004273290519757,1.625,7.457685192892118,76.42993630806355,-36.6725593194268,IT,Junior
3477,38,2.640925957783944,0.13157894736842105,5.112021277889834,84.18212376793615,30.407204416966714,Operations,Junior
3478,22,3.433070962421642,0.045454545454545456,8.727154172204695,87.97493326836775,22.565208365193904,Operations,Junior
3479,44,7.695687030535902,0.1590909090909091,7.091949232766838,77.26641968787914,21.68918260377675,Marketing,Junior
3480,39,3.8305981209171596,0.07692307692307693,5.172892605671116,65.78332615736403,26.58777668194618,HR,Junior
3481,45,3.013155736202212,0.28888888888888886,6.3699999720325495,74.5140698377301,27.209835828474937,HR,Junior
3482,33,4.764036749929959,0.30303030303030304,5.307397847444937,87.52028750945944,18.685074911122882,Marketing,Junior
3483,33,3.8425264601614924,0.3939393939393939,6.5717777574934395,74.45007447159755,15.186780155814708,Marketing,Junior
3484,42,2.210955501627165,0.2619047619047619,7.679705368645292,84.37857777614778,29.79666169483237,Finance,Junior
3485,46,3.9388713036765033,0.32608695652173914,6.879559632165758,77.75247885873314,25.490144468741445,HR,Junior
3486,25,5.264651743636811,0.2,6.534888698877818,68.44280937882888,12.159258388492155,Operations,Junior
3487,46,5.310274232119801,0.41304347826086957,5.476628182161859,87.8652677808076,22.16120074409583,Marketing,Junior
3488,17,4.139353527061332,0.0,5.979756182774626,62.947470892474044,14.510787124372145,Operations,Junior
3489,45,4.683816537515604,0.24444444444444444,5.400573150953404,78.37115989643027,25.973265570921516,Operations,Junior
3490,21,7.793107509408598,0.2857142857142857,8.229994926626643,67.31118619851917,1.9045936494580662,HR,Junior
3491,13,4.2640908633818695,0.5384615384615384,5.54095931193889,62.347296998948146,-4.41256848082026,Operations,Junior
3492,45,3.549360879559898,0.17777777777777778,7.381493466195574,77.60268779791372,30.088482467129612,Finance,Junior
3493,5,3.4608022644005607,0.2,6.3709616543553835,77.48467545772232,5.575330562743343,Finance,Junior
3494,6,4.746587676224805,2.6666666666666665,5.903913538620734,84.74153155865022,-68.94486904071957,HR,Junior
3495,33,6.557120892301665,0.5757575757575758,7.557873757968415,86.06627425681667,6.626285794032732,Finance,Junior
3496,37,3.235929105130839,0.32432432432432434,6.828009237507763,85.47270210425138,23.092952480858866,Marketing,Junior
3497,14,6.255776762844608,0.2857142857142857,6.600581869138237,74.33455565208642,2.183929033299499,HR,Junior
3498,44,2.1268989400964977,0.20454545454545456,7.371408019568886,82.10914255292968,32.4316669940293,Operations,Junior
3499,25,4.513597867903676,0.44,6.965070513960002,80.19308349253862,8.811420962700373,Marketing,Junior
3500,32,6.655190391216721,0.5,6.213936834206243,74.75466146409218,5.8405515103849925,HR,Junior
3501,15,4.0323977346465885,0.3333333333333333,7.236245151061007,80.90244429650977,7.115693390008779,Operations,Junior
3502,38,5.382422608672397,0.05263157894736842,7.677994306202779,93.15367568471919,29.08694255117799,Operations,Junior
3503,12,3.2298753969554648,1.1666666666666667,5.106772634347417,66.75128102884821,-20.90949458814129,Operations,Junior
3504,26,6.451972346757033,0.23076923076923078,6.863486915630702,91.70202335249343,14.113383053907695,Operations,Junior
3505,12,2.3136746196125575,0.4166666666666667,5.230733138334175,61.870942989411944,2.4468393586572734,Operations,Junior
3506,19,7.115255869253002,0.15789473684210525,5.745621656272444,70.79362245155812,6.5913706465424635,HR,Junior
3507,21,3.1891783185300087,0.8571428571428571,7.242034936311892,70.08508370140349,-5.4756256110650305,Finance,Junior
3508,27,7.246388190249984,0.14814814814814814,8.464755661062323,81.9227787758317,13.647334930221929,Operations,Junior
3509,28,4.115175447803104,0.07142857142857142,8.53122271675394,64.59287331220516,19.345366623977682,Marketing,Junior
3510,49,6.33610144684692,0.16326530612244897,5.279776040554525,90.88216641439138,30.006271205510966,HR,Junior
3511,23,3.915351786717131,0.21739130434782608,6.676420345146827,88.99929929627645,17.247417155386245,IT,Junior
3512,9,7.435470027407885,1.3333333333333333,7.332025932018205,82.82230368898472,-32.90647931701882,Finance,Junior
3513,36,2.759822753110246,0.5277777777777778,5.588279618201374,76.04448411272692,15.455917982991556,Marketing,Junior
3514,48,3.0711187356355922,0.0625,8.061728866979086,92.65346147497274,39.31345482372336,Operations,Junior
3515,5,4.958180750952813,0.2,7.976941033748956,89.07612941521946,4.898864381138264,HR,Junior
3516,27,2.4916306342288768,0.1111111111111111,8.613364054827178,77.47603018284357,23.37861143477763,HR,Junior
3517,41,3.1758811082105716,0.17073170731707318,5.0339440483337725,84.5655674059009,30.03940004524684,Operations,Junior
3518,12,7.662598293272087,1.0,5.866736975956011,79.84254832628896,-22.156686921286386,Marketing,Junior
3519,17,7.858937966887323,0.5294117647058824,8.308746856981287,80.57797834358925,-5.284633206233266,HR,Junior
3520,12,4.257555975982532,1.4166666666666667,7.682320203307741,71.5841624303115,-29.498279465902765,Finance,Junior
3521,27,7.539716126083614,0.2962962962962963,8.577559414793964,76.17296116187138,7.466271091318159,Marketing,Junior
3522,47,5.268948054040591,0.0,5.228718618121066,62.73425007764105,30.20895390744703,Operations,Junior
3523,5,3.6184547952426023,2.4,7.387855862865772,72.50720420826073,-61.73546874883305,Marketing,Junior
3524,49,6.214392326483592,0.3469387755102041,7.276186299574697,84.35399803767532,23.433851689261758,Marketing,Junior
3525,28,5.953410839449143,0.5,5.14269766544213,93.36256106771651,8.565690534645018,IT,Junior
3526,39,7.9347519146524,0.02564102564102564,7.054088307649934,93.70724394670572,25.502714190805573,Operations,Junior
3527,28,3.5902837244556998,0.35714285714285715,7.438081245239697,79.4503004193712,14.795206920677128,Finance,Junior
3528,21,6.032357015970413,0.6190476190476191,5.765172696808429,81.23177881333537,-1.7897868407023232,Operations,Junior
3529,9,2.3121425301766814,1.5555555555555556,6.093318332498652,66.50024149253386,-32.59090342851326,IT,Junior
3530,24,2.6818762321803167,0.5416666666666666,7.561389385190948,84.33578378327357,9.65340429229408,Operations,Junior
3531,25,2.0235102497065593,0.6,6.873203790399833,62.47305774360352,5.4475910493075865,Operations,Junior
3532,44,7.996764086358039,0.3181818181818182,8.432054630273306,69.96399900298056,14.853817082425486,Finance,Junior
3533,35,6.813642182884866,0.5142857142857142,6.369527064036753,83.39271715499048,8.622687636656938,IT,Junior
3534,40,6.7203380884012445,0.2,6.066638633552804,70.86085460402212,18.731494744001935,Operations,Junior
3535,15,5.058356451729078,0.26666666666666666,8.939463761379372,61.7446405940059,3.2322152153430252,Operations,Junior
3536,19,3.8004024974326396,0.21052631578947367,8.644543080520334,89.11546432728373,15.306498396907259,HR,Junior
3537,23,2.9075857067760555,0.43478260869565216,5.11597097999592,70.86155024970971,9.113660375520265,Operations,Junior
3538,11,3.708048433078782,1.7272727272727273,8.082914461226263,62.20868287005374,-40.19254211032864,Finance,Junior
3539,32,4.255827331574835,0.09375,5.441339095300812,62.61758575760028,20.399362488370386,HR,Junior
3540,47,6.537860581881764,0.40425531914893614,5.109940779317483,68.81155795760638,16.758930853289662,IT,Junior
3541,9,5.237970733418915,1.8888888888888888,6.094782063865395,66.23055815275342,-48.49649650295381,Marketing,Junior
3542,9,2.4649017593328963,0.2222222222222222,6.077383516244417,87.10050412230528,11.223630639128597,Finance,Junior
3543,34,2.1081740537534737,0.08823529411764706,8.277275049387859,71.25894163334621,27.788381395632882,IT,Junior
3544,36,2.6139930772043787,0.3611111111111111,7.842668983771341,88.16435247639414,23.171551007536735,HR,Junior
3545,12,4.462992282184276,0.5,8.926437709328058,66.08460992381035,-3.509062579606482,Marketing,Junior
3546,14,7.59915750229411,0.5,7.846051601247273,77.25077128404294,-6.34816074777963,IT,Junior
3547,42,5.82441488725533,0.35714285714285715,6.673022213024192,84.08129967435951,19.65314444607553,Finance,Junior
3548,36,6.810955399253091,0.5277777777777778,7.795710643780867,82.81967988530492,8.708691845221468,HR,Junior
3549,32,4.798247567027291,0.4375,8.997836268745608,81.03952934755941,12.6864107354573,Finance,Junior
3550,21,4.1699964991702565,0.2857142857142857,7.840567530250112,92.36875606759094,14.162329643749104,Finance,Junior
3551,35,2.6504022362997364,0.45714285714285713,8.046725423921274,67.99838016973605,15.584585847062026,HR,Junior
3552,12,7.25559813311723,0.9166666666666666,8.753460060761038,77.28017215617369,-19.35516183499972,Operations,Junior
3553,44,6.698960174167417,0.38636363636363635,5.454605045246733,90.93973925253431,19.599118411262936,Finance,Junior
3554,29,3.0087085855863505,0.4482758620689655,7.8191371737909074,62.726281795830495,10.479563325924431,HR,Junior
3555,13,5.073563383257563,1.0769230769230769,8.403223831869795,61.956089388857635,-22.263601196435904,Finance,Junior
3556,6,4.924248847527469,2.3333333333333335,8.817514400883573,68.1655800645402,-62.6153816821469,Operations,Junior
3557,19,5.750549316119171,0.21052631578947367,5.843877158846798,82.15574268383065,10.014260430843578,HR,Junior
3558,7,7.677121363947567,2.142857142857143,7.015716030896977,69.09578692574324,-61.620799628460766,IT,Junior
3559,40,5.478628650574878,0.1,7.722219390577927,66.65839593330796,23.374421885511836,IT,Junior
3560,8,5.241303600671712,0.125,5.98987091800535,76.05808103754022,5.779009006164621,IT,Junior
3561,18,2.3019375976079837,1.0555555555555556,7.401891453001096,81.4759324069294,-9.175355380496754,Marketing,Junior
3562,45,2.3774448561081436,0.17777777777777778,6.0303151299919975,68.69951974558592,30.651680903567563,Finance,Junior
3563,45,3.1240807479607335,0.17777777777777778,6.333828082126589,70.52419153533097,29.523343477811395,Finance,Junior
3564,29,2.1948246301504897,0.10344827586206896,6.76607478604346,81.47457566840299,26.20181759751755,HR,Junior
3565,14,6.460117373420074,1.0,7.116760394986268,93.10084476963084,-15.900065792913978,Marketing,Junior
3566,25,6.339981823963779,0.4,6.797463486500602,83.61596046033308,7.043228444139061,Finance,Junior
3567,40,2.8163374065898577,0.0,6.972782079151717,87.4016450254596,35.847654191912206,HR,Junior
3568,16,7.016473404771686,1.0625,6.19435502515317,72.83835331644141,-21.740276146255084,Operations,Junior
3569,31,2.928716209076672,0.0,5.635860376090522,69.52890257845631,26.648348097537916,Finance,Junior
3570,44,3.8070535219841526,0.1590909090909091,5.189399909307358,75.89937101209179,29.19303988572278,Finance,Junior
3571,6,3.49386139496819,2.5,5.78391488996667,88.24964900490858,-60.73779298895467,Operations,Junior
3572,17,4.233842591438287,1.0,7.327774566023132,75.97048746266945,-13.073587690342684,Operations,Junior
3573,36,3.527982595339771,0.2222222222222222,8.14446179121253,89.63538930764514,25.804446004182818,Finance,Junior
3574,35,4.933705558630712,0.3142857142857143,5.6769903897715785,94.60701932432946,20.625421319033038,Operations,Junior
3575,20,4.444447288128113,0.9,5.434221431090593,62.52093330056177,-11.384707916143872,HR,Junior
3576,36,7.919416944675959,0.4722222222222222,7.997161442197001,61.58935546292963,3.912370536567341,Finance,Junior
3577,36,2.335558100769354,0.1111111111111111,6.220633322149158,65.23563960196766,26.642678385521492,Finance,Junior
3578,38,2.8530882583241097,0.02631578947368421,8.80599775690941,73.45293865070212,30.994937529281678,IT,Junior
3579,15,2.3169553634516147,0.4,7.857271882441492,64.58647732009014,5.283384737114799,Finance,Junior
3580,14,5.7550471698942545,0.6428571428571429,6.3070241889721235,90.47325671665646,-4.301157282171502,IT,Junior
3581,19,2.3270556644823177,0.7368421052631579,6.15817099117482,60.81011878594723,-3.1973507296699246,Operations,Junior
3582,21,7.01863842425674,0.2857142857142857,7.094793545085237,71.05274507175379,4.201843594408707,Operations,Junior
3583,44,5.071631784091567,0.09090909090909091,5.316578673112838,66.46431203229719,26.822326111003576,HR,Junior
3584,22,5.162045747489202,0.6363636363636364,5.470706050581196,92.60387655551364,2.305774725215233,IT,Junior
3585,13,5.369567046273165,1.4615384615384615,5.7034315252647705,83.43183517115098,-30.09892090446998,Finance,Junior
3586,29,3.0248822378372644,0.6551724137931034,8.09889437321824,91.9210589757981,10.079274905691989,IT,Junior
3587,44,3.1861418186869255,0.3181818181818182,7.05542943707649,94.03150486086378,29.288562789344358,Operations,Junior
3588,18,3.912903937238028,0.5,5.042268491097772,77.39843852870791,3.4538798312655246,Operations,Junior
3589,29,5.560978494931108,0.4482758620689655,7.6940661098884355,68.20116878168092,6.470000904405001,HR,Junior
3590,26,3.260706655641287,0.34615384615384615,6.694760714641989,66.78050751688062,12.050072807478164,Operations,Junior
3591,34,2.697990362799567,0.47058823529411764,7.043409459855192,67.80216015900442,14.44680424737822,IT,Junior
3592,24,7.820701318510594,0.5416666666666666,5.856464973651742,84.8007657667701,-0.5312494836671675,Finance,Junior
3593,25,2.1318908888577375,0.04,7.2071289135764145,61.415600484305024,21.81933831914553,Finance,Junior
3594,48,6.816184432016129,0.3125,8.916612959005954,61.79763755614502,18.152158647196742,IT,Junior
3595,36,6.728210897450133,0.3333333333333333,5.293778764023045,81.28500298341025,14.400578801781784,HR,Junior
3596,25,3.783284683070576,0.32,6.1356695986577225,82.47200013580922,14.327830661020693,Finance,Junior
3597,39,2.8137596960438804,0.15384615384615385,5.971990371443319,83.2842023512861,29.813936462784838,IT,Junior
3598,36,2.8737718802325407,0.4166666666666667,5.994197243004718,73.01581766060069,17.955619771655055,IT,Junior
3599,34,6.184589703423155,0.2647058823529412,6.514825430261509,88.20807110499535,17.731258343564523,Operations,Junior
3600,43,5.856839546517042,0.18604651162790697,8.27243913897667,78.67686057043161,24.240297672215032,Operations,Junior
3601,16,6.696474045508321,0.375,8.65143475985755,63.69129705032968,-2.304688680950706,HR,Junior
3602,45,7.624887034394628,0.3333333333333333,5.808860349835893,87.89847574735708,19.329921080682162,HR,Junior
3603,22,6.151564179599552,0.36363636363636365,7.1717997517924506,93.35737251946604,8.659255235603194,HR,Junior
3604,25,2.9351092193086608,0.64,7.547595888661921,62.101270955082555,2.35003575239919,IT,Junior
3605,17,3.460655700592464,1.1176470588235294,7.08730989745538,73.6972968545203,-15.51126379498675,IT,Junior
3606,25,7.0531623852386875,0.24,6.736305576787679,77.06306156921616,9.106287543365859,Operations,Junior
3607,12,3.2558364550052517,0.8333333333333334,5.767902023436951,65.12647660274109,-11.286377589462285,Finance,Junior
3608,44,2.4351339017268883,0.1590909090909091,6.952877436796954,90.3698131724007,34.830967558299086,HR,Junior
3609,11,6.219680324253503,0.5454545454545454,6.604859310845315,69.94523757115154,-8.213949497913063,Marketing,Junior
3610,27,4.415158132940852,0.6666666666666666,8.182253450009078,87.4052988978356,4.850743513685417,HR,Junior
3611,48,7.520240315275421,0.3958333333333333,8.054417436651981,83.48480687099106,18.58148074364737,Operations,Junior
3612,36,5.901530426561969,0.3055555555555556,5.535994724822682,80.93160378634582,16.816593237478557,IT,Junior
3613,15,2.5425138667499647,0.4,5.35407621025227,66.7249997043794,5.2599722073759505,Operations,Junior
3614,26,7.6871394035219645,0.2692307692307692,8.632615772910011,67.7246232192817,5.693722759889335,Operations,Junior
3615,26,3.5513435818414756,0.23076923076923078,7.14203355585799,61.657194166129926,13.905674746466111,Operations,Junior
3616,47,4.023274942437714,0.10638297872340426,8.431203749130363,68.42493504237932,30.646947761898307,Marketing,Junior
3617,29,4.413562482101252,0.27586206896551724,5.232604482265605,72.090526331118,14.715118233055577,Marketing,Junior
3618,26,2.3073457784258795,0.46153846153846156,7.106062466086521,89.16008563518488,14.971171724031372,HR,Junior
3619,32,4.979092533383629,0.1875,7.157706058304946,72.82374333501818,18.181563600236377,IT,Junior
3620,33,2.7399109464517535,0.21212121212121213,8.4428081301686,86.41176239679622,25.238894222819376,Operations,Junior
3621,17,4.40582196013011,0.9411764705882353,5.3904399929188305,75.38047984534207,-11.770842068838865,Finance,Junior
3622,22,4.104258727952506,0.7272727272727273,5.961782254703637,87.4703909197861,0.6673789098703864,HR,Junior
3623,6,6.63704050055902,2.5,6.6261532555480525,94.16950601529639,-65.84017979805876,HR,Junior
3624,33,6.819023069796387,0.030303030303030304,8.463365901679769,68.3944545320153,18.93175385771938,Operations,Junior
3625,25,2.9204772943345283,0.28,8.755533260282268,90.18195641873567,18.795436695078074,HR,Junior
3626,19,4.199307124275357,0.8421052631578947,8.970898478374512,81.76384302070211,-5.909003539147136,Operations,Junior
3627,31,4.24011896619099,0.3870967741935484,8.836773945834086,88.60529915560292,16.227918672932148,HR,Junior
3628,35,2.9084626636165103,0.4857142857142857,5.023767023377418,82.80550657937319,17.172747417213046,IT,Junior
3629,19,6.790721030307143,0.47368421052631576,5.190833365815488,74.83823275459525,-1.424321825484709,HR,Junior
3630,27,6.243369970012539,0.037037037037037035,5.590427276630354,67.98262288046266,16.19867352495634,HR,Junior
3631,28,3.1422907177822084,0.03571428571428571,6.3954483870810925,62.45123288659077,21.93423657032517,Finance,Junior
3632,48,4.2003314515627945,0.2708333333333333,8.319672123947836,78.7431427561251,28.02296564809943,IT,Junior
3633,17,2.634830149139085,0.8823529411764706,8.570624781341921,94.6614133084403,-2.607965871884229,IT,Junior
3634,26,5.769239582558264,0.23076923076923078,5.747337625178332,85.83146317549722,14.304736546905994,IT,Junior
3635,47,2.728231547291718,0.23404255319148937,7.478656606478834,71.45709394896558,30.013679099465,HR,Junior
3636,41,7.9156050117495065,0.3170731707317073,8.669447940261106,88.95216800303574,17.047028455156912,Marketing,Junior
3637,37,6.684092448127174,0.08108108108108109,6.8549269437252836,86.91444000617423,23.782270672548066,HR,Junior
3638,7,4.34143129750397,0.42857142857142855,5.414174287811136,69.857252767371,-3.368554898676596,Operations,Junior
3639,23,5.471383593676126,0.7391304347826086,6.8312546003385,60.500762142798216,-7.216527802270869,Finance,Junior
3640,27,7.468050897298452,0.07407407407407407,6.5031796091522285,64.13569234868824,11.86881445291852,IT,Junior
3641,33,5.324595682374957,0.0,7.3106319842640275,90.70571666092201,27.29195196743449,Operations,Junior
3642,34,3.0469909183877313,0.47058823529411764,6.754634737628415,89.27970623567052,18.044312351535112,Operations,Junior
3643,43,4.272220133486956,0.13953488372093023,5.069383707414872,70.33231503074269,27.13597622754672,Marketing,Junior
3644,48,7.058869190178473,0.3125,8.975990933654685,69.98183991995471,19.303629603633993,IT,Junior
3645,29,5.8652780959377075,0.13793103448275862,7.174160950922284,87.75027454858649,19.081567683359125,HR,Junior
3646,41,5.904346306002802,0.43902439024390244,6.894523021938438,92.82081144633977,18.184737969945274,IT,Junior
3647,12,7.200928914130935,0.5,8.818469486016216,87.26980398791599,-4.747897030678672,Finance,Junior
3648,46,7.3638383447750275,0.2826086956521739,5.623441470348308,81.19525369607665,20.633113180100057,IT,Junior
3649,20,7.518755430676618,0.05,5.756950410180993,68.49349726161316,9.161188590969397,Operations,Junior
3650,12,2.5690951595189366,0.16666666666666666,8.232058996251133,78.40117699333412,12.74204507962895,Operations,Junior
3651,5,5.264756011778605,3.2,6.0433243201000355,68.17291505076426,-89.89492901340435,HR,Junior
3652,48,6.4430571273099115,0.3125,8.196908425166107,88.28039970338708,24.19496568605759,HR,Junior
3653,9,6.541561070762083,0.7777777777777778,6.08613393163401,73.5436377831208,-16.30772791823334,HR,Junior
3654,7,5.640297211820023,2.4285714285714284,5.1327505209000055,89.17940259479091,-62.10185676182471,Finance,Junior
3655,5,3.000724011102045,2.8,7.068058895546864,73.35632262939538,-72.330183496325,IT,Junior
3656,8,6.784523323649986,0.75,5.786745736507445,88.84522918199619,-13.500000810900733,Marketing,Junior
3657,44,6.3206680010896745,0.18181818181818182,8.031385171729884,71.66612353078347,22.63734324943189,IT,Junior
3658,39,2.5168146292942177,0.1282051282051282,7.5647985329285925,75.40464466161845,29.601145827581405,HR,Junior
3659,36,4.7828589480462576,0.4722222222222222,8.69441067191167,81.54209467699302,14.17603437263942,Finance,Junior
3660,46,3.0438643971308217,0.3695652173913043,8.131953429062943,62.46006649104715,22.917327982208654,IT,Junior
3661,38,4.024862274277831,0.34210526315789475,5.723103819362907,93.18724716354126,23.124566989415747,Operations,Junior
3662,47,2.108486553234113,0.2765957446808511,8.200632946659185,80.07620251433312,31.70039505597287,IT,Junior
3663,29,4.40197921046455,0.4482758620689655,7.566948179256093,77.77370051417807,10.70250581983755,Operations,Junior
3664,14,5.299261526937263,0.21428571428571427,7.6758065670425,89.37878898919692,9.24866331539343,IT,Junior
3665,25,5.717495556962521,0.12,8.329051543880595,90.30169554638897,18.025347995352753,IT,Junior
3666,43,5.980942070772261,0.32558139534883723,7.295296276755761,78.27911415851557,19.726496829693478,IT,Junior
3667,31,7.01774787861476,0.45161290322580644,6.864014057412051,92.45418140277731,9.506953426551748,HR,Junior
3668,31,3.29277744365438,0.5483870967741935,7.546564141434912,62.26582181267682,8.015996572000798,Operations,Junior
3669,6,2.722890934630808,2.1666666666666665,6.191829715833436,63.96290272879261,-54.05320132350309,Finance,Junior
3670,45,7.109223031387554,0.0,5.730388524348397,80.8875880505054,28.959071547325973,Marketing,Junior
3671,17,2.9396768893558995,0.5294117647058824,7.466351352284986,72.39230516277543,2.916754312666816,Operations,Junior
3672,13,7.8485604880171715,1.4615384615384615,5.935393476341911,76.24788081662196,-36.4936986588638,HR,Junior
3673,40,7.0552293763918215,0.225,5.3196604373864265,71.48277262640083,17.43609577249652,Operations,Junior
3674,26,5.005259635337595,0.34615384615384615,5.002216738341016,74.16538590057274,10.037942524823976,Finance,Junior
3675,46,7.888528549532151,0.021739130434782608,7.433277605600269,88.79262215012048,28.929293417916313,Operations,Junior
3676,30,2.584260374648025,0.23333333333333334,6.448595133920947,80.77166699490067,21.985812649684085,HR,Junior
3677,16,3.8183945670506096,0.0,8.009243882693823,94.90705922492245,20.94462271088327,HR,Junior
3678,21,5.829346490243669,0.0,6.50070559325241,87.5407719237337,18.449461404259402,Marketing,Junior
3679,18,4.1000412108390725,0.16666666666666666,6.944013792952907,69.57831889356393,11.515581357034641,Finance,Junior
3680,18,7.570235311884751,0.3333333333333333,6.62833989126154,69.25207912043437,-0.49005479968262833,Marketing,Junior
3681,38,2.3937565290669056,0.21052631578947367,7.602299164437385,71.75643945409524,26.047985359001032,IT,Junior
3682,24,5.296470992365787,0.625,6.424556648059873,89.51408182267099,2.959874379802624,HR,Junior
3683,15,5.545197604370687,0.26666666666666666,8.855070599769235,60.955067772769794,2.1006183458125864,Marketing,Junior
3684,20,5.9163687426633444,0.05,8.74458794639412,68.05634476049403,12.278531466772117,HR,Junior
3685,35,3.5339973399908864,0.2857142857142857,8.392111610629126,91.67214471204935,23.695005690999523,HR,Junior
3686,10,4.187398565119187,1.7,8.681201082290993,82.39637526291382,-36.89552207765561,IT,Junior
3687,23,7.062083177989866,0.782608695652174,6.796558753837564,67.93964834253697,-10.214497557037559,HR,Junior
3688,41,3.169656613820959,0.2926829268292683,7.1457215871579685,67.67007388814031,23.014213745108094,Marketing,Junior
3689,8,6.961207083040172,1.25,7.968370370232978,90.19163356158006,-28.584087453764333,Finance,Junior
3690,8,5.375932537416454,2.375,7.784583699754164,91.28151278969662,-58.94556251689359,Operations,Junior
3691,24,6.573125067164493,0.75,8.562714382421884,68.96458818367404,-7.453332497594181,Marketing,Junior
3692,14,6.281644197580829,1.1428571428571428,7.865324109026782,74.71786253267862,-23.50543017434022,IT,Junior
3693,28,3.245068972309274,0.14285714285714285,8.991538832913843,89.2108508519911,23.866317940065386,Operations,Junior
3694,39,5.412876418603237,0.3076923076923077,6.394023199326364,86.98526035134599,20.74053000229349,HR,Junior
3695,30,7.206338916830554,0.6333333333333333,8.331990968957673,88.48706372981296,2.2847349123014826,Marketing,Junior
3696,41,4.592697420811576,0.0,7.790539291330656,78.1439366775789,31.043392493892625,Operations,Junior
3697,42,7.7995446213399005,0.21428571428571427,7.765545780860075,91.90421669068107,21.553182666884986,Marketing,Junior
3698,25,4.713290600610309,0.28,6.303342379379996,71.40830403840523,11.45507960646043,HR,Junior
3699,44,2.8567138200073083,0.1590909090909091,8.14240716969209,65.48352470216314,29.010550027690737,Marketing,Junior
3700,43,4.336608080466039,0.4186046511627907,8.601504089390396,84.80563163977027,21.529770632138256,IT,Junior
3701,25,7.710214438343223,0.2,5.874193846082251,78.87740456024137,9.35505203536183,Operations,Junior
3702,14,3.9183250960391254,0.7857142857142857,7.501987348466816,89.91050190833184,-5.025978381840453,Operations,Junior
3703,42,7.208588959202377,0.14285714285714285,6.568539316411101,62.840573719365025,19.065222539753968,Operations,Junior
3704,8,7.287504090091339,1.875,8.958192477179509,89.52923412033235,-48.11916135611621,Marketing,Junior
3705,49,4.101119145991767,0.16326530612244897,6.915331263326726,70.26531286230878,30.352865096804752,HR,Junior
3706,24,2.4995459483037927,0.375,5.913280695187771,82.9199483508864,14.734897773569696,Marketing,Junior
3707,21,6.347347454952909,0.42857142857142855,6.527430500887331,61.40450761773895,-0.6709362435008845,Marketing,Junior
3708,11,3.869073794083916,0.8181818181818182,7.615353559266505,81.33534537062602,-9.416533059497176,Operations,Junior
3709,8,6.697541685545435,2.375,5.304357485398305,85.10450912155676,-62.82418154677953,HR,Junior
3710,33,4.655929089562599,0.45454545454545453,7.414407680884951,72.90625750769671,11.433029686050508,Finance,Junior
3711,18,4.91160045405573,0.0,8.724899036715591,67.5393746841749,14.48467402872352,HR,Junior
3712,7,6.667456440491221,2.2857142857142856,8.401451150631402,78.81707368112407,-61.94292671618619,Marketing,Junior
3713,28,4.294179986369768,0.4642857142857143,5.270694146631934,89.16167815524763,12.115404229738564,IT,Junior
3714,41,4.658764071937487,0.43902439024390244,8.973559514956273,71.32415754038277,16.376571656884508,HR,Junior
3715,20,4.257142812617733,0.8,7.7949076948155165,68.83642541324478,-6.747000542586509,Operations,Junior
3716,8,4.20404309166368,1.625,5.649123297256095,69.76273580231907,-38.40553902286354,IT,Junior
3717,28,5.155679461408757,0.25,5.0496643566776935,93.21962535208326,17.632566147599142,Finance,Junior
3718,38,6.8527966670069045,0.21052631578947367,5.685130545168605,72.57469205175958,17.2935556026539,Finance,Junior
3719,34,4.170609871535396,0.20588235294117646,8.352703682742954,60.12614839609005,17.907539347911925,IT,Junior
3720,22,5.14552832322642,0.5454545454545454,5.0865572997806545,87.35884227858669,4.017075445628134,Finance,Junior
3721,23,6.024363952655605,0.6956521739130435,5.932589214472346,84.47461783673866,-2.223369555354786,IT,Junior
3722,35,3.61663667782193,0.5142857142857142,8.029222381339501,64.49988926110392,11.238133068005498,Marketing,Junior
3723,23,3.6651368294143554,0.2608695652173913,7.34444214359254,94.47164871972194,17.53796912859394,IT,Junior
3724,23,7.600478762140729,0.6956521739130435,8.130942841440767,81.2821799856789,-6.014086744536986,Marketing,Junior
3725,26,6.3412074399865315,0.0,7.984602015307152,77.52728218292106,18.423041556611146,Operations,Junior
3726,28,5.463120057339854,0.14285714285714285,5.202405548487219,73.37767436680119,16.263580472966247,Operations,Junior
3727,49,5.886320326523672,0.10204081632653061,8.570045676376607,91.45354644472732,32.856844146102205,Finance,Junior
3728,16,2.17579665862051,0.0625,5.908127337129075,68.53872184964972,17.081151052688924,IT,Junior
3729,34,5.708617793370181,0.4411764705882353,7.213569760919055,70.00191150769656,9.74785259715189,Marketing,Junior
3730,42,5.057053239345212,0.09523809523809523,7.577152626111115,64.28437823402984,25.085626310972685,Operations,Junior
3731,35,5.274498078676614,0.11428571428571428,5.6745128435403815,86.5691683454491,24.336266083165164,Operations,Junior
3732,40,4.156542960984902,0.275,8.904925026803898,80.84422481420486,23.60575904087117,Operations,Junior
3733,23,2.4888433862776513,0.08695652173913043,6.952623824349236,81.31731592390744,22.477080760052274,Finance,Junior
3734,49,3.160035401672313,0.30612244897959184,5.230570782389574,67.64646508568123,27.425548744403862,Operations,Junior
3735,40,7.70446827927603,0.125,8.749048179111362,82.79089361944793,21.399242165337526,HR,Junior
3736,34,4.452197373625603,0.4117647058823529,7.345071372773072,86.79104565364024,16.500873207006254,Finance,Junior
3737,37,4.800098934985185,0.3783783783783784,7.796772791925505,72.52609857539912,15.753670493758102,IT,Junior
3738,22,2.316258739120634,0.6818181818181818,7.100703159736897,88.04715003865994,5.722367074945264,HR,Junior
3739,32,2.2253973772638833,0.59375,8.33895181910787,72.20767059862074,11.37823936519638,Finance,Junior
3740,15,6.303088682280546,0.8,5.132533848772844,86.53484615282507,-10.299208133996078,Finance,Junior
3741,49,5.228567984726668,0.22448979591836735,6.0735134611085915,61.180553761020164,24.444280905199676,Marketing,Junior
3742,37,5.0522359052976,0.24324324324324326,6.878593425610768,79.29076105157785,20.65638310242307,HR,Junior
3743,21,3.458747182536012,0.6190476190476191,5.30641446525484,93.93342962239603,5.897762987978611,HR,Junior
3744,10,6.468504389779533,0.1,7.823626677306633,94.34356102388367,8.931703425217668,HR,Junior
3745,8,3.0094194746509513,0.25,6.574653656222563,69.86134024196092,5.253429099090281,Operations,Junior
3746,24,3.1396084619661204,0.3333333333333333,6.090671961072577,75.44896818781244,13.210576713630246,Operations,Junior
3747,31,4.764273028089653,0.3225806451612903,5.0135153872336495,62.204226779532156,11.834879944888415,IT,Junior
3748,19,3.7176791726716454,0.5263157894736842,7.879321246999815,90.56694576616098,6.288557123678382,IT,Junior
3749,10,3.484777887398878,0.9,8.335237235491448,79.90002535990749,-11.989550702816256,IT,Junior
3750,18,5.87142586731999,0.7222222222222222,6.580162142725994,73.4785237629181,-7.91381364872303,Operations,Junior
3751,15,5.905830471311267,0.5333333333333333,7.256871908133462,63.94696954712036,-6.022267033198462,Marketing,Junior
3752,43,6.947102418799576,0.4418604651162791,5.910746503718394,93.13685499239112,17.2773522073907,IT,Junior
3753,13,4.506251401837855,0.6923076923076923,7.488790585120532,78.55766667373479,-6.27020023815952,Finance,Junior
3754,30,2.4385105461569014,0.26666666666666666,5.048549833260802,69.90247751790163,19.103474411266525,Operations,Junior
3755,20,3.641998309528746,0.2,6.954575588395034,72.25752955460283,13.167509291863075,Marketing,Junior
3756,9,7.880032779180901,0.7777777777777778,7.576821927362769,69.47440133227516,-19.798518625240106,Finance,Junior
3757,14,5.577551451396213,0.7142857142857143,8.672767092918935,81.06334330999432,-7.971005669364988,Finance,Junior
3758,7,6.258422508806122,0.0,6.525343268489137,92.54872515231784,10.192900012851325,Operations,Junior
3759,17,2.0441469777524874,0.5294117647058824,8.06076081192412,89.98428311642975,8.226209726604504,HR,Junior
3760,47,5.109234393095125,0.0,7.390748119774003,76.11333063990921,33.20419734179159,Marketing,Junior
3761,34,2.2251719451908185,0.17647058823529413,8.708048451700321,88.92747768053528,28.441033998666594,Operations,Junior
3762,49,5.415381272548688,0.2653061224489796,6.593510702637722,74.80869184467154,25.571792150367543,HR,Junior
3763,10,7.524625097816452,0.4,6.2763813594919515,68.83074992655233,-7.283100210322438,Operations,Junior
3764,21,7.810514783002447,0.7619047619047619,8.548567994776576,94.41952903432497,-6.994266616282754,Operations,Junior
3765,49,5.243316052333545,0.10204081632653061,5.1969776056331565,70.63606487897877,29.979356381332746,Finance,Junior
3766,23,4.749228831513296,0.6521739130434783,5.545541571734708,71.3303480845418,-0.99760543742258,Operations,Junior
3767,46,7.670102565490964,0.21739130434782608,5.329617738336178,94.63925037252828,24.665905813088944,HR,Junior
3768,39,6.041658991980171,0.23076923076923078,8.37243982630561,64.68746226079791,17.33109754512232,Finance,Junior
3769,30,2.389395677230457,0.4666666666666667,5.042429693481278,86.61868958033932,16.544946561606952,HR,Junior
3770,9,4.794353466004985,0.6666666666666666,8.446628621988193,92.75344654689542,-5.638017622630887,HR,Junior
3771,33,3.4414701107858234,0.030303030303030304,6.805071181485067,77.91282479963965,27.590533829265375,Finance,Junior
3772,41,4.818825928692089,0.2682926829268293,5.016101115415883,60.0882616595987,18.93121998673068,HR,Junior
3773,24,4.732793432038171,0.75,6.606580708848167,73.12706304395871,-2.9401742552846013,IT,Junior
3774,25,5.492868816888452,0.44,5.747203364180143,63.90491473346895,3.5952453129168873,Operations,Junior
3775,14,4.140622942095508,1.0714285714285714,7.497601949888653,74.56656813267935,-17.110789400512285,Finance,Junior
3776,9,2.985622696735568,0.5555555555555556,7.717435159686586,87.65093665747996,0.29227527135818576,Finance,Junior
3777,40,5.022316607539738,0.05,6.950110281619999,75.35490421093301,27.52634762710713,IT,Junior
3778,10,6.981217306074573,0.1,5.16207810175868,75.1173792471073,4.061041237272313,IT,Junior
3779,30,5.984073368405614,0.6333333333333333,7.624515217468808,79.48763169215962,2.929379601620697,IT,Junior
3780,8,4.030207195551295,0.5,8.368155134422086,80.3591704661688,-2.1885802978688282,IT,Junior
3781,43,7.613138136553143,0.23255813953488372,7.881297109305606,89.970370807964,21.591053702440004,Marketing,Junior
3782,43,7.473245427495093,0.046511627906976744,8.319831675821273,70.7924403730133,23.616648382403177,Finance,Junior
3783,39,3.2560903963045926,0.05128205128205128,5.802038094203549,88.75849425288055,33.101056519505384,HR,Junior
3784,5,2.2365055107221776,0.8,8.555551758625931,79.80768120422165,-9.511474780600025,Finance,Junior
3785,28,6.447852250104574,0.35714285714285715,6.288773802591852,70.51853424010014,7.293716633525166,Finance,Junior
3786,40,6.965661568094919,0.05,5.0536192570079645,70.3294115402127,22.6345591718527,Finance,Junior
3787,10,7.807187395708132,1.2,8.373566585316283,72.63981309870036,-31.086412171676194,IT,Junior
3788,45,7.339018364529864,0.15555555555555556,8.767285075858908,81.79426349169914,24.014149302613433,IT,Junior
3789,48,5.603208609238489,0.3958333333333333,7.622232789669395,68.07841059759822,19.334264901042665,Marketing,Junior
3790,35,5.180314035274285,0.2571428571428571,5.925746521853698,92.21167465852936,21.36742114687159,Finance,Junior
3791,24,2.167046307575518,0.041666666666666664,6.006977857130122,80.12194044622652,24.840295474094265,Operations,Junior
3792,28,3.479938681068667,0.10714285714285714,6.866371493742478,92.20055219486024,25.065947362549004,Marketing,Junior
3793,29,4.757688510397559,0.5862068965517241,8.591324318405679,61.624152550270416,2.6232465927072433,IT,Junior
3794,40,5.771023400501407,0.45,5.598390624590234,71.99139796615157,13.3562327922275,Finance,Junior
3795,25,5.343510999910464,0.12,8.303894678333947,60.79826812406681,12.872631624992435,IT,Junior
3796,34,6.455815938090144,0.5588235294117647,6.165211234820601,69.52881352842894,4.6294249471525575,HR,Junior
3797,28,3.6786015853222453,0.2857142857142857,8.234344677716392,90.1702265294006,18.90541356380706,IT,Junior
3798,48,5.38971564591484,0.3125,8.681084790406155,61.28134005447703,20.901836719065724,IT,Junior
3799,46,2.528853460344753,0.10869565217391304,6.709975487977281,75.26514849705107,34.334453213503316,Marketing,Junior
3800,34,4.481993141499242,0.08823529411764706,6.460202616422123,64.11484746656298,21.6119243867847,HR,Junior
3801,26,6.500964997727606,0.3076923076923077,8.208885275885207,74.58942307411287,8.285185388598132,Operations,Junior
3802,32,6.160405120574264,0.375,7.117931529517576,89.3598054492532,13.50115084870211,Operations,Junior
3803,11,7.943856423033074,0.7272727272727273,7.737796193852788,81.80748616908816,-14.744397430430336,Operations,Junior
3804,39,3.667346755926536,0.1282051282051282,7.491316947844718,85.78647208659982,29.376447059313044,Finance,Junior
3805,32,4.989135795043875,0.5625,5.611555382579185,72.21864404073534,6.790457218059318,Operations,Junior
3806,18,3.9771824826439803,0.7222222222222222,8.379161441158246,93.05391932535495,-0.21024776688363644,Finance,Junior
3807,14,4.643618684355048,1.0,5.783100445652545,84.8241732822825,-13.922402712253596,IT,Junior
3808,20,7.141700779216329,0.1,8.729128576283124,74.76295867495858,9.66919017655906,Operations,Junior
3809,20,6.10525445113092,0.2,6.002285165688591,74.92626800794692,8.774744699327545,Marketing,Junior
3810,35,7.29464714808549,0.4857142857142857,7.935523893094968,92.15394622801541,10.270066378003532,HR,Junior
3811,46,3.221066649991319,0.2826086956521739,6.138621573974368,80.17416427023872,28.71443868449989,HR,Junior
3812,29,7.240166707048628,0.5172413793103449,6.2711416343474555,84.72327234660646,4.34707967591369,IT,Junior
3813,17,2.3585736450703063,0.7647058823529411,6.240007411129222,74.59623285796098,-2.5390771891366484,HR,Junior
3814,10,7.331595682622915,0.8,7.991569016104333,67.829246766765,-19.097342011892827,HR,Junior
3815,48,3.9744426767643675,0.2916666666666667,7.227260471877573,85.32457521980464,29.166029690432193,IT,Junior
3816,13,3.887525800484399,0.46153846153846156,8.531809823389988,81.27383202494858,2.4335609578670727,IT,Junior
3817,49,5.072531460191984,0.2653061224489796,6.229490876816179,77.54700081486727,26.805153569120098,IT,Junior
3818,40,7.644141126339391,0.125,7.767970088226978,81.84073289980623,21.329864327282465,Marketing,Junior
3819,47,2.286688188088432,0.2978723404255319,8.011794398652443,67.28999551224818,28.148452513506818,IT,Junior
3820,24,4.113385850424471,0.7916666666666666,5.605928452119833,87.78785472861847,-0.01920075512525088,IT,Junior
3821,22,7.139431932100014,0.3181818181818182,6.602357429279245,93.18569817571071,8.01282122548757,IT,Junior
3822,47,4.376326864612801,0.02127659574468085,6.931269977401644,91.1886100458696,37.046770407607895,Operations,Junior
3823,25,3.194941385582402,0.28,6.422749559577497,71.2502510857456,14.460167445984318,Operations,Junior
3824,8,4.548765087988471,0.0,6.288450383876553,74.21020206487266,10.544510236997592,Marketing,Junior
3825,37,4.313315008950016,0.43243243243243246,7.745679575990568,88.29408049291465,18.259213107709922,Marketing,Junior
3826,31,7.492497208800221,0.5806451612903226,5.863465590637954,80.82909957886113,2.361470659462105,HR,Junior
3827,11,6.571606254458582,0.36363636363636365,7.837562981004515,79.17700552868273,-1.6169023122715291,Operations,Junior
3828,10,5.030693334464038,1.9,8.740176785562923,92.43246886367058,-42.57489289619396,Marketing,Junior
3829,19,7.930223400329426,0.7894736842105263,7.2607900847110045,78.76087363419677,-12.39248260013529,Marketing,Junior
3830,22,4.79166518765554,0.2727272727272727,7.445736946957896,78.02285378555584,11.039422199981907,HR,Junior
3831,36,2.349426984921651,0.16666666666666666,5.275730808496356,61.470650694322586,24.195276169021213,IT,Junior
3832,15,3.573645930889909,1.1333333333333333,8.457907614471313,62.429593550654815,-19.661373151648856,Finance,Junior
3833,24,4.616422881315875,0.7083333333333334,6.141791148799462,60.259710775822754,-4.0309036074672004,HR,Junior
3834,28,2.9414157448767204,0.03571428571428571,7.4602046621142595,91.96354790242718,28.238449519303426,Finance,Junior
3835,19,7.685390757944258,0.7368421052631579,8.91644867897921,74.29353310061953,-11.217338053659345,HR,Junior
3836,11,6.601093386906639,1.1818181818181819,7.382010402291231,76.39964816466944,-26.776802595424837,HR,Junior
3837,25,3.609723202566636,0.68,7.89883794985751,89.58854316573617,5.298262228013961,IT,Junior
3838,46,5.544827201107495,0.17391304347826086,6.781278472895007,81.32362086315223,27.55767846606763,Marketing,Junior
3839,30,6.328694942657432,0.43333333333333335,5.241463374060229,81.33255587367034,8.609121289419207,Operations,Junior
3840,48,7.6476735734407875,0.08333333333333333,8.190397397959154,70.37870502741843,25.080393858602108,HR,Junior
3841,18,7.289812095052464,0.5555555555555556,5.139995365055943,89.18679308735817,-2.608932239299964,IT,Junior
3842,41,5.091153356829282,0.17073170731707318,7.802631315551416,65.80404916138228,22.456551899105698,Finance,Junior
3843,25,6.647915718758106,0.16,5.091686292598547,61.860235726053176,9.276215707694424,Marketing,Junior
3844,22,5.3728685229655095,0.45454545454545453,8.449220946306681,66.70611751314863,2.159122820335069,HR,Junior
3845,9,5.316223340273241,0.4444444444444444,5.630544143331923,69.37080265710976,-4.69161948245786,Finance,Junior
3846,7,2.6884517500291514,2.2857142857142856,7.0570859817702045,69.88088702489723,-55.772154666507426,HR,Junior
3847,27,2.756825948096912,0.1111111111111111,7.38860281793259,83.46797595165687,24.04660996080422,Operations,Junior
3848,30,5.177201690134744,0.4666666666666667,6.830181629493648,67.62386055650252,7.170368731031017,Operations,Junior
3849,41,3.6131692698740396,0.43902439024390244,6.3630539573955485,83.68304065732445,20.939537884399737,Marketing,Junior
3850,28,2.126221414762812,0.03571428571428571,6.871257184723887,63.18962606318299,24.114053811682403,Finance,Junior
3851,23,6.337035223401274,0.6956521739130435,6.245663015524634,65.15208613842681,-6.713218436508491,Operations,Junior
3852,29,2.19491958014099,0.3793103448275862,6.752489388323452,77.80875069718482,17.1926006343274,IT,Junior
3853,25,5.571661046624327,0.64,6.435651963992123,92.26635309018249,3.1099485247878444,Marketing,Junior
3854,16,5.235162764763887,0.5625,7.264819294028581,90.08486560838898,0.2716475921500212,HR,Junior
3855,45,7.812888143466827,0.37777777777777777,5.951696648979934,93.90637048549812,18.822164476832636,Finance,Junior
3856,37,4.90527883608585,0.4864864864864865,8.954626219656049,82.76676728473598,14.3482011901809,Finance,Junior
3857,8,2.3816086182667844,2.125,7.003479813528662,83.65352032456322,-46.98251317162093,IT,Junior
3858,46,5.31012780683877,0.2608695652173913,5.7766483096580385,81.87580496260222,25.528818422321166,Operations,Junior
3859,11,7.046577023696608,1.1818181818181819,6.90826699826909,81.79866230003691,-26.58796704193129,Finance,Junior
3860,26,7.98109570568864,0.5769230769230769,8.465660518099297,65.14921207736546,-4.640041303596496,IT,Junior
3861,37,4.582059042134435,0.4594594594594595,5.087227172497583,79.0308634657375,15.058270825094846,IT,Junior
3862,21,3.921792454980455,0.8095238095238095,7.718216476429156,73.5123776708104,-4.826823661513114,HR,Junior
3863,28,7.4399197817119935,0.5357142857142857,7.191871187175712,75.48880255220527,0.9464923755885,IT,Junior
3864,38,3.1474527744567284,0.42105263157894735,5.678231977480542,78.32602005707331,19.538719515132783,Marketing,Junior
3865,32,5.69257349019756,0.1875,8.269905757219682,64.4938660130788,15.08862622222064,Finance,Junior
3866,47,4.434286545085686,0.23404255319148937,6.475538489496023,72.5820706848242,26.82656445104879,Marketing,Junior
3867,45,2.2464941897333315,0.022222222222222223,6.17520811526203,62.22073463068112,34.284491880002896,IT,Junior
3868,43,4.083730845834187,0.20930232558139536,8.312500767427604,94.28838456478397,30.211145453846562,IT,Junior
3869,26,3.5913711350160478,0.15384615384615385,7.554100184766659,64.14848100870441,16.63156931632417,Marketing,Junior
3870,21,6.116546923660922,0.09523809523809523,8.593036334699297,69.0483658490734,11.319436465349982,HR,Junior
3871,38,7.692742986151509,0.47368421052631576,7.519534814684798,91.19525243461891,11.443038198831294,IT,Junior
3872,10,3.6082831242718267,1.2,7.963270631728461,76.89485161836996,-21.837595924869667,Marketing,Junior
3873,10,6.86879563491009,1.1,8.34578358503845,64.74730205322206,-27.788130859175766,Marketing,Junior
3874,38,2.332158901630457,0.05263157894736842,5.218958543639747,73.44806883137721,31.246348594593478,Finance,Junior
3875,5,5.228726060238879,1.0,8.10419583547752,64.0553797966985,-24.64637616113805,HR,Junior
3876,14,2.4233003822593675,0.9285714285714286,7.454825927398307,67.00755989795756,-10.902231642070076,Operations,Junior
3877,25,7.604197946783836,0.12,5.2780311860607725,61.821044643244576,8.555813035081243,Marketing,Junior
3878,9,6.598107683344342,1.3333333333333333,7.03431168747486,75.3379623092185,-32.72862290484498,Finance,Junior
3879,6,5.9476994672275545,3.0,5.3298323119358155,88.23226426038408,-80.64894608237829,Operations,Junior
3880,26,6.943378289747986,0.6538461538461539,7.94378880689289,80.50892125449634,-1.8003569439813205,Finance,Junior
3881,6,5.885118773420979,0.3333333333333333,7.186006855591533,81.22208569196141,-1.9258204084496775,Finance,Junior
3882,14,7.813666383045747,1.3571428571428572,8.81429414964919,67.02044105291341,-34.53753026979452,HR,Junior
3883,38,6.2837476871886295,0.13157894736842105,5.732541486287079,72.03628451383283,20.692393107336677,IT,Junior
3884,20,7.54795165749348,0.75,7.424133810081514,89.58347363442911,-7.67920858810114,HR,Junior
3885,43,5.102791352063829,0.4418604651162791,5.846328538281965,63.07496645142801,14.953596632669575,Operations,Junior
3886,26,2.702386477891176,0.07692307692307693,7.456259938909593,90.02757287839867,25.893049312205076,HR,Junior
3887,16,5.169066328538102,0.6875,7.890598809443426,76.9291509192675,-5.977302473222707,IT,Junior
3888,28,2.76123696837856,0.6428571428571429,7.889217317318154,89.3001600963791,9.851843796804413,HR,Junior
3889,44,5.5549608750584305,0.4090909090909091,8.260295962730439,71.13022467880401,17.243395912916668,HR,Junior
3890,42,4.894958363165978,0.07142857142857142,8.414200911833266,71.85950330540572,27.639126791892046,HR,Junior
3891,14,5.73545238699669,0.0,5.309086905068709,86.30617039130999,14.19032930426862,Marketing,Junior
3892,39,2.0602818863289896,0.02564102564102564,6.373068628289616,87.4748660687277,36.0051786718568,Marketing,Junior
3893,36,3.1690429499321846,0.3333333333333333,7.748490081439223,68.03756372965513,18.869426846066656,HR,Junior
3894,11,4.947982591472785,1.0909090909090908,6.9943451495648485,94.05049636876669,-17.21313863646496,IT,Junior
3895,25,7.7030213695348095,0.04,5.762703787019166,62.95715364856901,10.985387990644185,IT,Junior
3896,24,4.301654242130951,0.75,7.210838280666792,62.39760370857458,-4.223787742546987,IT,Junior
3897,30,4.546232156321808,0.5,6.629742611064575,80.8426475350136,10.076065194359105,IT,Junior
3898,8,6.288176534039733,1.375,6.56015311061722,85.29592687200675,-31.967167693678125,Finance,Junior
3899,26,5.622756543716708,0.0,8.239014869742656,93.63101452287408,23.080689817141398,HR,Junior
3900,19,3.7935569005899996,0.42105263157894735,6.6303933353287245,74.17310232796015,6.015927717043612,HR,Junior
3901,44,4.464898373404567,0.36363636363636365,5.105818021921697,60.885199314637156,18.738152207027387,Finance,Junior
3902,25,3.3061987931433947,0.36,5.2322533555643655,81.10137188062424,13.80787678983806,IT,Junior
3903,19,7.796128754781251,0.8947368421052632,8.42497616676648,70.13936072095701,-17.006490628528994,Operations,Junior
3904,26,2.7838062893441586,0.6923076923076923,8.842403240050086,75.15314924183907,4.293786500448729,Operations,Junior
3905,32,4.231020707398517,0.1875,7.75363734582283,77.09643187874774,20.532244960952514,Finance,Junior
3906,18,2.155033833320067,1.0,6.45747317640032,62.25794137583118,-11.058479391473899,Operations,Junior
3907,31,3.330676951601278,0.45161290322580644,8.75440126317891,77.0093624597436,13.792131491971968,Marketing,Junior
3908,45,6.68282683028093,0.17777777777777778,7.651212345502943,74.92118833815101,23.285250673735007,HR,Junior
3909,44,3.207051393733277,0.20454545454545456,8.377334196797351,84.93904928503076,30.83734343317596,Operations,Junior
3910,32,2.4803804151737934,0.59375,8.063409216148038,82.59830689243206,12.946400548138827,Marketing,Junior
3911,30,4.84671907906714,0.6333333333333333,6.51655726309037,66.48255013526963,2.6030718689196473,HR,Junior
3912,6,2.059815408407111,0.5,6.914808803403142,67.2148621373639,-2.0766583893414428,Marketing,Junior
3913,29,2.508596926557999,0.1724137931034483,5.7445286174723975,68.78521625710306,20.967435605201164,HR,Junior
3914,7,6.84575521737785,0.42857142857142855,6.168056401762936,66.2632654104012,-9.096000209818316,HR,Junior
3915,12,6.628840069157638,0.3333333333333333,8.112502645146087,83.00246198839635,0.5428122593639948,Operations,Junior
3916,48,7.490832922429377,0.16666666666666666,8.575913567532433,94.80505627200947,27.779345409543136,Finance,Junior
3917,37,7.127092615464497,0.2972972972972973,7.897841693005647,82.82379191805778,15.591654233763643,Operations,Junior
3918,46,6.099053379438908,0.15217391304347827,6.860694786626553,81.2338541166952,27.083446673156875,IT,Junior
3919,39,2.3139971438039773,0.10256410256410256,5.34603707575899,74.34747766728754,30.564578168926474,Marketing,Junior
3920,10,6.697091707919945,1.0,5.227791794793793,70.94030906009162,-23.206121603821565,IT,Junior
3921,43,7.073064865043363,0.23255813953488372,6.497302258451415,91.88758149172676,23.054642382212116,HR,Junior
3922,27,6.794492874631727,0.4444444444444444,6.855286875070652,93.91506559497535,8.060694036398282,Operations,Junior
3923,29,5.050874211848156,0.4482758620689655,7.436482488853187,77.38716614557048,9.327408943348816,IT,Junior
3924,47,3.39741103189689,0.14893617021276595,5.025958085547989,70.15701734272952,30.968496298369143,IT,Junior
3925,23,7.07197985413236,0.7391304347826086,8.958891561865226,86.95427726844187,-5.127017298054604,IT,Junior
3926,9,6.362976858440831,2.0,6.455755533616172,64.63598768034075,-54.39875618081351,HR,Junior
3927,15,7.8845670463331095,0.7333333333333333,8.392378655204485,86.79558831752885,-11.41001642916045,HR,Junior
3928,16,2.9341555865355975,0.6875,7.1398668226616175,88.66319310089685,0.8393274471081718,HR,Junior
3929,14,3.35398749831233,1.2142857142857142,5.521757818133386,64.37163806195086,-21.862218812805907,IT,Junior
3930,12,3.270788899289016,0.75,8.190262210138087,94.19015140787974,-3.003547517002083,Marketing,Junior
3931,28,6.75523860572802,0.21428571428571427,7.839308299679504,94.49293016359675,15.759537392691884,Operations,Junior
3932,32,3.121443778700709,0.53125,7.1097443397169116,92.78518177645729,15.57664879789004,Operations,Junior
3933,45,2.3999589789398366,0.24444444444444444,7.05821236533512,77.36121832921926,30.33899237463085,HR,Junior
3934,40,7.991364839513771,0.325,5.349918423003713,68.61259497968899,11.989789316910256,IT,Junior
3935,41,2.148903268670895,0.34146341463414637,7.623395794295496,80.37032483086695,26.13235598980721,Marketing,Junior
3936,25,7.011464360953194,0.6,8.644980623017199,74.69768434650025,-2.083391852606338,Finance,Junior
3937,12,4.192201049303916,0.08333333333333333,5.372979676885434,67.2082025651019,9.757238414412548,HR,Junior
3938,13,7.049692758546891,1.3076923076923077,6.05404580259562,74.82867433662466,-30.564419880538082,Finance,Junior
3939,19,5.32772294726687,0.5789473684210527,8.609231893768396,83.23614424871568,0.023361902577818228,Operations,Junior
3940,44,7.40978737691816,0.3409090909090909,6.137375639279173,62.48196587750969,13.849545694392889,Operations,Junior
3941,22,7.55715791848776,0.5454545454545454,7.615774688719705,71.66963005061058,-3.944026190489769,Marketing,Junior
3942,46,2.054589087684656,0.41304347826086957,7.139272659772576,60.62282115044888,23.224081706894374,Marketing,Junior
3943,24,2.4524730559567294,0.6666666666666666,7.385310420015449,86.23234269115865,6.741522426318271,Finance,Junior
3944,10,3.5021523774251326,1.7,6.6631556063090125,82.42419436658453,-35.519465881533364,Operations,Junior
3945,16,6.01589249818101,0.125,6.199965882214844,62.1935247145688,6.25691994655174,Marketing,Junior
3946,6,7.329633179069036,1.5,5.194133802918676,93.76581458606887,-37.3061034409243,Marketing,Junior
3947,11,4.759651707763776,0.0,7.977123757176656,60.79175449944852,9.239047484362152,Operations,Junior
3948,20,5.641838697645593,0.25,7.984373848776907,80.6486226266631,9.346047130041434,Operations,Junior
3949,7,3.130999116773367,0.2857142857142857,7.682902960314893,87.17286116296695,6.8011454276180885,IT,Junior
3950,49,6.829801003290112,0.3673469387755102,7.574535152478482,87.5763709565653,22.23526402146753,Marketing,Junior
3951,7,7.8039686681208185,0.42857142857142855,5.974868528670105,61.199979745762136,-12.025084244232064,Finance,Junior
3952,31,3.611593597487585,0.6129032258064516,5.089379735065165,91.72452964241538,11.334621959314356,HR,Junior
3953,47,4.968955709603278,0.0425531914893617,8.234861587541758,92.14580851744927,35.414654539602445,HR,Junior
3954,44,2.5166966630382426,0.1590909090909091,6.9645541427833075,79.64866306040304,32.523612013276846,Operations,Junior
3955,42,5.35481993877781,0.16666666666666666,6.227352522810474,76.87291196105011,24.864942514654402,Finance,Junior
3956,37,5.016700651080083,0.16216216216216217,5.407727627122281,61.57036120719099,19.615806074413165,IT,Junior
3957,32,2.8666189049304656,0.03125,5.250886363605554,79.6683949878454,28.46294118770815,Marketing,Junior
3958,5,4.652397278708451,1.0,6.395466887180709,74.32826786195808,-21.439140985025283,IT,Junior
3959,12,4.004627912519379,1.25,8.218948259067762,87.04822425930297,-20.899610973178167,Finance,Junior
3960,41,5.130985251831136,0.21951219512195122,8.674894997335322,74.13592484101308,22.579848610881804,IT,Junior
3961,36,5.513926012572795,0.08333333333333333,8.587005458452259,83.92532916636483,24.857213808127376,Operations,Junior
3962,47,2.050973471643257,0.2553191489361702,8.68000333899862,63.54928511831358,29.148335612291092,HR,Junior
3963,41,6.566035897697332,0.21951219512195122,8.630901372517371,64.65332947680884,17.813228246308565,Operations,Junior
3964,8,6.278085751170445,1.625,7.108899006401583,64.88985667272054,-43.52820016779678,Marketing,Junior
3965,34,4.197718317239133,0.23529411764705882,5.877662554227616,61.59339249299102,17.264418334708175,Operations,Junior
3966,10,2.31761561341291,1.0,8.192186331347282,78.94651007444313,-12.845929211937193,Finance,Junior
3967,23,6.529595238710302,0.7391304347826086,5.854851899410316,87.78887041152726,-3.8753294385934076,Finance,Junior
3968,36,7.731050962868794,0.2777777777777778,6.068829107026277,81.36439212927831,14.077443166784738,Marketing,Junior
3969,13,3.440909576132085,1.2307692307692308,5.933017287290194,80.12342099434997,-19.9802118764711,Marketing,Junior
3970,16,3.941147682422227,0.0625,7.059929614783224,83.82183749409577,16.6070721339747,HR,Junior
3971,15,3.1028773368908897,0.13333333333333333,6.28731003267632,71.88758630752052,13.171762587722325,IT,Junior
3972,20,5.461616740069038,0.5,5.616624198501366,72.66839250768801,0.610445021399526,HR,Junior
3973,5,2.9290483678847297,3.4,6.8126936475755295,70.99945343773229,-90.65820604822301,Operations,Junior
3974,49,4.137163660768277,0.04081632653061224,8.495628955140667,84.92381264987515,36.88594541252011,IT,Junior
3975,25,6.182078083605578,0.56,7.282211419799889,65.6574117484771,-1.032673817515736,Marketing,Junior
3976,34,5.360695898056091,0.29411764705882354,8.513342423550348,60.455884810952355,12.946255754313583,Finance,Junior
3977,17,4.318775385967611,0.5882352941176471,5.78348874031655,80.86687563528723,0.08876553159281286,Operations,Junior
3978,38,4.521497610845252,0.5,5.667895494690216,92.98334776569719,17.353674331448936,HR,Junior
3979,8,5.3726652957393775,1.25,7.3023085027936805,81.32927709487066,-27.179475172504624,Marketing,Junior
3980,32,2.035188367322968,0.5625,6.853315606185092,87.40225785293133,15.735074835940328,IT,Junior
3981,42,2.471059210721659,0.0,7.6406905665878275,83.54767483131106,36.96741654481889,IT,Junior
3982,35,7.28754840657807,0.11428571428571428,8.178507164107126,77.41028287330556,18.478388332933548,Finance,Junior
3983,31,2.4672739345477446,0.2903225806451613,8.005229182608705,85.14373406243462,21.984521524036595,Marketing,Junior
3984,9,6.240821577263031,1.0,8.769044694634244,88.84364433493276,-19.31291428753951,Marketing,Junior
3985,29,7.520228984654316,0.4482758620689655,6.593025636628046,67.86560754600943,2.4843876778242873,Operations,Junior
3986,7,3.6241016258103866,0.14285714285714285,5.8255469689927235,71.76456681691009,7.01899582604696,Operations,Junior
3987,37,4.222948622357086,0.08108108108108109,7.203650559791543,67.83040063761493,24.887750450376384,IT,Junior
3988,8,5.413528435068297,0.125,5.442972480764743,75.82605344566544,5.388153818996495,HR,Junior
3989,29,7.290253817831508,0.5862068965517241,6.155404493326525,90.97725928208337,3.4287373242019346,IT,Junior
3990,24,7.651433523562521,0.5,5.831552221052577,72.08224852923664,-1.4864173412777166,Operations,Junior
3991,38,6.437379488667609,0.47368421052631576,6.586254867188323,73.10634111956936,10.335982930789184,Operations,Junior
3992,30,2.519718565128164,0.13333333333333333,5.4448663000088615,90.11285321351761,26.983133512447196,Operations,Junior
3993,9,6.014924933209105,2.111111111111111,5.127366978192391,78.03810157606364,-54.35556288453881,IT,Junior
3994,39,4.461822331235973,0.02564102564102564,7.627176018520127,78.7407149876602,29.455267565829324,Marketing,Junior
3995,32,4.82420599694637,0.3125,7.440995913159219,90.12804211662746,18.20219642943275,HR,Junior
3996,33,2.2948903420710622,0.5151515151515151,7.833435744154645,77.16843579589155,15.189361020490736,HR,Junior
3997,13,3.1463728360781493,0.38461538461538464,7.641545761085376,83.85451371202883,6.73969553178793,Operations,Junior
3998,42,6.743081645201887,0.21428571428571427,5.457178724569534,62.997563305592124,17.884777942143224,Finance,Junior
3999,10,4.723752998287159,1.6,6.164315525502586,66.25210995944099,-38.197084004686126,IT,Junior
4000,23,3.8099734497868933,0.43478260869565216,5.518106439601409,74.1531670250686,7.967208244570369,Marketing,Junior
4001,48,4.304114443789749,0.375,8.371889608194252,77.31936737369563,24.405644587159625,Operations,Junior
4002,15,7.1263970799540814,1.0666666666666667,7.987614621422093,93.80067954326803,-18.492658251254557,Finance,Junior
4003,6,6.493994104429741,0.5,5.80610801167297,93.97280715667264,-5.593426777524954,Operations,Junior
4004,48,3.6338923830864966,0.2708333333333333,6.365236961959574,89.79189806175665,31.365594846178336,Finance,Junior
4005,48,2.70501104127424,0.3958333333333333,8.866459969056857,71.04595923499511,25.72416976445054,HR,Junior
4006,13,3.5119893298644302,0.23076923076923078,7.376637431518606,93.7409901791354,12.601142453021296,Finance,Junior
4007,25,7.524538706328402,0.52,8.20462238920463,84.12693026366745,1.1763086400766838,HR,Junior
4008,28,5.489533027098532,0.10714285714285714,6.058364139074916,73.75290447360902,17.357229126239027,HR,Junior
4009,38,5.200881252468697,0.13157894736842105,5.840211680717221,84.55862209446683,25.362593492903343,IT,Junior
4010,26,5.578361598154769,0.3076923076923077,8.135667715386194,60.57829554252843,7.328166681426916,Finance,Junior
4011,7,4.196169594479091,1.5714285714285714,7.7434898209257605,65.11541387959747,-38.31211355589582,Marketing,Junior
4012,16,6.842642121917077,0.4375,7.723911716847055,89.03899990447287,0.5975157370604229,Marketing,Junior
4013,32,5.139717495801499,0.09375,7.210538327316776,82.595077290561,22.627080466509202,Finance,Junior
4014,34,2.7004874166127735,0.11764705882352941,7.254313371106195,72.74681454521594,26.018976311111757,IT,Junior
4015,30,2.774390748974378,0.16666666666666666,7.942790021225015,77.52333240779515,22.955884983610275,Marketing,Junior
4016,25,5.22115487901571,0.16,6.080009924484781,91.67997523760184,18.093685289488946,Operations,Junior
4017,32,7.619421308425035,0.5625,6.4110738634278235,82.10523383176803,3.507204149503538,Marketing,Junior
4018,30,3.8501127300571927,0.23333333333333334,8.48654708208022,73.93522493770156,18.086819527425927,IT,Junior
4019,37,7.21724701315531,0.21621621621621623,6.235460804048631,64.21143300891373,14.121306088985637,HR,Junior
4020,25,6.584573519473276,0.56,7.185238285517196,70.28113805689463,-0.9129194275676245,HR,Junior
4021,39,3.486874657441441,0.07692307692307693,7.810557856026737,94.24190814788042,32.96694000700089,HR,Junior
4022,38,2.218044489897455,0.21052631578947367,8.999699307332707,75.30770719981221,27.109662986483325,IT,Junior
4023,45,2.6110835908542964,0.13333333333333333,6.741165325981328,76.51438123457012,33.08070906520543,HR,Junior
4024,22,6.3709636030846415,0.3181818181818182,6.712371506499775,77.45093113389554,6.40280447515528,HR,Junior
4025,15,3.19801842824388,0.9333333333333333,8.37035351773467,90.94364080318739,-7.207308695850283,IT,Junior
4026,27,4.227625523032363,0.6666666666666666,8.222012445039454,81.13748995348584,3.9722469446324435,Operations,Junior
4027,26,5.010194996038549,0.5384615384615384,7.9243035269381945,84.27869627581728,6.281503109240205,Marketing,Junior
4028,21,6.352809010700977,0.19047619047619047,6.852918549636115,73.62947398921864,8.905991062156062,IT,Junior
4029,9,2.6793873395547525,2.0,6.295756480642863,61.0180666506141,-47.75516134898669,IT,Junior
4030,48,4.438198431664769,0.125,7.434921930339394,92.58405199849955,34.69041353637037,Finance,Junior
4031,15,4.910437454856172,0.3333333333333333,8.504893172526565,93.21946883207423,7.8230188567025,HR,Junior
4032,34,5.244962383829238,0.5294117647058824,8.535109832834346,93.22035686718179,12.67179366460141,Operations,Junior
4033,19,6.9101638483713,0.8421052631578947,5.433993380281754,93.02904803263507,-9.077675984952428,Finance,Junior
4034,31,3.0300691702593014,0.2903225806451613,6.713401135252603,88.53346793743464,21.536877827613484,Operations,Junior
4035,39,6.846988710959733,0.46153846153846156,6.858887824794998,83.96086175407144,12.652041082740975,HR,Junior
4036,37,6.157270566179913,0.2702702702702703,8.910461470095013,89.557847139355,19.688920187403063,HR,Junior
4037,24,5.335224885193756,0.5833333333333334,7.7119920609703385,81.01911836503626,2.4333739026197403,HR,Junior
4038,20,6.197167222415431,0.45,6.628985669048282,64.70293648622082,-0.9537471475866983,Marketing,Junior
4039,38,4.472106433709938,0.2631578947368421,5.104231543942372,73.69263577644973,20.69957744576481,Operations,Junior
4040,6,2.8303855158087474,0.3333333333333333,7.261540640396784,93.99532191905281,6.738293352193068,Operations,Junior
4041,39,5.994591441592204,0.05128205128205128,5.384303902553425,72.28982347584797,24.330320273523643,Finance,Junior
4042,44,5.148033840113733,0.38636363636363635,8.337799829391052,90.37397698059793,22.58781862498303,IT,Junior
4043,32,5.8362488032566535,0.3125,8.010074642281449,63.262401477120434,10.80498268891078,HR,Junior
4044,43,4.02799268617094,0.4418604651162791,6.842036639632715,71.69643448314143,18.827487570798034,HR,Junior
4045,10,7.441199464039015,1.7,6.716843118166799,72.28336636545829,-45.42572565498637,Finance,Junior
4046,13,5.524219211453461,1.0769230769230769,8.589355862275074,61.806089008814304,-23.194912928836366,Operations,Junior
4047,24,2.512414905745243,0.25,6.153833401672514,64.16830155653642,14.708830499816797,Marketing,Junior
4048,5,4.698823944226572,1.8,5.996079848427083,66.76078238926199,-47.04549141060075,Operations,Junior
4049,12,6.538136328461806,1.5833333333333333,8.756789731303048,89.32354567835395,-35.511563521252825,Marketing,Junior
4050,27,6.764807370393634,0.3333333333333333,8.23698334701393,62.21906964789322,5.1141991887913765,Marketing,Junior
4051,7,4.967582316582552,1.7142857142857142,8.282502372268779,70.45453154705355,-43.072829752325816,Operations,Junior
4052,8,7.3684854249878065,1.75,5.780775257103702,60.35612509062436,-50.365745831850745,HR,Junior
4053,29,3.606010623165785,0.5862068965517241,5.573183965723738,84.34697108910586,9.47116607493788,Marketing,Junior
4054,42,4.4635921834296,0.07142857142857142,5.104118199268539,81.7106081515183,30.47208012058732,Finance,Junior
4055,19,7.391581463413821,1.0,5.948166035674721,82.57437917185996,-16.868287092455652,Finance,Junior
4056,25,7.377540298829473,0.64,8.096761966857299,73.10339746501165,-4.334401104656614,Marketing,Junior
4057,39,6.114276612948085,0.05128205128205128,5.960153675056599,67.28937374436492,23.090859984515273,HR,Junior
4058,18,7.153883282733321,0.05555555555555555,7.916413134379505,85.21120746501117,11.867808260868925,Marketing,Junior
4059,40,2.532639601737396,0.075,6.0076330614696865,88.38912554592433,34.36254590571008,Finance,Junior
4060,16,7.189969857246658,0.0,6.581169991802687,64.85105243343706,8.190270772194097,Finance,Junior
4061,21,3.923719439301361,0.6666666666666666,8.932649159645633,77.03902997780975,0.1603671169592289,Operations,Junior
4062,43,3.069989074569298,0.0,5.979246925136542,68.7050488692602,33.40103162471345,HR,Junior
4063,13,3.4362190180522783,0.38461538461538464,6.505482509193071,65.88374014221468,2.5658484538768427,Operations,Junior
4064,39,4.5078110480833224,0.15384615384615385,6.204348721860855,85.70138597232497,26.909270482913733,IT,Junior
4065,17,3.5071520276268036,1.0588235294117647,5.438499945320009,78.83339274154929,-12.812331389296691,Marketing,Junior
4066,19,3.9234055160989945,0.5789473684210527,6.9595765685233,67.56648663325338,-0.30193475817889137,Operations,Junior
4067,22,2.8098709164298525,0.0,6.514762653332009,70.85000039240407,21.750258245621108,HR,Junior
4068,37,3.7770605933539914,0.16216216216216217,7.77954834322912,93.83287849647098,28.547589647721345,Marketing,Junior
4069,10,5.433702887252007,1.8,8.270378187806184,89.70378476479948,-40.92664882154412,Marketing,Junior
4070,31,4.6511222485463835,0.3870967741935484,7.176998857982554,90.7981360005595,15.844479477212678,Marketing,Junior
4071,27,4.080312567415467,0.4074074074074074,5.128785688349348,76.10042339782478,11.037237322511801,Marketing,Junior
4072,31,6.478712773142684,0.3548387096774194,7.475689424938887,81.83325423723062,11.364064010838172,Marketing,Junior
4073,38,7.361059828359908,0.3157894736842105,5.221562920083757,73.1868709071544,13.24157031418475,HR,Junior
4074,42,6.540735337414382,0.30952380952380953,7.4654252943961,62.71991914911117,15.376798869279183,IT,Junior
4075,18,3.992004212706075,0.6111111111111112,7.740119797076754,74.03742587298738,-0.7098565841480102,Finance,Junior
4076,40,6.466653007025322,0.475,5.791070510470074,80.78932636225007,12.97455925839937,IT,Junior
4077,12,2.9118810948443072,0.9166666666666666,8.277384594887085,70.0500494768846,-12.113752294311697,Finance,Junior
4078,39,2.7819079285477457,0.1282051282051282,8.644340526296194,89.67827011545955,31.92568431984257,Operations,Junior
4079,23,4.073762222216954,0.391304347826087,8.252347856455279,65.28850557111095,6.971046235005673,Marketing,Junior
4080,34,6.846214214264342,0.5588235294117647,6.220436760848329,72.8495181302922,4.512769315176813,Operations,Junior
4081,18,3.478089483453811,0.4444444444444444,7.346572049782537,64.3716366863471,3.3848150370284653,Operations,Junior
4082,24,2.3795204533920775,0.041666666666666664,8.659260596764911,74.16912468948289,23.22478403111242,Finance,Junior
4083,29,2.7902572112381305,0.20689655172413793,6.2826589048914,61.38814567409946,17.89021816061949,HR,Junior
4084,44,7.152469811177481,0.18181818181818182,8.2801112890617,69.53922882715759,20.5483606885311,Marketing,Junior
4085,28,5.8026997084837255,0.39285714285714285,5.037900525046786,74.02573392897892,8.21403308311405,Operations,Junior
4086,18,3.51920698021986,0.2222222222222222,5.014586811138705,76.73578771468421,12.442076915830455,IT,Junior
4087,30,5.331774951969088,0.0,8.03884664135587,79.02937254662996,23.142324605387817,Marketing,Junior
4088,42,5.165477734552102,0.3333333333333333,8.045790328508485,69.62468954264716,18.79398243942523,HR,Junior
4089,27,5.932615870643968,0.25925925925925924,8.155908751409175,78.30644671152054,12.218279823238394,Marketing,Junior
4090,26,3.399125326529698,0.0,8.720107351552649,77.81516175467209,24.364781697875024,Operations,Junior
4091,23,7.1864179231663865,0.7391304347826086,5.471625247281137,71.0662317806673,-8.53350253367757,IT,Junior
4092,7,3.856211372480077,1.7142857142857142,5.927939939934753,89.05701157297673,-37.12959185893623,Operations,Junior
4093,46,6.1647899238574215,0.0,8.614899681495231,79.09743943077478,31.089908038440115,HR,Junior
4094,23,2.0967478782332893,0.17391304347826086,5.708944791089413,71.62944015612908,18.71500097041141,Finance,Junior
4095,13,4.235942779364883,1.3076923076923077,7.728917070306336,93.15684792282718,-21.27128520493356,IT,Junior
4096,32,4.11025890775285,0.46875,7.121852000163262,89.57893445749063,14.832769075992426,HR,Junior
4097,24,5.2609065714980865,0.375,5.332774707406029,94.39057340431303,11.506301537866431,HR,Junior
4098,49,2.436417570663179,0.061224489795918366,6.141054647766131,84.22818561258973,39.53606728731403,Operations,Junior
4099,11,6.74078824235665,0.0,7.0814888657638715,73.23780169271164,7.765983853829029,Operations,Junior
4100,18,3.306684810605411,0.3888888888888889,8.409400466735336,69.83012333376543,6.4859883788755965,Operations,Junior
4101,13,6.062226889292061,0.3076923076923077,7.830153958458695,83.21612452860683,3.0880018963680094,Finance,Junior
4102,23,6.819272739464559,0.043478260869565216,7.487532645819732,94.32858038733562,17.722822772451046,Marketing,Junior
4103,18,5.371261737449078,0.8888888888888888,6.984131559765659,81.93502780363471,-10.22218458083788,Marketing,Junior
4104,42,6.445299240331913,0.14285714285714285,6.194735935256537,90.85652293464433,26.194991820550754,Operations,Junior
4105,40,5.971161873290033,0.4,5.476979645277044,71.5186200866719,14.361400270754316,Operations,Junior
4106,44,4.133178782912045,0.11363636363636363,6.636304138264382,74.24338238659895,29.57322800240479,Finance,Junior
4107,21,6.853151234201392,0.6666666666666666,5.11407397564517,91.71963338562736,-2.762375791277311,Marketing,Junior
4108,34,3.768208219313168,0.11764705882352941,5.844223557067402,86.49033456852365,26.63223871037251,Finance,Junior
4109,13,5.427277506509103,1.0769230769230769,6.729933503490639,94.3493612128767,-16.49237507813517,HR,Junior
4110,37,6.472386434849237,0.4594594594594595,6.67442074268766,87.11674734062846,12.894792814643434,Marketing,Junior
4111,29,4.273735458875046,0.5862068965517241,5.177181723987969,75.69804975263811,6.4059321362258075,Operations,Junior
4112,18,3.8166056457045503,0.2777777777777778,7.356240614101165,78.5873806937827,10.550931514014106,IT,Junior
4113,15,4.756076061036937,0.06666666666666667,7.198737023412945,91.51804223620978,15.791456325168083,HR,Junior
4114,39,6.907780966094922,0.41025641025641024,5.312417216083651,79.30763576343168,13.138272912804183,IT,Junior
4115,45,7.579530578873989,0.06666666666666667,8.772652209841757,68.93890809575558,23.62872046140314,Finance,Junior
4116,18,5.270500477159341,0.6111111111111112,5.3975311158034405,75.24669344694823,-3.0249955982623717,Finance,Junior
4117,34,5.968797231941911,0.5294117647058824,8.419336604949343,78.07105960971913,8.194264516883532,Finance,Junior
4118,45,7.419641733433485,0.022222222222222223,5.001238927660024,63.38519417428954,24.171088701324273,Operations,Junior
4119,8,2.5912811084776544,0.125,8.529124380181532,86.03169359885115,13.07377650281492,Finance,Junior
4120,8,3.39247146719699,1.625,5.07887892881725,63.827387667424055,-37.96946540090917,IT,Junior
4121,32,6.253400037509495,0.4375,8.031248127568464,74.1721199679082,8.40262391856265,HR,Junior
4122,12,6.942466771473798,1.5833333333333333,6.446763245201012,88.16178545391416,-36.55257645216476,Operations,Junior
4123,6,7.142174169983468,0.16666666666666666,7.952867200545279,76.3649626564654,-0.4113558086738571,HR,Junior
4124,45,4.490643061129596,0.06666666666666667,6.6069808216999135,89.47054319014778,33.912822515770365,Finance,Junior
4125,26,2.536039413751201,0.6923076923076923,5.2836316893273665,71.96584627196403,4.151859657659633,Marketing,Junior
4126,45,4.626688863797719,0.17777777777777778,8.070026781581456,93.51727028994523,31.11674299706027,Operations,Junior
4127,20,3.3844075412423225,0.3,5.2850107412854594,67.33139511318325,9.697463940152005,Finance,Junior
4128,33,3.747178729979745,0.36363636363636365,8.688481743844871,61.339245074625545,13.66440064587471,Operations,Junior
4129,34,6.633605341025035,0.3235294117647059,5.203896143166645,90.53492900466465,15.53389276594168,Marketing,Junior
4130,16,2.453162516155321,0.125,6.917301111086061,86.32709505826429,18.209093979342217,IT,Junior
4131,39,6.9654873048842125,0.3076923076923077,7.892137723403183,68.11943429735805,13.862143018933953,IT,Junior
4132,15,4.566014514945015,0.9333333333333333,6.572985859168151,94.46595624978359,-9.23883777993331,IT,Junior
4133,25,5.576383586603571,0.52,5.868933898369739,77.57980452439847,3.7631937316725512,Marketing,Junior
4134,25,2.537913387414074,0.32,8.036363845584109,93.28729040504572,18.981631306181,HR,Junior
4135,9,4.024154470143678,1.3333333333333333,8.137178819154906,77.67600699854498,-27.113107540578362,Marketing,Junior
4136,24,2.538205514089075,0.125,8.690779935817469,76.51561053699518,20.876711079220886,Marketing,Junior
4137,41,7.769262337286658,0.17073170731707318,6.504660441724311,75.71984880005627,19.083493865925742,Finance,Junior
4138,7,6.843569895957502,0.2857142857142857,7.025006937989307,71.72063466465326,-3.714441430412922,IT,Junior
4139,48,4.757796526138762,0.020833333333333332,6.452513771384288,78.67955240117931,34.39531742795833,Operations,Junior
4140,37,3.341615289942027,0.4864864864864865,6.028327287405473,75.83941316819988,16.09005745916133,HR,Junior
4141,13,7.600730631499113,0.5384615384615384,8.004131846150434,61.28614068182439,-11.298079280479499,Operations,Junior
4142,13,4.06757957436183,1.2307692307692308,6.358607380067822,69.11523316982259,-23.435189437836073,Finance,Junior
4143,8,2.9659065901242485,1.5,6.712597767969408,67.45929800369454,-32.639953579509594,Finance,Junior
4144,39,5.37898633072373,0.15384615384615385,6.614694630496111,90.36024608123734,26.09869193941539,HR,Junior
4145,21,7.6626447220688965,0.38095238095238093,7.850644902586984,80.96044920293946,2.0382289678786734,Operations,Junior
4146,38,2.0229817430019352,0.2894736842105263,8.671182504442719,86.72890851574046,27.41560769082843,HR,Junior
4147,28,3.4287490595239927,0.4642857142857143,7.667024245229509,93.48891132122482,14.71171271662555,HR,Junior
4148,36,7.630685842462446,0.3611111111111111,6.88633038437693,82.54137453842435,12.013569889426643,IT,Junior
4149,5,3.0265158011429723,2.8,8.116820458955534,94.39134969916606,-68.17476166245272,Operations,Junior
4150,12,2.679460709838919,0.16666666666666666,7.56388529648855,70.91174180782454,11.02342694188707,IT,Junior
4151,49,5.421123294798827,0.2857142857142857,5.242441428471254,66.51935138095129,23.290195115164035,IT,Junior
4152,27,7.171062939768979,0.6666666666666666,5.382654345675366,74.1158460797519,-3.318956663587576,IT,Junior
4153,44,4.862658906163556,0.4318181818181818,5.151667776294533,76.47797952275329,19.01573263767809,Marketing,Junior
4154,16,7.9673855401071485,0.8125,6.827265304825279,91.33765399984048,-12.4422402802462,Finance,Junior
4155,16,6.075030197227957,0.4375,8.303413737355859,79.59791536628367,0.24452267880082168,Finance,Junior
4156,19,2.4444494432626866,0.21052631578947367,6.252332677405408,70.2263349796306,14.240578635716536,Marketing,Junior
4157,45,7.956992790091852,0.4,6.536640732369927,85.99219990036323,16.284454399888943,HR,Junior
4158,23,4.447365420681143,0.13043478260869565,8.637908433471562,77.70411779986748,16.53304924035034,Operations,Junior
4159,30,3.724415203072895,0.43333333333333335,8.34761378126662,65.67461808463095,10.6860932107804,Operations,Junior
4160,33,5.347275101467313,0.45454545454545453,7.66019244953024,80.18869256569383,11.506824673840503,Operations,Junior
4161,26,3.8258455509251856,0.7307692307692307,6.067215128369005,91.89880878825494,4.404993732723694,IT,Junior
4162,44,2.518745042720914,0.11363636363636363,5.4681659307537736,89.4917916116537,35.851777327798004,Operations,Junior
4163,25,2.00857005847506,0.2,5.064235290720455,80.53834904223659,21.0905296914972,Operations,Junior
4164,42,4.697500117521574,0.047619047619047616,5.4280426904176835,73.19791108597458,29.016010553580344,Operations,Junior
4165,24,7.021180533359553,0.5833333333333334,6.170385774495771,63.04425628724739,-4.533509809269628,Finance,Junior
4166,33,5.43389111378046,0.06060606060606061,7.207160254317983,76.43771231660683,22.401578417578634,Marketing,Junior
4167,8,7.995243793660645,1.25,5.256000331009547,86.32278031353528,-31.42593152461424,HR,Junior
4168,11,3.7210798738832,0.18181818181818182,5.5449111132737965,72.60958019065536,8.225210835819219,Marketing,Junior
4169,32,3.6827303885603317,0.28125,5.724322809231764,68.24063889430826,17.04516700174099,Operations,Junior
4170,32,2.9584967614036652,0.53125,7.527928371933225,92.59829017448337,15.865164512089343,HR,Junior
4171,8,2.984381529592011,0.0,7.463159195920498,88.75444951602974,16.582126844021925,HR,Junior
4172,26,3.7111195760602866,0.5769230769230769,7.203062905488611,82.33964667970506,7.3379978761281315,Marketing,Junior
4173,16,6.757040271641163,0.9375,6.0020056987837584,64.78741703721818,-19.081597135838688,Marketing,Junior
4174,49,7.434540743818687,0.1836734693877551,6.484478764874928,65.07180941421606,22.035076313573185,Marketing,Junior
4175,7,7.850523018246088,0.0,5.386758865350972,63.61268570095226,1.221491103698277,Marketing,Junior
4176,26,3.3937379245787156,0.11538461538461539,5.90584241503222,81.57038334124601,21.66506235755331,IT,Junior
4177,48,7.28778527368455,0.041666666666666664,8.590820905890322,64.04469787656676,25.78336902794425,Finance,Junior
4178,6,3.9695305356640223,0.6666666666666666,8.918766985743314,89.49195196019215,-6.44067067928961,Finance,Junior
4179,28,2.6770432671013067,0.39285714285714285,7.590638342561179,94.75377506367627,18.610954192818355,Operations,Junior
4180,38,7.220149553120994,0.2894736842105263,8.66729316809368,72.82218646480328,14.23992766040288,IT,Junior
4181,31,5.816633807861711,0.3870967741935484,7.5709676016057,75.87844464384841,10.529518087239806,HR,Junior
4182,45,2.98838537648637,0.24444444444444444,5.1327859444218795,84.90835119449875,30.671566152593677,Marketing,Junior
4183,5,4.578987545078015,3.0,8.987050339945636,92.8003552214018,-77.59790404587567,Operations,Junior
4184,12,3.7235461692624057,1.0,5.39580920674614,91.29328207447348,-11.988435923630114,HR,Junior
4185,27,6.420767412261182,0.14814814814814814,7.730567205780243,62.0157140062447,11.31716353228213,Finance,Junior
4186,42,4.720497383745609,0.07142857142857142,6.011344812299161,65.91751308948677,26.799650707548995,HR,Junior
4187,10,7.93567967063831,1.4,6.5679244516278406,86.41090194952272,-34.58917895137207,Marketing,Junior
4188,26,2.3284698935575707,0.4230769230769231,7.5837367392037525,84.11125878113566,15.073004276804298,Marketing,Junior
4189,29,4.13009159681748,0.6206896551724138,6.745949397230828,64.66265079140432,3.4516573094734895,Finance,Junior
4190,22,4.891401002659864,0.8181818181818182,6.002184235724513,77.57226037005486,-5.613804476763301,Marketing,Junior
4191,21,5.018801328489919,0.47619047619047616,6.3377847475132985,87.32851208798535,5.742385474902946,IT,Junior
4192,16,3.8956149343138207,0.3125,6.366192467692706,67.65732387919428,5.965234907211214,Operations,Junior
4193,10,6.375441494585408,0.8,8.837295618032854,90.49506725071332,-12.651869539028151,Finance,Junior
4194,30,7.248482440933849,0.0,8.194452063693804,61.85401211871288,15.87383754187488,Finance,Junior
4195,31,7.632315811867178,0.3548387096774194,6.8341950859176,87.37682797738259,10.165572681419578,HR,Junior
4196,12,6.830560260797157,1.0833333333333333,5.7992836813654565,81.55366149264546,-22.650388223065224,Finance,Junior
4197,23,7.103481183839596,0.21739130434782608,8.244064441050623,71.03197713290221,7.277693928466467,Operations,Junior
4198,46,5.303271803719973,0.0,5.628729886433494,85.2326391919669,34.039984230953436,IT,Junior
4199,5,6.9553293585608875,0.2,5.841848868568014,87.38280283029059,0.5659018489363419,HR,Junior
4200,33,3.8210234548877136,0.30303030303030304,6.4640535673606045,92.68646399563892,21.604336798443263,Operations,Junior
4201,49,4.390872572655287,0.04081632653061224,8.521392783407961,72.87211352539923,33.968187763850906,Finance,Junior
4202,39,3.901478082911266,0.23076923076923078,5.527146674536441,84.01058575929842,25.47608406296023,Marketing,Junior
4203,44,4.804324012687553,0.11363636363636363,5.488936771418104,81.09156969271419,29.600575004076823,Marketing,Junior
4204,18,3.713477697431818,0.2777777777777778,6.975899953221064,78.3822124309981,10.716153758002648,Operations,Junior
4205,39,7.769668653526681,0.48717948717948717,6.105642164374698,91.16457659542633,11.478193396647287,IT,Junior
4206,49,3.877067768034009,0.02040816326530612,7.2749117665926395,60.11085599484401,33.055790764941605,Marketing,Junior
4207,24,2.588267228665639,0.375,6.806546738732894,69.87390621362592,11.948246785393906,Operations,Junior
4208,17,5.160902996302481,0.29411764705882354,6.739836425404867,78.83970338406905,6.822605272444143,HR,Junior
4209,42,2.342594470671058,0.38095238095238093,5.447891881947973,66.24026415727933,22.334292461542322,Finance,Junior
4210,12,2.663258997851483,1.0833333333333333,5.564198760999361,91.77532868064654,-12.27145225957366,IT,Junior
4211,47,3.3163363351774775,0.0851063829787234,8.284314309787401,82.66582911645554,35.54730166357446,IT,Junior
4212,24,4.78610149929285,0.6666666666666666,8.543530950286979,76.72590481211965,0.17297796383823005,HR,Junior
4213,37,4.599505593854167,0.02702702702702703,5.9387341315410005,88.5145615673329,29.893090314947436,IT,Junior
4214,30,6.798151172016747,0.26666666666666666,5.453842006099077,75.78101670127863,11.559900996222233,Operations,Junior
4215,43,6.43684792330468,0.2558139534883721,5.213666687738042,79.55285541755033,21.162456632249544,IT,Junior
4216,25,4.557909763944208,0.72,7.433190454967587,60.096284844387235,-3.6965625590109656,IT,Junior
4217,46,4.002225245453779,0.13043478260869565,7.861412850000822,72.79951855682758,30.242409742197083,IT,Junior
4218,47,3.8988127043689915,0.1702127659574468,6.491239956812822,64.85766653228394,28.2675249189954,Operations,Junior
4219,45,6.643970523764054,0.3333333333333333,7.718703469962558,84.13910382318019,20.539879717107933,Finance,Junior
4220,13,2.312434437327618,1.4615384615384615,7.8518352622381045,76.76594356415069,-25.317834007978945,Marketing,Junior
4221,28,2.0769298970636347,0.35714285714285715,8.741369125587621,70.56151450375808,16.044157392338633,IT,Junior
4222,41,6.773266351559888,0.2682926829268293,5.259494551340429,76.37413187801099,18.27951318467754,HR,Junior
4223,45,4.862878255934296,0.3111111111111111,5.76916689292432,67.33704607829712,21.408319370457498,HR,Junior
4224,21,2.785286831321456,0.8095238095238095,5.2741039503879525,92.37803213701491,1.2193184790457856,Operations,Junior
4225,28,3.4133956075670078,0.6428571428571429,8.471975733344442,61.889042139281955,3.065302927008089,Finance,Junior
4226,25,7.5950237185842955,0.6,8.170348640134275,90.28959623536421,-0.13212819009574872,IT,Junior
4227,43,7.157017853749387,0.32558139534883723,7.298568282487356,77.89755760566729,17.29803395316957,Operations,Junior
4228,45,6.258710301343835,0.08888888888888889,5.334653640204733,81.66312736485861,28.148538203617385,Marketing,Junior
4229,43,4.893351382023959,0.23255813953488372,6.0932494346148784,70.59119673180463,23.154792396266494,Finance,Junior
4230,17,5.121941757148314,0.8235294117647058,6.190879392234068,93.83441658780124,-5.982882549677555,Finance,Junior
4231,15,7.851467211703752,1.1333333333333333,7.242972784061669,69.86478354818215,-26.729977713771078,Operations,Junior
4232,23,7.794622663305723,0.5217391304347826,6.032175576146862,80.61072989991065,-1.3192732596727943,HR,Junior
4233,15,3.2916142747150055,0.2,5.29183945565182,94.76958467874951,15.370688386319891,Finance,Junior
4234,17,6.866627397831909,0.9411764705882353,7.9230492074131975,90.8383038734206,-13.600888138626757,HR,Junior
4235,49,3.183455997002101,0.061224489795918366,6.196320846621646,78.77154388501371,36.95066208912099,Finance,Junior
4236,5,3.2812248673037083,3.0,6.809496708093203,94.66310830385243,-74.62982807383693,Finance,Junior
4237,44,6.056558204987461,0.3181818181818182,5.510666539929222,84.54794516064152,21.651018076698836,Finance,Junior
4238,48,4.430006591525291,0.2708333333333333,8.210193213578318,67.30451456496333,25.27588972994208,Marketing,Junior
4239,23,7.589266442639121,0.4782608695652174,7.26212750769623,74.19586736525322,-0.8871854991841204,HR,Junior
4240,16,2.534058409376053,0.125,8.606342504839452,71.70726669040428,15.12333651932875,Marketing,Junior
4241,12,5.069153844856958,0.75,6.981886252261333,72.04047978949163,-11.03021173181559,HR,Junior
4242,12,7.511129182658728,0.5833333333333334,8.765702687271519,86.61597537759532,-7.999063289798393,Marketing,Junior
4243,49,7.424681962877031,0.10204081632653061,8.567472817525303,80.44920245454777,27.579252075359573,Marketing,Junior
4244,16,2.9391752804944473,0.8125,7.305839425836936,61.3332449056335,-8.386701579862194,Marketing,Junior
4245,37,4.199826200578739,0.43243243243243246,8.735573752599453,90.71069692778417,18.969514011426384,Operations,Junior
4246,49,5.714728400280178,0.3673469387755102,6.292354989178209,70.38786491680575,21.027708019535485,Marketing,Junior
4247,30,2.956369308628413,0.5,6.462568650816845,94.89762069196003,16.06678552113518,Finance,Junior
4248,43,7.808133032274432,0.32558139534883723,5.181911805224148,93.3966755617175,19.095627187329523,IT,Junior
4249,32,7.488495972365962,0.4375,7.356803627055412,92.91857508386877,9.68172307204183,Marketing,Junior
4250,9,3.001701074206815,0.0,7.887695879715734,88.38946614223909,17.074491080034186,IT,Junior
4251,12,2.7269327675659127,0.9166666666666666,8.094076760968413,67.72146660892399,-12.209572213347027,IT,Junior
4252,29,2.5124508968495918,0.3103448275862069,5.599265144184413,78.64214604100738,18.793182586916085,Finance,Junior
4253,31,7.456661984219787,0.41935483870967744,6.776636289250002,67.85059193887412,4.676149258044925,IT,Junior
4254,27,3.1617428587727647,0.3333333333333333,5.707452848375663,69.08864094561322,13.694242471577116,IT,Junior
4255,34,4.497709571266128,0.2647058823529412,7.648509395416996,81.38331193026971,19.74006677293345,IT,Junior
4256,49,4.693108193912018,0.3877551020408163,5.631785489687072,61.42917408735722,20.66696536842292,HR,Junior
4257,27,5.5940662652814055,0.37037037037037035,8.6166547358243,93.93104983872476,12.68696632607103,Marketing,Junior
4258,24,2.4304120624845496,0.625,5.922538582645654,92.15356104022875,9.21988808307665,Marketing,Junior
4259,22,3.360551704403096,0.36363636363636365,6.16560906515298,73.32686502552019,10.235178687206936,IT,Junior
4260,22,7.5889423215135565,0.6363636363636364,8.403625288604,78.03978568024195,-5.460836597887813,Finance,Junior
4261,6,7.450460643611417,2.1666666666666665,6.833870440582896,76.31417967437156,-61.038085352348524,HR,Junior
4262,8,6.687743884434154,2.25,5.0959837832002925,90.87699225161144,-57.90008931854602,Finance,Junior
4263,34,2.116407473709293,0.23529411764705882,6.978345004810583,84.10106567106388,25.928574657382423,Finance,Junior
4264,37,3.9620406109766124,0.08108108108108109,5.338173341520492,69.73389365985247,25.790265077584838,IT,Junior
4265,40,5.767752412057447,0.15,8.941378874749242,75.6394439062854,23.092383957142186,Operations,Junior
4266,22,3.651141270640854,0.3181818181818182,7.3524462818224094,75.01380914903673,11.355024743071095,IT,Junior
4267,41,7.457520170322664,0.17073170731707318,6.026130470443913,93.57673088993715,23.278354617829905,Operations,Junior
4268,23,5.803336770994651,0.782608695652174,7.254870718190471,66.13588186801239,-8.057758037952045,HR,Junior
4269,32,2.4314403038986736,0.4375,5.307468413527019,63.13517180530501,13.839153753263655,Operations,Junior
4270,44,7.4540335330142184,0.3409090909090909,8.199565217075268,90.82165912565915,19.428992031830667,IT,Junior
4271,24,7.746599949057336,0.3333333333333333,8.701312215456655,91.38400963270549,7.183602028426424,IT,Junior
4272,37,2.466274510350353,0.2972972972972973,8.497777552824639,90.51086807692576,26.450705675765526,Finance,Junior
4273,16,5.194161409167889,0.9375,6.367030409194252,77.88419204689447,-13.336484408956885,IT,Junior
4274,19,3.8201856932850227,0.15789473684210525,6.303072478573474,83.09105498943111,15.64099750605302,IT,Junior
4275,45,4.357034458888414,0.08888888888888889,5.1403504448652,79.71770666463443,31.56280574848339,Marketing,Junior
4276,43,3.077907307732051,0.16279069767441862,7.605601434803667,62.43067391190403,27.246599236684148,Marketing,Junior
4277,6,5.4684326120744755,0.0,7.13961913675918,80.85422139152529,8.833979054156107,Finance,Junior
4278,33,7.747876119493344,0.15151515151515152,6.837385485309365,60.47649515396353,11.854092246351474,Operations,Junior
4279,45,5.018435601629655,0.3111111111111111,8.630523813338828,71.37455933449802,21.90470733030696,Operations,Junior
4280,14,2.497487488366887,0.21428571428571427,5.671515604331385,92.63024015556084,15.502501625806968,Marketing,Junior
4281,6,5.72000800086445,1.6666666666666667,5.038665066760729,70.64158443725327,-43.71169911427825,HR,Junior
4282,15,4.041337966707542,0.26666666666666666,5.293265808483062,92.89393249254869,11.496110565094655,Marketing,Junior
4283,17,7.135551137547787,1.0,5.893485751309475,68.75468850022355,-20.320164575050867,HR,Junior
4284,14,4.608068889898822,1.0,5.133142197053828,71.00967841615363,-16.614202096566913,Operations,Junior
4285,18,3.1570376536534734,0.9444444444444444,7.0113748425725415,81.99426237534936,-7.448556165570405,Marketing,Junior
4286,22,3.1466337361468697,0.8636363636363636,6.256361820934313,86.65694404762532,-1.6709695718595867,IT,Junior
4287,13,6.6125850843269625,0.9230769230769231,5.72193203227253,77.54857188017094,-17.607763484927425,HR,Junior
4288,43,3.5935255898441594,0.09302325581395349,8.000336299794649,90.87404905179544,33.99706095625217,HR,Junior
4289,32,6.603400364955338,0.0,5.81780530493012,61.40841475637168,18.27488222136366,HR,Junior
4290,7,3.2353238645995965,2.4285714285714284,7.750420403975173,92.27681935220298,-56.67242671590144,Operations,Junior
4291,24,3.9301182122078564,0.5416666666666666,6.397059623390556,66.87077299633928,3.6639181748521423,Finance,Junior
4292,10,4.7929218346381965,0.4,7.047311042650218,90.94835607796296,2.6038275463162,IT,Junior
4293,31,7.659175098160704,0.16129032258064516,8.73546815940528,74.03021128202332,13.248982382663899,Marketing,Junior
4294,6,7.590388548522948,2.5,5.149406539263252,89.14649695548631,-68.75147770594863,HR,Junior
4295,33,3.241231252533727,0.3333333333333333,7.0010580299098475,83.50829424312933,20.019196343558413,Operations,Junior
4296,42,4.149314247458436,0.4523809523809524,8.417691841310473,66.15795713673917,16.56153436100239,HR,Junior
4297,7,2.896396330722634,2.4285714285714284,7.351896993481394,92.1316649458507,-56.023602529417964,Marketing,Junior
4298,20,5.059910475880983,0.05,6.1074820678606265,68.59310866709609,14.098800781657253,IT,Junior
4299,34,4.763495304168,0.35294117647058826,6.590724540580137,68.54490415432497,13.993754928411345,HR,Junior
4300,44,7.404560974704395,0.36363636363636365,7.721062514914298,88.49626138230832,18.381039417961965,Operations,Junior
4301,6,7.580032266746436,2.6666666666666665,8.563247577255211,63.705563945038236,-78.81895174448523,Operations,Junior
4302,21,4.3014043460437525,0.7142857142857143,5.164265494986447,67.77125672296611,-3.877128776065712,Finance,Junior
4303,45,4.950427658113936,0.37777777777777777,5.286155287561506,77.62871506973718,21.291554364386233,Operations,Junior
4304,16,7.3774174948767985,0.4375,6.30020609443835,89.06669600403185,-0.4664957889472241,Finance,Junior
4305,39,6.840246846470369,0.05128205128205128,5.931118737749916,65.16193911580436,21.213432591758593,IT,Junior
4306,47,2.0219378680678957,0.3404255319148936,6.059723544889624,79.16838820793213,29.777035948003824,Marketing,Junior
4307,5,3.920357385101495,3.4,5.885079994503524,84.89342071310288,-89.86203062758241,Finance,Junior
4308,49,4.530645451616755,0.10204081632653061,5.783300195420631,90.12083286505829,35.30165117998223,HR,Junior
4309,19,3.37829770209939,0.3684210526315789,5.522495867477167,92.7447946070777,12.139731938269392,HR,Junior
4310,30,3.1974296953756323,0.4,8.735816527180951,87.46239700641263,17.097620010531262,Marketing,Junior
4311,41,2.226707039574078,0.17073170731707318,5.576757855624612,82.84899393777008,31.594433488893664,Operations,Junior
4312,25,5.860218350418563,0.72,5.817615099062145,75.1767029859468,-3.2850961036477635,HR,Junior
4313,35,3.5750617428989937,0.14285714285714285,5.985062895923143,63.92385539659469,22.348933307806668,Finance,Junior
4314,29,2.3140830705878788,0.4827586206896552,8.732059492521682,84.84080173839324,15.257235585813232,Marketing,Junior
4315,27,3.3858758631683816,0.3333333333333333,8.022856534404339,94.74580565664203,18.377409404991642,HR,Junior
4316,28,6.81148371701676,0.5714285714285714,8.158797721262058,85.7866208156235,3.1914995862340376,Operations,Junior
4317,42,7.10893508987928,0.0,5.419033038153993,60.58488828082042,23.099107476405525,Operations,Junior
4318,32,4.898397471159816,0.1875,8.345239500062686,77.36909923146436,19.25202490397324,HR,Junior
4319,25,4.496424022452117,0.48,6.632772327269672,81.51263213690163,7.909678382476093,Marketing,Junior
4320,47,7.86712216101069,0.0425531914893617,6.051292104849555,84.1385970385995,28.01687934101767,IT,Junior
4321,22,3.2033879575284194,0.8181818181818182,7.303000334081242,85.1904042460248,-0.714149611306425,HR,Junior
4322,40,3.292155697127651,0.35,8.288731623266935,79.53379544257834,22.82244769426037,Operations,Junior
4323,39,3.7512030622183987,0.10256410256410256,8.114608604299637,67.8176116456984,26.384193127779806,IT,Junior
4324,49,3.036543909686524,0.20408163265306123,8.559989930324528,92.97702315167913,35.799867831370946,Marketing,Junior
4325,13,4.2761935892251195,1.3076923076923077,8.712528744061775,84.38332636822817,-23.10649113557384,Operations,Junior
4326,42,7.465005361938523,0.047619047619047616,5.952488285710999,68.28940129042934,22.499298105637394,Marketing,Junior
4327,34,5.692087043771446,0.14705882352941177,6.695431576677087,71.28126412945954,18.86031403246666,HR,Junior
4328,48,4.471679291673582,0.041666666666666664,5.05851415682028,92.26746847206294,37.06013511106542,Marketing,Junior
4329,38,7.606464767427289,0.10526315789473684,8.51728663706024,91.06198153475675,22.64157203525467,Operations,Junior
4330,36,2.290785394854934,0.2222222222222222,5.61828860589907,74.18012534253313,25.18778761213009,HR,Junior
4331,7,3.2616570674111682,2.5714285714285716,8.445899249370777,61.340752769700785,-67.19802072373933,Operations,Junior
4332,7,5.395331630610554,1.7142857142857142,6.3175492879463855,61.69740791128784,-45.67975310753496,Operations,Junior
4333,32,5.693315739159075,0.15625,6.472534359924553,69.93714018214362,17.113296558110573,IT,Junior
4334,48,2.237345039375679,0.20833333333333334,5.156529017935437,82.01927767686499,34.47916545662164,Finance,Junior
4335,19,4.418232547442793,0.6842105263157895,6.307515159061278,80.44681223670966,-1.8734184370173352,Marketing,Junior
4336,45,5.894923788985237,0.1111111111111111,8.553454731205056,82.183972543038,28.313613597303796,Marketing,Junior
4337,27,6.18842327842041,0.18518518518518517,5.102189604486417,85.10490401762374,15.288578691128372,IT,Junior
4338,44,5.828839415097615,0.36363636363636365,6.625309892186902,60.66612887574585,15.966456035863029,Marketing,Junior
4339,15,3.9233793461655475,0.6666666666666666,5.125598519250964,63.6779958310355,-6.111159526123991,IT,Junior
4340,36,2.561120741587457,0.3888888888888889,6.48369370043626,72.58192081395244,19.327476012948907,Marketing,Junior
4341,40,4.562674678516005,0.2,5.690562563121165,65.42009991325536,21.958670625619064,Marketing,Junior
4342,37,2.772526624208333,0.43243243243243246,6.008873573073489,62.636201489059395,16.20921407642224,Operations,Junior
4343,28,7.685741951124003,0.21428571428571427,8.510393492645676,82.43375385990662,11.486695441161892,IT,Junior
4344,43,4.85102519613577,0.13953488372093023,6.744196882487564,88.53677671218847,29.619258438538246,Marketing,Junior
4345,38,3.9035550461412054,0.0,6.095191965607649,86.34193301019988,32.261276509757565,Finance,Junior
4346,32,6.597824426713401,0.21875,7.3573535118021915,88.59639225132128,17.161129596837455,IT,Junior
4347,41,4.9876915554935835,0.0975609756097561,5.5684278393303295,83.3049790420257,28.358783429125292,IT,Junior
4348,11,3.8602041440747,1.6363636363636365,6.037566429683423,85.73708626349708,-33.06390012635907,IT,Junior
4349,8,6.87180645434481,0.875,7.1849918704115545,69.51225709729054,-21.291161489231506,Operations,Junior
4350,41,7.202912906006732,0.3902439024390244,5.950092167392276,94.75528126994575,17.437913368804953,IT,Junior
4351,5,6.038048997732062,3.6,7.716510949603493,66.41079790728605,-103.79393841400692,Operations,Junior
4352,5,2.2817865344460038,2.2,6.965965209038091,67.50728560362839,-54.06211594816634,Finance,Junior
4353,24,5.397937280999193,0.5833333333333334,8.087956281018764,70.11226411355464,0.1265782607125434,HR,Junior
4354,23,6.57976947198369,0.13043478260869565,8.792978142889874,94.13663505373026,15.554744588517803,Operations,Junior
4355,33,2.819018072501493,0.3333333333333333,5.463219557389631,94.5901006273867,23.079983980474356,Marketing,Junior
4356,14,3.37202450830762,0.8571428571428571,6.33866003993818,87.82128123972741,-6.494078482955466,IT,Junior
4357,22,7.294970630408819,0.5909090909090909,6.278196251513626,82.01701594958718,-2.7138107981729256,HR,Junior
4358,32,2.1207303311184442,0.125,5.604731677349017,78.20219013146146,26.848977364055404,Operations,Junior
4359,39,6.516362826955856,0.38461538461538464,8.241212549333884,93.9717295990396,17.62315872743467,Marketing,Junior
4360,47,4.842639755086537,0.1276595744680851,8.03951481615516,84.34679810003865,31.554292875792104,HR,Junior
4361,35,4.680632953037641,0.4,6.937701883337596,93.06555449141106,18.25184499220693,Finance,Junior
4362,31,2.0425791949693233,0.3870967741935484,7.151083111178439,71.07927798171684,17.117793980598268,Operations,Junior
4363,15,6.916389385798957,1.0,5.238176552009985,71.6821177294348,-20.496355225710957,Operations,Junior
4364,42,4.158949403819399,0.2619047619047619,7.222029409308183,89.91536079414524,27.008030494047393,Finance,Junior
4365,9,5.244593787803257,0.6666666666666666,8.165366096078547,65.24492222048531,-12.040203131509454,Operations,Junior
4366,12,6.063804118013957,1.25,7.295310294335429,93.10747514536266,-23.806113206955384,IT,Junior
4367,38,6.215777458627494,0.3157894736842105,6.061225480481676,77.76160241321926,16.44708135486255,Operations,Junior
4368,16,7.735880352956434,0.125,7.670193089337349,92.42448575042943,8.863136444173017,IT,Junior
4369,42,5.188039719419654,0.3333333333333333,6.445953719860991,71.78774760540345,19.181470082241383,Operations,Junior
4370,5,4.398317305846565,0.4,7.179493137142941,85.05856164487889,-0.7849222827173499,Marketing,Junior
4371,35,7.722221758950248,0.17142857142857143,6.950261453115699,76.90062926904415,15.792825193051192,Marketing,Junior
4372,8,5.852661410153127,2.125,6.524700003860721,81.93812705859156,-54.267697408587935,HR,Junior
4373,49,3.788902137659334,0.2653061224489796,7.875511921576541,77.65303725987033,29.39361950318601,Marketing,Junior
4374,9,2.758785472421427,1.8888888888888888,8.535504447943527,93.84904660799765,-38.014428289909986,Finance,Junior
4375,34,7.055327008791088,0.5294117647058824,5.0208500739077,84.2236889234871,7.251730825938774,HR,Junior
4376,28,4.173089616764909,0.4642857142857143,8.73446607692147,68.79616390192103,8.28448211828296,Marketing,Junior
4377,7,5.962818328186587,2.7142857142857144,7.046060544332899,91.83869226667795,-70.78646963160901,IT,Junior
4378,15,4.824898516195389,0.3333333333333333,7.802927521453061,70.29104083542865,3.408411134694953,Operations,Junior
4379,49,3.19357867877023,0.14285714285714285,8.422498264703508,73.00617847552996,33.328364051851246,Marketing,Junior
4380,8,5.6101196517227905,0.75,6.86841476925708,63.574329430707465,-16.205373417304088,IT,Junior
4381,30,2.364098413704094,0.6333333333333333,8.33989629345956,91.49882819286668,12.57156881116515,HR,Junior
4382,31,4.480054759227153,0.5483870967741935,5.710479277820809,70.0139208129752,7.191061740914929,Operations,Junior
4383,47,5.279689637982026,0.3617021276595745,5.636670137919258,69.06211662759839,20.601980219768393,Marketing,Junior
4384,31,4.616281844711475,0.45161290322580644,7.629885475424614,92.2091909298234,14.260887399767535,HR,Junior
4385,46,6.4920330515059455,0.41304347826086957,8.48057202220695,88.19344018417617,19.86331758599725,Marketing,Junior
4386,10,6.967549727271875,1.8,8.569704710144158,64.93776225317811,-48.94754700390813,HR,Junior
4387,19,6.6274584441990685,0.05263157894736842,7.574961833508986,86.92635763662882,13.951407270506577,Marketing,Junior
4388,34,2.232877686870813,0.20588235294117646,7.10195692083727,91.95615843188267,28.149005724399615,IT,Junior
4389,46,3.1647726226758333,0.21739130434782608,6.325572350786064,62.74789263737604,27.298294151688758,Finance,Junior
4390,41,5.219645055582646,0.4146341463414634,8.920001662397326,88.88252482166006,19.498190462922818,IT,Junior
4391,41,7.608932242662807,0.2926829268292683,6.2787827466650015,79.15970181555696,16.433588072907728,Operations,Junior
4392,46,7.009740650312701,0.17391304347826086,7.976744428926373,83.42191072825803,25.047509540678377,Marketing,Junior
4393,41,7.05520705011081,0.1951219512195122,7.127927199620003,77.2499018616728,20.08590773552757,Finance,Junior
4394,39,3.8192491625580494,0.41025641025641024,7.434049370101387,84.42310797168476,20.338430961528545,Finance,Junior
4395,27,4.576687382472215,0.2222222222222222,6.573922202354504,61.19342515833636,12.618643600056176,Operations,Junior
4396,10,4.824235683895624,0.8,8.85929250188899,86.69473531281493,-10.309524305228262,Operations,Junior
4397,8,2.9442295000994623,0.0,7.286729304397085,61.16702942506355,11.144946884813784,Finance,Junior
4398,22,2.1864087814667377,0.045454545454545456,8.75115052183516,75.93549467115702,22.650645007661566,Operations,Junior
4399,13,7.681417396763101,0.23076923076923078,5.0303656646956565,65.28377475956032,-1.4291567646910632,Operations,Junior
4400,33,3.44427551398104,0.3939393939393939,7.290682332764484,88.82509970729575,18.858287095315255,Marketing,Junior
4401,17,3.439693422341788,0.17647058823529413,7.868747558901086,70.9781318211484,12.222121872487278,IT,Junior
4402,21,2.500274322612557,0.047619047619047616,7.980320684648872,75.89327406115163,21.349534738433782,HR,Junior
4403,49,7.571046511662671,0.14285714285714285,8.619907527126726,75.0062759454409,24.973447880048553,Finance,Junior
4404,36,5.478422689638632,0.4722222222222222,5.017606436015145,87.03756879896473,13.884001713849013,HR,Junior
4405,26,6.0022211427521235,0.6923076923076923,5.001320637037906,76.84005259285914,-1.8056625361631902,Finance,Junior
4406,8,7.469461323578315,1.625,6.889053843180861,87.61354172536211,-41.36621430208421,Finance,Junior
4407,9,4.073721013404737,2.111111111111111,5.117174820021482,62.572789688093636,-53.56621742252408,IT,Junior
4408,41,5.729043866828505,0.21951219512195122,8.898130214649498,66.70578887660483,19.897704188005417,Finance,Junior
4409,45,2.2327967283733248,0.35555555555555557,5.888260698165568,79.30369873762263,27.72847962411121,Finance,Junior
4410,17,3.1206351693867758,0.4117647058823529,6.890658917459379,93.14809136634432,10.235406758024725,IT,Junior
4411,38,6.9874748305396555,0.34210526315789475,5.244550520048895,62.61652463526231,11.08519737123631,Operations,Junior
4412,49,6.600610138030015,0.14285714285714285,7.0881936646850345,61.50794756549025,24.214654951323737,HR,Junior
4413,26,4.1038561487428815,0.15384615384615385,6.519824500589634,65.47927362247495,15.872757811624613,Finance,Junior
4414,27,4.260863766645275,0.5555555555555556,5.178640115508895,82.44035951010548,7.499677702063879,IT,Junior
4415,7,5.201326601321477,1.0,6.3404970667848985,73.96475208345865,-21.409702785951225,Finance,Junior
4416,46,2.0014460281108075,0.1956521739130435,6.565744080891422,88.89433327961902,35.50640938231088,IT,Junior
4417,38,3.447466016228167,0.18421052631578946,8.95968596509976,62.517660301847805,22.882284238439542,HR,Junior
4418,36,3.2493908516492866,0.2222222222222222,5.831543487677502,66.87449303851454,21.809450237737668,Marketing,Junior
4419,49,3.502897680498581,0.3469387755102041,7.179118461480399,70.50092419127135,26.086226211950986,Operations,Junior
4420,25,6.835435055200648,0.08,8.949262196794514,81.93555303410749,15.316240496420201,Marketing,Junior
4421,48,3.678043139278659,0.3333333333333333,8.16807683176054,83.98104416055415,28.240122553553512,IT,Junior
4422,25,3.149127932300889,0.76,8.973470003528355,64.34711528873208,-1.2288328068553618,Finance,Junior
4423,48,5.025580764758189,0.2916666666666667,8.873193258640677,93.03316481471089,28.605471433425798,Operations,Junior
4424,15,7.193870218236391,1.0666666666666667,6.958158168376617,71.93654473165732,-23.000431490141317,HR,Junior
4425,43,3.4480982230249992,0.16279069767441862,7.785503399482263,84.9609067050099,31.012263964719423,Operations,Junior
4426,8,2.471217456756792,0.125,5.441772507764604,78.34727016316945,11.777019119120308,Finance,Junior
4427,5,4.138428415097988,3.2,6.7645953001872074,67.79653397414873,-87.71755003536623,Marketing,Junior
4428,32,6.485910947389867,0.53125,8.23607416906679,89.61799130903938,8.214276367028145,IT,Junior
4429,28,5.304143268168768,0.14285714285714285,7.021341283908574,88.63833098671755,19.63366537529169,Marketing,Junior
4430,39,6.900760217446084,0.20512820512820512,7.810796131268928,73.86251488708416,18.21713638867851,Operations,Junior
4431,17,7.757552885655404,0.47058823529411764,7.983005319937108,80.60126549928493,-3.3124997302773487,Finance,Junior
4432,38,6.755974860509703,0.02631578947368421,6.013876564971575,69.0238993577579,22.30335646632165,IT,Junior
4433,15,5.62281847306252,0.06666666666666667,8.502797491770263,84.14480700612054,12.583324455099069,Finance,Junior
4434,40,4.960049528314283,0.45,6.839289723636716,70.8159384417151,14.743088631714457,Finance,Junior
4435,21,2.2404145180896,0.09523809523809523,5.840740414486175,89.54275570337822,23.170579247353587,Operations,Junior
4436,39,7.905931872884247,0.41025641025641024,8.461663527153775,67.60847864970461,8.80213967648012,Marketing,Junior
4437,22,4.300886735450256,0.5909090909090909,6.671275224425015,60.51811979864625,-1.0254222384439888,Finance,Junior
4438,44,2.9133692835012006,0.29545454545454547,8.001249753518879,69.39778146887714,25.589181363136664,Finance,Junior
4439,26,6.000253132378741,0.5,7.192132288886372,66.68683702608203,1.9368611404589249,Finance,Junior
4440,28,3.7057297345727562,0.17857142857142858,6.527487008938001,77.79002539037235,19.589402751786103,IT,Junior
4441,23,5.5146696255862855,0.08695652173913043,8.239505660154277,67.12961520798017,13.58788813824955,Finance,Junior
4442,41,5.5206074470675475,0.0,7.337879726578452,86.71164547518231,30.901114200901365,Finance,Junior
4443,43,4.674378925417215,0.3488372093023256,6.562248409708127,68.44797233014013,19.67572033612383,Operations,Junior
4444,25,7.016711693270256,0.12,5.438391481340508,84.74388629694295,14.315353872848076,Finance,Junior
4445,12,3.5898023693326584,0.0,8.581781255066831,80.24648230548034,16.069691722430754,Finance,Junior
4446,32,4.691795549706405,0.5,5.141878341366667,94.51874497651596,13.720157895890383,Operations,Junior
4447,9,5.226152771545829,1.8888888888888888,8.452749393472224,94.99653419532311,-42.7196653706937,IT,Junior
4448,21,5.981748324603798,0.3333333333333333,6.439846099532621,90.43341291610655,8.723185934013715,Marketing,Junior
4449,41,6.7038311030335365,0.024390243902439025,7.557355054005623,86.5994179254563,27.780514061951013,Operations,Junior
4450,40,4.368843697269536,0.425,8.68879889534274,73.52597449002008,17.217507503464944,IT,Junior
4451,23,5.876281664579576,0.6521739130434783,5.606826462015594,86.36468544959563,-0.24484363054437353,Marketing,Junior
4452,31,2.9036657184111148,0.2903225806451613,7.267801902555241,93.48364379778218,22.779719903379366,Finance,Junior
4453,38,7.595888603254871,0.18421052631578946,8.057731449480768,60.81821513884054,14.245550031784683,Operations,Junior
4454,15,4.2983528385260215,0.7333333333333333,8.03033533087623,78.82701450692086,-5.83130277566787,Finance,Junior
4455,49,6.377128531858631,0.30612244897959184,7.1025276583980155,67.62994065359521,20.988057597614024,Operations,Junior
4456,16,2.122046491293066,0.6875,7.498957839625833,79.52567105540976,0.6360412284958201,Marketing,Junior
4457,25,3.2311228574288418,0.4,8.030107976531378,76.32564814156119,11.802883913454554,IT,Junior
4458,15,4.922495265941468,1.2666666666666666,8.364110551029647,80.15190035432995,-22.814610461016944,Operations,Junior
4459,43,7.2695148063940795,0.4186046511627907,8.047252387503455,79.28367774965534,14.559566402259188,IT,Junior
4460,32,5.163530899704063,0.0,6.416019772724971,93.60374637089967,27.593687474771805,Finance,Junior
4461,9,7.579222893763275,0.2222222222222222,8.986905604230932,79.32651381271576,-0.559809691650063,Finance,Junior
4462,21,4.902781379496778,0.5238095238095238,6.738010774877218,89.61812308437035,5.0037761435948,Marketing,Junior
4463,24,4.9426945804157,0.3333333333333333,5.097858811035733,71.19371003802962,8.753352846774524,Marketing,Junior
4464,45,2.7184807310031913,0.08888888888888889,6.450467806341848,75.33352410768671,33.96307669286429,HR,Junior
4465,16,6.815937464913318,0.0,5.5111318182953735,76.46447166156835,11.261019402487035,HR,Junior
4466,10,3.4817924748023747,0.9,5.4857704629135,69.75548151673829,-14.012488646257093,Marketing,Junior
4467,21,7.397674936233891,0.7619047619047619,6.126140160427577,73.29265915172843,-10.393960899264947,Finance,Junior
4468,23,7.464945321982377,0.13043478260869565,5.213501976709043,80.94795778133714,11.146657434041803,IT,Junior
4469,30,7.659860671244898,0.4666666666666667,7.754048753638252,80.30657171565863,4.741593000641931,Marketing,Junior
4470,48,5.1213829346185396,0.375,5.29595553680762,82.27523706007182,23.76228154277728,IT,Junior
4471,48,6.062562708701866,0.14583333333333334,5.813158221743825,72.31362703970494,26.762599990537254,HR,Junior
4472,36,6.671095280369981,0.3888888888888889,5.371598857976478,71.054102330357,10.80196323866477,IT,Junior
4473,10,2.786087711902794,0.6,5.252670923612124,81.40662589639571,-1.290850244526446,Marketing,Junior
4474,40,5.605743169984983,0.35,6.071006662158167,64.65016119496337,15.21854589902271,Finance,Junior
4475,42,2.2057874078198703,0.16666666666666666,7.28759587064148,68.8561040236249,29.55964598908524,Marketing,Junior
4476,15,4.985396500332355,0.6,8.858742225787367,61.47447079335483,-6.675898841993742,Operations,Junior
4477,37,2.9290560897213647,0.4594594594594595,8.502226617398424,62.5413798408628,15.066380004946048,Operations,Junior
4478,28,3.097537555772508,0.10714285714285714,8.503735701781299,68.51841477412131,21.094322128993532,Operations,Junior
4479,27,4.190285400155609,0.5185185185185185,5.70426814415063,60.683524810392164,4.400578606211658,Finance,Junior
4480,19,4.594623000299018,0.5263157894736842,6.05962877399128,68.58937072306115,0.13915445980367025,Marketing,Junior
4481,31,5.739034547193123,0.06451612903225806,5.305573267181223,82.92417130717091,21.771281296080193,Operations,Junior
4482,15,2.446570510631094,0.9333333333333333,8.11387335966074,62.138747746412655,-11.465391471979657,Marketing,Junior
4483,21,5.022150567424668,0.09523809523809523,5.279265205942248,75.28578372281244,14.755712752570297,HR,Junior
4484,18,3.095750781518607,0.7777777777777778,7.226782683283413,91.95880754218423,-0.33307338793369823,Operations,Junior
4485,31,5.443851050190451,0.16129032258064516,5.991502289295803,87.69496901238904,20.412582024677548,Operations,Junior
4486,22,5.824427673567101,0.0,5.973782536114979,70.69031258032,15.689207168929798,Finance,Junior
4487,32,5.340255539317123,0.40625,8.96290022099042,92.36819177170764,14.80562727570728,Marketing,Junior
4488,8,6.429773062869846,1.875,8.027119227914149,71.53762738617037,-50.00202064850563,Finance,Junior
4489,11,4.013655465445408,0.0,8.347757433164201,62.53804237181469,11.080297543472122,Finance,Junior
4490,49,6.5906395497987855,0.32653061224489793,7.287930741376051,94.79195848688397,25.381194230432286,Marketing,Junior
4491,39,4.596602490249162,0.1794871794871795,8.484057149574998,90.45078845162101,26.912337325210487,HR,Junior
4492,13,4.905106989935581,1.3076923076923077,7.581962156665412,76.30764741553823,-25.97945372753275,Marketing,Junior
4493,12,5.888612763566428,1.25,8.78469481918538,83.32317834673414,-25.412589857786024,HR,Junior
4494,49,2.1101503039953435,0.10204081632653061,6.125354344182547,83.49298272498345,38.81707144721008,Finance,Junior
4495,21,5.92396532852149,0.42857142857142855,7.38127818313158,66.80687807556612,1.256302100927389,HR,Junior
4496,21,5.711510894432692,0.42857142857142855,7.760525391747569,67.00170216037714,1.7201757860671876,HR,Junior
4497,37,3.8590827005196795,0.10810810810810811,6.571749220111227,76.43532461731391,26.525656279180183,HR,Junior
4498,36,2.514765709396937,0.3055555555555556,8.518831929616212,91.90505990481942,25.784813895503344,Operations,Junior
4499,12,2.545612699478247,1.5833333333333333,8.919212652416618,60.34978212004998,-33.3212689749465,Operations,Junior
4500,23,7.539342481911372,0.6956521739130435,6.975077965490646,87.38769725822758,-4.670710729568533,Finance,Junior
4501,42,6.135675927355023,0.30952380952380953,6.562562619217356,62.01343743001289,16.045621345578247,Marketing,Junior
4502,7,2.7626156826244426,1.8571428571428572,6.887751714225835,76.73777402090913,-41.69196227535277,HR,Junior
4503,9,4.1403390158534386,0.2222222222222222,8.410946982927726,82.32554915757167,6.917765133140794,Operations,Junior
4504,17,5.554897963409578,0.6470588235294118,7.58187370207267,84.03657434788627,-3.514245763124258,Marketing,Junior
4505,35,7.013430230543892,0.5428571428571428,5.17908949007238,62.0467742265569,3.0967800985093117,HR,Junior
4506,20,2.261965572278051,0.85,7.168679641782859,74.65112660843889,-3.0937058228683227,Marketing,Junior
4507,36,3.419798788820053,0.3055555555555556,5.06920049096388,80.43430411758136,21.680596579209496,IT,Junior
4508,26,7.33849394177228,0.038461538461538464,8.114141484013622,62.311593805710245,12.231484723751336,HR,Junior
4509,33,2.0549933011028987,0.030303030303030304,6.313249094169855,64.72830948083585,27.726584384870463,Marketing,Junior
4510,26,3.208394616763324,0.6153846153846154,6.888029928469317,83.22771463264135,7.36721523146316,HR,Junior
4511,47,7.754145055837796,0.19148936170212766,8.194712423630527,78.25733688067281,22.59849641339514,HR,Junior
4512,7,5.680411079133027,2.4285714285714284,5.185795269143046,65.66400314439016,-66.88516438653086,IT,Junior
4513,14,3.570028199825039,1.2857142857142858,5.634166142366442,78.73337679201568,-21.564809612675518,Marketing,Junior
4514,46,2.4019465663750856,0.0,6.59184150578046,91.94423307055456,41.184953481360736,Finance,Mid
4515,25,2.169148042683333,0.12,5.919700654182242,60.545565467137735,19.17081700806088,Operations,Junior
4516,20,3.4684704778215636,0.15,6.351605703100253,82.49218207200491,17.061495458757854,HR,Junior
4517,16,7.288914917533463,0.0625,8.99269895156986,62.57776521118697,5.662723207170469,HR,Junior
4518,6,4.495481925785057,3.0,8.301657750295243,60.22573050376453,-83.34581775081722,HR,Junior
4519,45,6.322000214995958,0.24444444444444444,8.535607259840434,65.27290710312218,20.07724765729919,HR,Junior
4520,28,7.509710212279747,0.32142857142857145,8.748218534263101,74.80173211488717,7.098068855560799,Operations,Junior
4521,39,4.4482427696169,0.3076923076923077,6.363743521256783,88.08203996436835,22.88915322287064,Finance,Junior
4522,34,3.147664226224382,0.5588235294117647,6.188307831185891,69.86249238115956,11.312464141430205,IT,Junior
4523,34,5.102707585141517,0.4117647058823529,5.9362499702883,81.89856243360654,14.221356139967687,Finance,Junior
4524,39,7.448502122359127,0.05128205128205128,8.32046764523249,74.39048232843574,21.842630682507355,Operations,Junior
4525,23,6.826246484826203,0.8260869565217391,7.71820744914074,68.20161271881028,-10.994779121542525,Marketing,Junior
4526,12,2.3949790601789225,1.0,5.94468792993151,77.99864899990006,-11.990228320377835,IT,Junior
4527,30,6.155436800465491,0.23333333333333334,6.5079753168418195,87.91125716304181,16.27137783167738,IT,Junior
4528,44,5.4313851347537225,0.13636363636363635,7.026847055731193,89.13723295196505,29.27376722997647,Marketing,Junior
4529,11,7.444779058078553,0.6363636363636364,7.112560229095015,89.62818361570328,-9.45483048392554,HR,Junior
4530,34,2.7348885011017834,0.5,8.55491091420686,71.84952343942427,14.300127685681286,Operations,Junior
4531,11,5.204216679227939,0.7272727272727273,6.522264531788865,87.77096226505135,-8.07242272362743,Marketing,Junior
4532,7,7.2767761610713535,0.7142857142857143,8.634096122002049,67.42624592881178,-18.296874564951782,Finance,Junior
4533,5,4.460142720450458,0.6,6.765470241279159,85.84487854350091,-6.751309732200731,Finance,Junior
4534,40,4.891969506397203,0.35,7.985490699169415,93.19345491954158,22.35475197111391,Marketing,Junior
4535,29,2.4227640660017498,0.13793103448275862,8.721017279940224,60.4810342141835,20.512747676350443,Operations,Junior
4536,41,3.668861842693465,0.0975609756097561,8.630302815853065,75.41273759125794,29.417994564571973,IT,Junior
4537,5,3.947039895013684,1.2,5.227811469182725,82.67198459449017,-24.359682871129333,IT,Junior
4538,19,7.670734692469321,0.42105263157894735,5.822817179906279,84.56215196706435,0.33938206110580893,HR,Junior
4539,41,3.696004163246954,0.14634146341463414,6.9076217021291,66.16307153942208,26.05036207895148,Operations,Junior
4540,17,4.765212411617912,0.47058823529411764,6.726217159812429,94.02641463335075,5.357211044610798,Finance,Junior
4541,44,6.027826541385679,0.4318181818181818,7.563566659348828,81.53428787898406,17.69665903848,Finance,Junior
4542,12,2.9731002344472643,0.75,8.77883620330165,65.75192104298937,-8.095816260296655,HR,Junior
4543,9,4.918654322851247,0.3333333333333333,5.449618845111795,60.718287909938034,-2.2936510637148864,Finance,Junior
4544,13,6.431234236855445,0.38461538461538464,6.807434660536962,87.41424695764215,0.881919379355999,HR,Junior
4545,5,7.201131278162396,2.6,5.769644151548557,62.789665880591066,-76.84432938020657,HR,Junior
4546,40,5.75755564797456,0.2,8.57643039359179,64.93678223745827,19.472245151542538,Marketing,Junior
4547,39,6.014321091901687,0.0,8.858320743206612,80.11905093994918,27.39516800418646,IT,Junior
4548,6,2.7577008355074137,2.6666666666666665,6.9148067275614,81.12269262073669,-65.6908631468675,Operations,Junior
4549,44,7.674658983478083,0.2727272727272727,5.416041190912563,84.04104915073395,19.67707368137244,Operations,Junior
4550,27,2.795444464906894,0.2222222222222222,8.141178666890692,73.77299044322673,18.69704249216489,IT,Junior
4551,13,6.64803762309079,0.6153846153846154,7.788565401969596,87.0864534138388,-6.540323024952283,Operations,Junior
4552,38,3.588897930669913,0.2631578947368421,6.418683306441242,94.10255098655611,26.547977493866135,Finance,Junior
4553,18,7.60155886220751,0.1111111111111111,8.549629895875853,69.48832300779591,6.16121354381083,Finance,Junior
4554,8,6.319757236216877,1.375,8.90332755913083,84.60600157882811,-32.16831415666813,Operations,Junior
4555,34,6.522882277870214,0.058823529411764705,7.231415396520782,92.49640283383049,24.088810128672726,Marketing,Junior
4556,35,3.3143550383592997,0.4,7.262911645377169,84.02003669159649,19.175297261600697,Operations,Junior
4557,42,4.658239859810965,0.21428571428571427,6.190054020455111,83.83883245254908,26.222715342316462,HR,Junior
4558,15,5.7068791675357184,0.0,7.338024143933257,67.83203991798223,11.15264964852501,HR,Junior
4559,39,6.619841709239606,0.3333333333333333,6.758569282099386,78.72955701118926,15.906227983758638,IT,Junior
4560,12,2.6237562554743374,1.5833333333333333,6.2087641077122075,79.6882995261603,-29.60985260571661,Finance,Junior
4561,7,7.77419189872717,0.7142857142857143,5.268740786095606,84.50453468595835,-15.876048288834099,Marketing,Junior
4562,18,7.341324023327336,0.05555555555555555,6.010831438836499,94.88875074636638,13.428435435951938,Operations,Junior
4563,17,3.6220915429735063,0.4117647058823529,5.791418598710658,61.17753378903167,2.8383824953887338,HR,Junior
4564,49,6.936561458193992,0.0,7.168167938215795,62.283143144362036,27.983505712484423,Finance,Junior
4565,36,5.109943538238941,0.08333333333333333,7.406680087054376,62.72825243008216,21.425763409538547,Finance,Junior
4566,38,4.770838889372111,0.07894736842105263,7.434286897224066,86.00426970711348,28.090755110046896,Marketing,Junior
4567,49,3.8866046348684327,0.08163265306122448,6.552724004182716,64.77238282887652,32.1322877042017,Marketing,Junior
4568,23,5.4858115197895545,0.8260869565217391,6.684918934741984,81.78581560716208,-5.597068613798868,Marketing,Junior
4569,42,6.379334706221586,0.19047619047619047,8.33695371856256,71.36341072627104,20.999727018525324,Marketing,Junior
4570,20,4.465597429776549,0.6,6.90493125406865,76.00619846737489,0.2700448339218795,HR,Junior
4571,6,5.775315158049753,2.8333333333333335,8.95109332854849,67.54821059360948,-79.4409881973776,Marketing,Junior
4572,44,6.195877526931822,0.36363636363636365,6.75846892003546,90.31372964565898,21.16189996617724,Finance,Junior
4573,21,6.266730902091715,0.0,7.5983237784713555,80.51526134570592,16.169590464957754,Finance,Junior
4574,38,2.3117965887870815,0.3684210526315789,5.201451995973583,93.05971422537884,25.73571808855424,Operations,Junior
4575,46,7.158486834110402,0.021739130434782608,7.613359697675243,80.11086873965154,28.653026166666024,Finance,Junior
4576,20,4.749519888590288,0.75,8.405705577660024,64.33678107089314,-7.13168356300195,Finance,Junior
4577,42,3.5744964901772867,0.4523809523809524,8.769831354133185,65.98046518434664,17.675671485086184,HR,Junior
4578,6,3.4505870448780893,0.6666666666666666,8.989282446559082,94.61758917287466,-4.377656255181243,Finance,Junior
4579,6,4.898084677063703,3.0,6.128714582596933,85.39478190658038,-79.11721297281133,IT,Junior
4580,30,7.320989236813755,0.13333333333333333,7.301480259302867,61.724756251018135,11.702972776576118,Finance,Junior
4581,17,4.270085490095882,0.058823529411764705,6.80287194212859,84.63233517621327,16.82159017269795,Operations,Junior
4582,35,6.49835448070126,0.17142857142857143,7.255269922300684,74.4260566383364,17.74564522340762,Operations,Junior
4583,38,2.5809123859233116,0.05263157894736842,5.629811828759387,70.75229353881167,30.209686567494657,Marketing,Junior
4584,43,4.856340212906371,0.37209302325581395,8.424598290383766,65.3921277805687,18.00295443262658,HR,Junior
4585,7,7.9501168423564135,0.2857142857142857,8.63827577337835,89.3966384094798,-2.392334574245435,Operations,Junior
4586,12,6.622626816754022,1.0,6.798646652451691,62.23444826461852,-23.59836398058434,IT,Junior
4587,27,3.2631709306436782,0.2222222222222222,6.121719446294307,70.1442411832874,17.035839708703456,IT,Junior
4588,18,5.008648842187464,0.1111111111111111,5.563333710612049,70.72340128389965,11.59404923907167,Marketing,Junior
4589,31,3.4017485818913995,0.45161290322580644,7.735059299111217,65.63168493872251,11.374452727187508,HR,Junior
4590,33,4.457365563575055,0.5151515151515151,6.248927358482941,77.78647091504047,10.988017601312531,HR,Junior
4591,43,6.680504142409789,0.20930232558139536,8.638154279653556,60.40959193838124,18.24184033541481,Finance,Junior
4592,43,6.627348891742422,0.13953488372093023,7.68404989937948,70.53414303936432,22.466084312760117,IT,Junior
4593,5,3.368602267414311,1.6,7.582741300696963,92.67703054115725,-33.201798426597165,IT,Junior
4594,21,7.533339908929161,0.19047619047619047,7.237608463592963,70.8685349269702,5.992741453250005,IT,Junior
4595,45,5.555409096588961,0.4222222222222222,5.183105357714902,72.61607854873631,17.745730849902674,IT,Junior
4596,34,4.279545745772087,0.20588235294117646,8.727689742742347,76.5607766881925,20.97659325785903,Operations,Junior
4597,17,5.011613484685164,0.7647058823529411,7.5117499731978405,79.65926811980162,-6.8325498159982345,HR,Junior
4598,25,5.630427520626462,0.12,8.976247933532441,88.30480256872605,17.800105472492284,Finance,Junior
4599,23,5.3593431910747125,0.8260869565217391,7.149425619091549,66.66124281046062,-8.369046515709478,Operations,Junior
4600,23,4.91843021321707,0.5652173913043478,7.8404435676248525,90.51112320173951,5.108842474783328,HR,Junior
4601,29,5.029596824536401,0.3793103448275862,5.224838231464888,86.51422750003613,13.264341506106838,Marketing,Junior
4602,26,3.058471462567317,0.038461538461538464,7.5269447072936435,85.29276171315443,25.3877632636501,IT,Junior
4603,35,6.876397425828076,0.34285714285714286,8.05859844636143,63.03816008001223,9.56912287863201,Finance,Junior
4604,21,5.250561919646092,0.0,8.11405717941023,60.75742414911046,14.25036099052991,HR,Junior
4605,27,2.7864791702282186,0.7037037037037037,8.080446608921141,80.79044453178294,5.67401945478904,Marketing,Junior
4606,36,6.596942609496668,0.16666666666666666,5.90513050917467,90.20968868831065,21.448052518668796,IT,Junior
4607,14,7.594663870264105,0.5714285714285714,8.901593910420903,80.45545124492226,-7.8410946344009,Marketing,Junior
4608,14,7.683841395421773,1.1428571428571428,8.980728482499755,67.46322029059358,-27.760753018439114,Marketing,Junior
4609,40,4.214106394467036,0.3,5.302383500646405,63.168196428222465,19.205426496710423,Operations,Junior
4610,12,2.8131012413645244,0.75,8.745785691247029,84.48587584862072,-4.029027313004903,Marketing,Junior
4611,24,5.110397759798391,0.625,6.157796777217477,85.26195970612333,2.4815964216278825,Operations,Junior
4612,36,2.675655376095324,0.1388888888888889,7.75713632700386,66.03860952404881,25.289744485952443,Operations,Junior
4613,18,7.603924511075704,0.8333333333333334,6.3524436829445285,60.98666104237877,-17.210516813675653,Marketing,Junior
4614,32,3.101477764130876,0.3125,8.871017293492486,74.2899229628119,18.48002906430063,HR,Junior
4615,28,3.516595159706984,0.6785714285714286,5.406015433214142,80.39515457465578,5.488697738374331,Marketing,Junior
4616,19,4.439819161309822,0.10526315789473684,6.9909872678255045,84.71008433485169,16.30448380750859,Marketing,Junior
4617,26,4.298986811354755,0.3076923076923077,6.712191167768299,88.3480753203516,15.440872210591579,HR,Junior
4618,34,6.767977354387334,0.4117647058823529,6.30409380911194,81.36880995573563,10.78486610590187,IT,Junior
4619,8,4.737900923305774,1.5,7.582135963520594,63.88082130094698,-36.89963758642215,Finance,Junior
4620,17,3.0246095600200213,0.5294117647058824,5.52422297368667,83.89035852498452,5.04649964378039,IT,Junior
4621,27,3.603259372916445,0.7037037037037037,7.866649672534788,94.44618250132086,6.771606643320171,Marketing,Junior
4622,12,5.054680311125132,1.0,8.92236849521915,91.69546046090913,-14.570268530068436,IT,Junior
4623,22,2.8847235045568094,0.7272727272727273,8.21823485787452,90.50841182443294,3.7140535375911483,Finance,Junior
4624,16,5.6699340538760845,0.375,8.440067011638181,70.57595536754192,1.1253229657562152,IT,Junior
4625,35,5.394483839306876,0.14285714285714285,6.43854697271601,86.27758617589002,23.18083527084997,Finance,Junior
4626,18,6.288213898293546,0.6666666666666666,6.299546425924875,89.78862060878009,-3.818703674831074,IT,Junior
4627,38,7.626227692276206,0.42105263157894735,7.068193418760533,83.74141716209421,11.664249100498008,Operations,Junior
4628,22,7.473527366606934,0.6363636363636364,5.182906459049091,68.76966147987932,-7.084031528147094,Marketing,Junior
4629,38,7.676453708412988,0.07894736842105263,8.78143253782613,93.38418901562355,23.755509333667156,Finance,Junior
4630,15,3.4682935821422056,0.9333333333333333,5.575140692064769,75.77867940105365,-10.78085128407368,Marketing,Junior
4631,45,2.789391839836128,0.28888888888888886,8.61205215667237,64.54319455330578,25.663188564322237,Operations,Junior
4632,16,3.8136602029786912,0.625,5.334328888001423,63.84222632700872,-4.008875140555638,IT,Junior
4633,19,7.370511036597888,0.15789473684210525,8.29049971071424,82.66316455546661,8.45476873263439,Marketing,Junior
4634,35,7.832320847740929,0.05714285714285714,5.6078501035128605,75.31983762458587,18.6850401151496,IT,Junior
4635,33,7.155949706422856,0.030303030303030304,5.152526456365891,63.30693563126373,17.240396804316127,IT,Junior
4636,30,2.660106326765262,0.6333333333333333,7.877957801037635,85.91276002546331,10.86233935156214,Marketing,Junior
4637,22,7.684567988358759,0.4090909090909091,6.121061200697714,87.97638085405168,3.153412921365545,Finance,Junior
4638,36,4.540148164104716,0.3333333333333333,7.8579846111373985,85.3895470775258,19.597613087295727,Finance,Junior
4639,26,2.055861744574122,0.7307692307692307,7.2203410018912795,67.07913071894045,2.981025731562921,Marketing,Junior
4640,42,4.654362444489162,0.40476190476190477,5.435229560920263,84.14214095986243,20.576846160137023,Finance,Junior
4641,21,2.2764150180528056,0.7142857142857143,8.728520293204655,60.37529810130348,-1.3063418444163464,HR,Junior
4642,27,5.263267526966706,0.37037037037037035,6.80925669905391,70.67892488874432,8.698138812704341,IT,Junior
4643,28,4.031324164622308,0.32142857142857145,7.937789111194752,73.95875359926403,13.886245247751047,Marketing,Junior
4644,12,4.840609601564292,0.6666666666666666,7.0040822880625,89.23364321099255,-4.634490560930075,Operations,Junior
4645,45,5.6790221644587024,0.24444444444444444,7.417445899844819,73.66380305742915,23.041382949235093,Marketing,Junior
4646,10,7.212806574906922,1.8,6.211094369426769,60.39443061662894,-50.346727026488054,Marketing,Junior
4647,9,5.971409458831571,0.0,5.801441216013801,72.33212441398032,7.923605965132922,IT,Junior
4648,48,4.604293210869084,0.3541666666666667,7.170280813632271,77.46234344257505,24.45888226677684,Operations,Junior
4649,33,6.91656712202219,0.3939393939393939,6.760875891884008,93.21516753354706,12.791717444483213,IT,Junior
4650,32,7.433492825438793,0.0,6.5604528537357325,92.93620063263407,22.92025447564923,Finance,Junior
4651,15,2.7185597985931835,1.0666666666666667,7.690268780378492,66.33059133774941,-15.171001329636484,Marketing,Junior
4652,5,5.191597865316749,2.0,7.762026528044544,66.4801289608808,-54.08716993845734,IT,Junior
4653,47,3.707071758454665,0.40425531914893614,5.183680224365052,65.71835097625927,21.801867103874436,HR,Junior
4654,23,2.282367187261684,0.6086956521739131,6.354977976974689,87.6122676344936,8.496849587157962,Marketing,Junior
4655,13,6.0112801706839125,0.23076923076923078,6.6470582009055095,60.210771412894225,0.896517018134098,Finance,Junior
4656,31,7.176624664755353,0.45161290322580644,5.387568644656673,64.4512019367157,3.5886039610582383,IT,Junior
4657,38,2.9774159268643645,0.34210526315789475,5.943603466793153,78.82858710754347,22.347727673043124,IT,Junior
4658,48,6.874481945743403,0.0,5.206567188891027,68.66467234103679,28.78397057672055,HR,Junior
4659,8,7.12037440122165,1.0,8.984968394468083,63.23247603837417,-26.79425359476846,Finance,Junior
4660,40,7.486042655998901,0.15,7.946228811879378,72.5957304316842,19.047060774339037,HR,Junior
4661,22,3.5917105345163147,0.45454545454545453,5.349800626011015,69.59726617710857,6.299668530025446,Marketing,Junior
4662,19,7.423718391139335,0.05263157894736842,5.080997519160368,77.88865072799996,10.55134599490027,Operations,Junior
4663,17,3.9239765284185935,0.058823529411764705,7.877151200609121,94.27317578405686,19.441976217621242,IT,Junior
4664,23,5.314028080733017,0.21739130434782608,6.756768662730668,64.35066228852214,9.52033716580361,HR,Junior
4665,10,2.303044824993693,1.8,8.147186836258303,73.0454346691933,-37.99700271614872,IT,Junior
4666,16,2.2632865302124614,1.1875,8.693904151273536,92.61947562553661,-12.027677935317598,IT,Junior
4667,41,6.322239276393217,0.3170731707317073,7.39720155606549,90.69055652228379,20.5814376297191,HR,Junior
4668,21,4.666879867866746,0.09523809523809523,5.748433691669012,73.79948621744983,15.168994650613618,IT,Junior
4669,27,3.537754252215305,0.2222222222222222,8.12877614418581,84.46336425819078,19.35049768054088,Finance,Junior
4670,30,3.142480976149461,0.2,8.823246972697497,63.074995475347094,18.330037142770497,Finance,Junior
4671,33,6.019720945155308,0.09090909090909091,7.320925148239824,84.93893694402652,22.021072771221963,Operations,Junior
4672,37,2.002409264152039,0.10810810810810811,7.727989789122934,94.05002053196594,33.76194233484587,Finance,Junior
4673,31,6.835347015181125,0.5161290322580645,6.349898780146692,78.8120853491967,5.207852071735154,HR,Junior
4674,29,2.475497636779573,0.10344827586206896,6.526110778641245,77.4471579462045,24.834988039819685,Finance,Junior
4675,14,3.148937689448717,0.8571428571428571,7.938617991412256,66.55615168956686,-10.300930755269771,Operations,Junior
4676,27,4.317418371794537,0.5555555555555556,8.711084393627276,82.18258696175522,7.335013982095303,Marketing,Junior
4677,25,4.909152438296622,0.6,7.515953548897409,80.66530482726202,3.314756088859161,Marketing,Junior
4678,25,4.129970694883651,0.04,8.15939163394139,82.81765708165128,22.103590026562955,HR,Junior
4679,47,3.9242729899057633,0.3617021276595745,5.686540069661492,60.91291503396526,21.682973197194293,Operations,Junior
4680,17,7.783496072439131,0.0,5.847836361031894,79.20532209221757,10.474072273565254,Finance,Junior
4681,41,5.849478087460366,0.4146341463414634,7.12813874733356,80.82271952240805,16.626563339316977,Operations,Junior
4682,37,2.1405977322043293,0.1891891891891892,5.7062167689713625,67.26355473944808,25.69583980780528,IT,Junior
4683,28,4.581055450665879,0.35714285714285715,7.539980280883695,67.29165001209876,10.38193338680228,Operations,Junior
4684,48,7.2500521984638215,0.2916666666666667,6.1666127415787955,69.66763589788324,19.483422782649004,Finance,Junior
4685,15,3.8087371184640078,1.0,8.166130474667568,84.91025571045331,-11.63542309483735,HR,Junior
4686,21,2.5673380686463294,0.7619047619047619,8.232441386457374,81.21931222363301,0.8520434502910881,IT,Junior
4687,8,6.550308629539507,2.0,6.855149823021412,89.60169261412317,-50.38027873625438,Operations,Junior
4688,29,5.636082991616488,0.3793103448275862,5.723242540150541,70.34805001450843,8.818133674841125,Marketing,Junior
4689,34,5.421875046959023,0.2647058823529412,7.58709984432773,91.92238209609114,19.999549854711944,Finance,Junior
4690,13,2.3214593576444473,1.4615384615384615,8.971148073054346,86.02971566941754,-23.483129427559234,HR,Junior
4691,25,2.8429940587731037,0.2,7.490363591770093,73.82540845047939,18.07909357254967,Finance,Junior
4692,24,5.735296377278683,0.2916666666666667,5.143098762856031,63.334172296890955,6.846241704820825,Operations,Junior
4693,23,3.246943048753015,0.5217391304347826,5.069175903068331,68.99442818706189,5.452825626862868,HR,Junior
4694,23,5.024420478490546,0.043478260869565216,6.281447881969225,93.48688760251976,21.144188737435904,Marketing,Junior
4695,16,5.269290116176361,1.125,5.783135227441619,70.86271815594277,-20.516036601164167,IT,Junior
4696,41,3.7010431416256364,0.21951219512195122,8.252204828573232,71.54653360521726,24.92185458413364,Operations,Junior
4697,46,7.690550933248957,0.06521739130434782,8.379222668144003,66.6356125884201,23.58949891205567,HR,Junior
4698,21,7.054784641013451,0.5238095238095238,6.034475085241905,88.23977103985679,0.4240992116587421,IT,Junior
4699,41,6.334241045796791,0.4146341463414634,6.302579107799571,69.64754805847971,13.422003129858458,HR,Junior
4700,43,2.4679631984564545,0.13953488372093023,5.944987870860459,71.55903869290995,30.989834830041175,Operations,Junior
4701,32,2.6367801158541164,0.59375,8.633530189485056,74.50218379510693,11.014376527313154,HR,Junior
4702,45,4.956688075189734,0.06666666666666667,7.010597338489129,75.18048979211135,30.1227218080428,Marketing,Junior
4703,39,2.964280095145914,0.15384615384615385,7.62454817632808,74.39692766452576,27.735440727228706,HR,Junior
4704,22,7.869592781176845,0.4090909090909091,6.661928346798414,77.6310293381155,0.7142930325421357,Operations,Junior
4705,18,2.9511214041644567,0.7777777777777778,7.524056774018124,88.50795078657411,-0.7339859843474237,HR,Junior
4706,39,4.924807012783844,0.28205128205128205,6.543421506886944,88.67497642597077,22.823842798088005,IT,Junior
4707,48,4.184726341049032,0.0,6.358713750916902,87.94095968171715,38.01873925424536,IT,Junior
4708,45,5.836318528724588,0.4222222222222222,7.53792029269392,63.539369369077065,15.368570149699572,Finance,Junior
4709,11,2.7742184533365495,1.5454545454545454,7.364248312195957,87.98875811461849,-27.714321647385756,Finance,Junior
4710,45,4.581898568254346,0.3333333333333333,6.1741118166717985,64.20881207203018,20.677965277897346,Marketing,Junior
4711,17,3.648230196842862,0.23529411764705882,5.597393801277894,64.36533195182903,8.717782467268318,IT,Junior
4712,22,7.326509148030128,0.8181818181818182,6.4743067753525505,93.17519700722363,-7.363433440070079,Finance,Junior
4713,41,2.2435142728081705,0.07317073170731707,6.660790556567637,88.67892456469394,35.65363441610293,HR,Junior
4714,17,7.482364964038755,0.29411764705882354,7.514737333698419,79.3343663403803,2.2786139282338436,Marketing,Junior
4715,40,6.9979648313180025,0.4,8.658115054547455,90.62395715672517,16.12886176870903,Operations,Junior
4716,35,3.7854242986448927,0.17142857142857143,5.1447391901317,94.6277624893152,27.211846757716113,Finance,Junior
4717,6,6.735743928062628,1.0,5.974644050167379,81.37247233211221,-23.596993389702813,Finance,Junior
4718,20,2.1872813620324854,0.4,5.774863769118241,81.45144529435314,11.915726334805656,IT,Junior
4719,13,7.801193301760362,0.9230769230769231,7.009177634775135,86.40494602059748,-18.21370509170892,Marketing,Junior
4720,13,5.159569655538736,1.4615384615384615,6.718803228172639,68.12486333278665,-32.740320490673994,IT,Junior
4721,42,3.8196861563926716,0.30952380952380953,7.916150495280753,65.84937015315798,21.444787432131967,IT,Junior
4722,15,4.175499275568063,1.0,5.969663650179456,86.58532625052754,-12.033933301030615,Marketing,Junior
4723,26,2.398432120762984,0.3076923076923077,7.377993462999035,72.07166782479358,15.986700092663517,HR,Junior
4724,37,7.936097084252236,0.3783783783783784,8.535429054399838,64.72746247070769,7.921946974285715,Finance,Junior
4725,40,2.235751670904155,0.1,8.642710959673218,71.02072040712125,30.732640739615942,IT,Junior
4726,49,5.929442738887154,0.3469387755102041,8.835138418900124,72.55229037561014,21.6434093320416,Finance,Junior
4727,27,4.65641556623875,0.7037037037037037,8.093044608319953,93.78296808269917,4.532651372951223,Marketing,Junior
4728,49,7.69349730913229,0.14285714285714285,8.62395162503566,84.42858988807731,26.613009073636597,HR,Junior
4729,49,3.475998441840771,0.2857142857142857,5.9381234879410965,78.57997110899069,29.592568766688025,Operations,Junior
4730,38,5.192520943628068,0.21052631578947367,5.790323777401908,93.91055985389117,24.88128060983789,HR,Junior
4731,13,4.894137251496518,1.3846153846153846,5.025952335122106,91.60989091659633,-25.20475785813531,Marketing,Junior
4732,28,6.217198664300608,0.17857142857142858,7.827377429716393,77.92002998149559,14.592465810555046,HR,Junior
4733,12,2.408061391714523,0.25,8.749868751254978,91.69878723819433,13.22363466420982,Operations,Junior
4734,11,3.162734780140129,0.9090909090909091,5.747741380166706,74.15066303219298,-12.168064226568934,IT,Junior
4735,40,3.287388920557099,0.225,7.547774301707515,68.06472328748187,24.288166816382176,HR,Junior
4736,22,6.428904529050138,0.09090909090909091,7.985839036887111,68.14373618877298,11.243665452381592,Marketing,Junior
4737,7,3.1348321779604404,0.0,8.710456940592227,83.18104335547443,14.566544315174006,HR,Junior
4738,32,5.44095058334586,0.34375,7.587440896068887,77.5374612247547,13.513091078259219,Operations,Junior
4739,10,3.291462923005722,1.4,8.881174930995009,83.06327964519063,-25.970269916973315,Marketing,Junior
4740,48,7.16974970050387,0.2916666666666667,6.378692564050191,84.01265874917594,22.513032348827444,HR,Junior
4741,48,7.653112726937831,0.2708333333333333,6.399714135085631,60.78130055142012,17.52503465640836,Marketing,Junior
4742,25,5.110957849653443,0.24,7.172050040057382,61.89138573217658,9.956361447128431,Operations,Junior
4743,32,4.11385330525507,0.5,6.534007524463629,78.64372043069375,11.70103747562861,IT,Junior
4744,44,3.404346650104995,0.4090909090909091,5.005702913150131,66.6862417216027,20.655827771383276,Operations,Junior
4745,5,2.2986860091382626,1.2,7.92708810034795,82.13868190815539,-21.169635636645445,IT,Junior
4746,40,3.6110004571849723,0.05,8.006868165913934,79.32650087097268,31.143299259824595,Finance,Junior
4747,25,5.925414679671907,0.08,7.987898418747082,80.50161254298119,16.849493149252424,Operations,Junior
4748,47,5.201701587855265,0.3617021276595745,6.380082666441867,70.58593829408537,21.06272065331931,IT,Junior
4749,39,7.664247669685564,0.48717948717948717,7.089157893244687,82.39452271972638,9.935024589189531,Finance,Junior
4750,17,4.377663574950203,0.7647058823529411,6.439894072706678,89.03224227697581,-3.690055165093476,Finance,Junior
4751,14,6.163180053970367,0.14285714285714285,5.064145600122583,94.9324938757283,10.77442438149064,Finance,Junior
4752,48,4.935936484850728,0.125,7.2497957650856755,89.34555351602751,33.04723773350405,Marketing,Junior
4753,14,5.07545729554527,0.42857142857142855,5.495042664336044,79.51245658879816,1.2944338695262374,Operations,Junior
4754,17,3.6066458876247047,0.23529411764705882,5.320165296365762,66.77003570879847,9.28189183709852,Operations,Junior
4755,41,4.729704661051998,0.04878048780487805,8.02199627478715,83.85060566419372,30.447297176588407,Operations,Junior
4756,42,4.824709982076244,0.40476190476190477,5.0380248096724225,92.81788249452924,21.971299391896217,Operations,Junior
4757,28,6.239855130493604,0.5,8.836033774434904,67.41532889063059,2.803355517138911,Marketing,Junior
4758,6,7.643839995116683,3.1666666666666665,7.061021456450307,68.9598467184302,-92.89571064654734,Operations,Junior
4759,26,3.9759276648950257,0.5,8.932065722824593,65.2152990194078,5.691204474091508,IT,Junior
4760,21,2.2532028114877907,0.14285714285714285,5.231990289890834,85.78525752692406,20.964931596694942,Finance,Junior
4761,40,4.977770753003838,0.175,7.3341181954636525,74.22965261982807,23.640389017957936,Marketing,Junior
4762,18,5.266767992895011,0.6666666666666666,6.397308143903645,62.194347361023446,-7.294666513585334,Marketing,Junior
4763,14,3.0106433067914917,0.5,8.373929971257143,90.62324970215981,5.503363326848978,Operations,Junior
4764,39,6.562787637656401,0.358974358974359,6.444890940937145,79.51851666458984,15.408897288374396,Finance,Junior
4765,29,7.90957465064895,0.5517241379310345,6.041950316229396,71.58830022001246,-0.6532133952264445,IT,Junior
4766,7,7.674648302050766,0.5714285714285714,8.430212508399652,72.0394041621384,-13.884272914530996,Finance,Junior
4767,42,3.1826362329419133,0.4523809523809524,6.4986123666130435,70.15879270668174,19.29505750402395,HR,Junior
4768,21,7.252179439404564,0.14285714285714285,5.067333279442246,75.94180603374247,8.998288042225079,Finance,Junior
4769,16,6.226961818470109,0.625,6.5611564033573355,71.79645909708508,-7.244631817523199,IT,Junior
4770,28,4.723079382841469,0.6071428571428571,7.618089076043768,79.17812064247133,4.975179648525618,IT,Junior
4771,33,5.243665965948374,0.2727272727272727,6.017438155225527,87.0731038294953,18.54547065218413,IT,Junior
4772,47,7.097601049894749,0.3404255319148936,6.727950369700629,83.60614492055308,20.51326092687431,Marketing,Junior
4773,29,4.8808096378302395,0.4827586206896552,5.226860553128902,70.3059912463941,7.216820352928684,Marketing,Junior
4774,40,4.239244214630761,0.125,7.352371166055828,78.50593540389227,27.47269865151693,HR,Junior
4775,30,4.959484958155915,0.5,8.025179695441576,89.40441559692877,10.961913203073923,Finance,Junior
4776,42,5.474778824210294,0.3333333333333333,6.653250245604442,62.38721821599539,16.72788599477849,Operations,Junior
4777,5,3.134465922670093,1.4,6.68093053120584,62.740404344541666,-32.72085097643185,HR,Junior
4778,24,7.405446381601944,0.3333333333333333,5.353129994339666,79.46595238174137,5.482297713144385,Operations,Junior
4779,32,6.045121692977683,0.3125,5.80776345804793,82.36902949364311,14.208562512773257,Operations,Junior
4780,20,5.799613504024934,0.05,5.618701212511651,67.39945555215664,12.380664102381461,HR,Junior
4781,21,2.596977357083829,0.5714285714285714,6.926751074646152,86.08270443420312,7.479729029815825,Finance,Junior
4782,44,5.6250436290355506,0.06818181818181818,7.117022163803,82.61921819642546,29.628301835759444,Operations,Junior
4783,32,2.7257639734309542,0.25,8.795760525137041,92.31512438827002,24.711496930792094,Marketing,Junior
4784,16,2.472186051172394,0.25,5.292926017108936,65.91339706504878,10.33830731066497,Marketing,Junior
4785,31,5.16386537385436,0.5806451612903226,7.399471892620189,86.29809928753038,8.112534271087675,HR,Junior
4786,46,4.41671320427897,0.043478260869565216,7.105994109312965,62.92750817041435,30.04772739943797,Operations,Junior
4787,34,5.532861620937339,0.058823529411764705,7.064932391743317,79.78523433312641,23.52661774239766,HR,Junior
4788,45,2.5353330083434313,0.1111111111111111,8.492637149531305,79.3163298824701,34.45926662647383,Marketing,Junior
4789,38,4.58589837708355,0.23684210526315788,5.8221538827819455,73.59347656263591,21.24163540046535,HR,Junior
4790,41,3.048720290270948,0.0975609756097561,5.163093097365486,89.55999016839985,33.487728184845395,Operations,Junior
4791,10,7.9226005155446995,0.2,7.68908603053677,60.15297256751043,-3.814606517587311,Operations,Junior
4792,11,5.366901274611046,0.5454545454545454,6.380629856543921,78.20627906644822,-4.856183099568812,Marketing,Junior
4793,36,6.124621165645204,0.4722222222222222,5.070359664850098,67.60037424423156,8.704165850889238,IT,Junior
4794,36,3.952509684095647,0.19444444444444445,6.005496029161655,86.02245166907515,25.066137632290403,IT,Junior
4795,29,2.5684334886760647,0.0,6.237307096867248,61.5073599207134,24.56460500679055,Finance,Junior
4796,37,7.85522517670122,0.08108108108108109,7.467353507136968,89.10441408635522,21.878000031436173,Marketing,Junior
4797,11,3.717554212299099,0.5454545454545454,5.690343176197088,89.3332279347433,0.667900798714097,Finance,Junior
4798,16,4.542849111041445,0.8125,6.652217391813592,89.1503104341226,-6.030636135258366,Marketing,Junior
4799,20,5.89918353021545,0.6,6.92990177767133,65.33989843564345,-4.730387373302207,Operations,Junior
4800,20,2.1481837861166677,0.45,6.836949565456363,82.06422814963658,10.616478057693978,Marketing,Junior
4801,47,6.861554783103721,0.3617021276595745,8.895763066667127,60.50285757141864,15.726398118289053,HR,Junior
4802,40,5.2194691401717215,0.0,5.182016951161184,89.67869069512199,31.496799858680955,Finance,Junior
4803,17,3.669303122412933,0.17647058823529413,8.803872745809597,85.30413177280172,14.628102462675653,Marketing,Junior
4804,11,2.3696479117548153,1.3636363636363635,7.327748855976133,78.59038058147385,-23.330310616305763,Finance,Junior
4805,40,2.974990492846649,0.375,8.182910859879353,85.5707001583816,23.914159045983023,Marketing,Junior
4806,13,7.370203153120621,1.3076923076923077,6.721570472064302,63.30134338281203,-33.510906860448074,IT,Junior
4807,36,6.116145343615346,0.19444444444444445,6.815351525027921,78.50295412618996,19.234966804673967,Finance,Junior
4808,15,3.4994103298213393,0.6,8.517305996063294,70.19467721357559,-1.9598852169275602,Operations,Junior
4809,12,2.3936045896701774,1.25,8.583737985167609,94.04168121280406,-16.278872936779543,Operations,Junior
4810,37,6.143691874319818,0.2702702702702703,5.95475552572519,89.99912827183655,19.804333797619563,Marketing,Junior
4811,27,5.434446355806591,0.18518518518518517,5.796967514338473,85.6646493541892,16.908481603669102,Operations,Junior
4812,29,4.42711714674941,0.0,6.984940695479804,92.68116723374061,27.081999153249303,Operations,Junior
4813,12,4.181668695140383,0.9166666666666666,8.601108108510767,72.13951565979158,-14.23543425832245,Finance,Junior
4814,49,3.3008856555746497,0.10204081632653061,6.289420373624705,91.53079646458634,38.04316349197205,Marketing,Junior
4815,26,6.017667539225106,0.46153846153846156,7.608058461356525,71.38333812373486,3.9951787001429135,Finance,Junior
4816,8,7.824008166763223,2.0,7.832606750962404,85.64788518919036,-53.71843929568837,Marketing,Junior
4817,44,3.054291475020955,0.0,8.114698659576623,85.77459191217572,37.446335432393234,Operations,Junior
4818,7,5.58269972009302,1.0,7.255697831683853,60.64224567589327,-24.836950305007385,Marketing,Junior
4819,33,4.545110334475857,0.21212121212121213,6.609820713115878,72.63708943973683,18.873560855359287,Marketing,Junior
4820,45,4.680132330467989,0.2222222222222222,8.868063955195892,60.68014353429743,23.109097379256845,HR,Junior
4821,33,3.5248836807668864,0.3939393939393939,7.445323013211411,94.8982206163587,19.91169494355615,Marketing,Junior
4822,38,6.950809253968514,0.23684210526315788,7.914260846533083,64.27688666402332,14.6484956669729,HR,Junior
4823,38,4.911533624883447,0.3684210526315789,6.379931382783513,78.99838134768383,17.72397744082251,Finance,Junior
4824,32,5.260435113189585,0.1875,7.67979672401232,87.6694683566923,20.58802344495929,HR,Junior
4825,17,3.8285654767839548,0.35294117647058826,6.031190648656503,67.04422607913123,5.363478968140688,Finance,Junior
4826,19,3.0908507940016987,0.47368421052631576,5.980387670114545,76.97684338334155,6.403140772875441,Marketing,Junior
4827,27,2.515462329216923,0.1111111111111111,7.858888807237705,81.26000663224028,24.087743334680876,Finance,Junior
4828,48,6.284714845549495,0.3541666666666667,7.08557894505174,65.60716640384409,18.727003589669827,Operations,Junior
4829,30,3.1774056901271335,0.3,7.733106441689559,87.24944109690385,20.095076839126506,Marketing,Junior
4830,8,6.140452125132787,2.25,6.077753962992366,70.47677600162778,-60.885549049940025,HR,Junior
4831,30,4.342258676281723,0.43333333333333335,7.394893364226922,67.38580767185941,9.792644181808436,IT,Junior
4832,44,4.494648805937909,0.2727272727272727,6.77573459881245,79.54010612530959,25.13690543136792,Marketing,Junior
4833,13,4.815064976556631,1.0769230769230769,7.387841147382112,74.36097696750282,-19.265626867305,Operations,Junior
4834,9,4.206251048765259,1.6666666666666667,6.1635189289768775,92.21000806227462,-34.5705004850756,Finance,Junior
4835,36,2.6037198633355407,0.027777777777777776,7.861803854596495,90.8021944369354,33.71966582738266,HR,Junior
4836,24,3.857790860017075,0.125,8.223717464637861,76.91727321861092,18.317872923688032,HR,Junior
4837,15,5.98240616416363,1.1333333333333333,6.039665895430895,72.57423211539592,-22.449965905248078,Operations,Junior
4838,19,5.994706408813226,0.8421052631578947,6.202482239422569,71.39312935709428,-11.573944840944439,Operations,Junior
4839,36,3.717345843439966,0.25,7.644617078876372,69.36472680785276,20.53825367469062,Marketing,Junior
4840,32,4.760615759346128,0.25,7.782340697214177,79.0591748799367,17.990603457295087,IT,Junior
4841,26,3.160683368071625,0.5384615384615384,7.8163987375898,88.17425116570902,10.759637343152402,IT,Junior
4842,45,3.2622324891790146,0.24444444444444444,7.730794019103348,70.87648128712452,27.317497945733543,Finance,Junior
4843,21,2.1382825304396444,0.38095238095238093,6.571230867810155,66.65329313908285,10.225522138365854,HR,Junior
4844,30,7.380479299446468,0.43333333333333335,6.579414697614713,76.64193321641504,5.567428044390073,Marketing,Junior
4845,48,3.264239990449437,0.25,6.019270494577526,62.41620458791833,27.25476093668479,HR,Junior
4846,11,3.36520326161878,0.45454545454545453,5.6273347995854515,84.54476521453974,3.142182883306752,Marketing,Junior
4847,46,3.677608595870791,0.391304347826087,7.770309517587623,78.14253932056768,24.13416023758934,Operations,Junior
4848,30,2.764448430172574,0.1,5.372755143889251,77.37311827904989,24.94572679546483,Finance,Junior
4849,29,5.835577299088177,0.6551724137931034,8.751169147147127,70.51558828425078,0.17679064488069862,Operations,Junior
4850,14,2.450857719065519,1.1428571428571428,8.306745214685805,91.66357031361079,-12.454715661123167,HR,Junior
4851,49,2.8052145579581014,0.3673469387755102,8.430022959829024,63.16702021473434,25.402566763765357,Finance,Junior
4852,23,5.868540359540557,0.08695652173913043,8.62667525846076,90.4438403110461,17.542991690954196,Marketing,Junior
4853,15,4.037963722888657,0.8666666666666667,6.63441988289296,73.1846820845573,-10.438991028865853,Marketing,Junior
4854,17,6.247686960207134,0.9411764705882353,8.386802893401605,90.82182305912578,-12.366303426236172,Finance,Junior
4855,12,5.344548468020852,1.0,5.632245201166597,85.50665104163343,-16.387766727715018,Operations,Junior
4856,44,3.536127038369078,0.18181818181818182,5.086567178432943,63.645975433171344,26.60239555535066,Finance,Junior
4857,8,5.904967702935968,0.0,8.1395655786554,89.10377002782738,10.81081859969354,Operations,Junior
4858,35,2.6976420817572837,0.45714285714285713,5.299186591987757,83.87618917948268,18.665667958096257,Finance,Junior
4859,32,5.2184622984801825,0.46875,8.954098669303686,61.1305669520372,6.9266887934470756,Operations,Junior
4860,15,4.622888630270208,1.1333333333333333,7.699185718406223,64.67959387383844,-21.309858485772725,IT,Junior
4861,47,3.6072414969046447,0.02127659574468085,8.013798840968422,82.24698195424934,36.796615524700144,Finance,Junior
4862,5,5.624029986437001,2.6,5.983215425111464,83.19101760080997,-69.60985645271201,Operations,Junior
4863,42,7.228001554041695,0.38095238095238093,7.6954615756787526,86.13280014931583,16.541985493208347,HR,Junior
4864,28,7.99342819857846,0.07142857142857142,5.172879749019829,85.20858902712436,15.712004265410812,HR,Junior
4865,35,5.646576612460547,0.02857142857142857,8.351302879694403,83.08319841344843,25.466343600625734,Finance,Junior
4866,45,4.428235245975021,0.15555555555555556,5.67849637212629,86.81836156112479,30.84053515360825,Finance,Junior
4867,30,3.3512426012972094,0.03333333333333333,7.789432267335082,80.12799970623306,26.323114738652194,Marketing,Junior
4868,9,3.5425765363706705,0.1111111111111111,5.897922004930914,69.12769849335592,8.80705329259651,Operations,Junior
4869,24,4.876729868898594,0.3333333333333333,5.273812677704171,91.93318148057514,13.03317655831784,Finance,Junior
4870,45,4.203666207684256,0.4222222222222222,6.925974714197578,60.63749108261923,18.053499134488668,HR,Junior
4871,15,7.482887135749666,0.3333333333333333,5.677144841091158,72.82966019550216,-1.3998422323988997,HR,Junior
4872,37,4.209772805934257,0.2972972972972973,7.917775953306199,85.51046025840071,21.963627520892707,HR,Junior
4873,42,4.240667546872613,0.19047619047619047,5.950263373533939,74.9504614402386,25.99447148001678,Operations,Junior
4874,31,4.3012070746038615,0.1935483870967742,6.369890224943315,60.8692042618005,16.36497509024915,IT,Junior
4875,38,7.019721262205948,0.2894736842105263,7.269757005057892,62.30933160906746,12.538213271085809,Finance,Junior
4876,19,5.904729925081411,0.21052631578947367,6.139873110309246,82.70230791984011,9.815212260120989,IT,Junior
4877,36,5.685013101913356,0.4166666666666667,6.511952464839847,93.77026097918548,16.484025992010384,Operations,Junior
4878,25,4.0048581343031735,0.16,8.262487084161547,79.31522725420746,18.053329182235146,Finance,Junior
4879,9,6.907425060994637,1.2222222222222223,5.716839398244103,77.73652363083193,-29.53421206248956,Marketing,Junior
4880,10,2.230183168134207,1.9,5.328806357927735,71.14138245696935,-41.232089844874544,Finance,Junior
4881,42,7.224783034028679,0.19047619047619047,6.313431140532077,68.9841735853122,18.83298293471937,Finance,Junior
4882,26,5.076499398763578,0.23076923076923078,6.697507068055513,60.734474361469964,10.670819151689914,Finance,Junior
4883,22,4.389501409180477,0.8181818181818182,7.170637128546271,69.55342036741649,-6.2137732903322025,Finance,Junior
4884,18,4.983003684306114,1.0555555555555556,6.489694784700028,75.71886543028384,-15.688900949222127,Finance,Junior
4885,14,6.004493183202986,0.7142857142857143,8.15964680089122,66.92824240671325,-11.651909313634752,Operations,Junior
4886,17,2.076592559107384,0.6470588235294118,5.157277950673893,63.05717959685002,-0.7535139047271198,Finance,Junior
4887,35,7.229311138749487,0.05714285714285714,6.727070152794232,85.12047535391109,21.851187078997533,Operations,Junior
4888,34,4.680437151868357,0.47058823529411764,6.5290236586256185,91.31170941738235,15.183820520916225,Finance,Junior
4889,7,4.057799118200469,0.8571428571428571,7.590313963227436,92.787022439048,-11.072479462877048,Finance,Junior
4890,34,2.8294733938043426,0.2647058823529412,8.865105007589584,81.62995549739463,23.125867841282005,Operations,Junior
4891,10,4.6367922461506526,1.4,7.041501626515449,61.84711039097486,-32.90416241410633,Finance,Junior
4892,33,4.977936627706273,0.030303030303030304,8.947507387766882,85.93019204866206,26.12107424522896,HR,Junior
4893,12,4.421880166960866,1.0,6.20899757965279,63.85333568416603,-18.87309319708853,Finance,Junior
4894,48,6.071960562961382,0.0625,5.123472530169844,83.44118411907384,31.469315697892,Marketing,Junior
4895,49,4.525379172555356,0.3469387755102041,5.6626526699056505,87.27780425117565,27.396639239818295,Operations,Junior
4896,47,7.76850546707944,0.0,6.58049953909827,85.40526487892654,29.74404204162643,Finance,Junior
4897,48,5.595665106941551,0.020833333333333332,6.265335636754209,93.31593320163958,35.64685642644481,Finance,Junior
4898,37,6.844867613911454,0.02702702702702703,5.388216523933511,85.83511995635864,24.86647795263801,Operations,Junior
4899,21,2.656135418656873,0.14285714285714285,6.730640430762867,84.2623422293633,19.854483322844626,IT,Junior
4900,15,4.383747757675434,0.13333333333333333,6.3524630866382505,69.16101102640859,10.06470668993085,HR,Junior
4901,17,4.021086208682917,0.9411764705882353,5.490476881829753,92.36690402525656,-7.604085729961579,HR,Junior
4902,15,5.41689432881955,0.8666666666666667,6.184468522447636,66.28403547779584,-14.576981562079933,Finance,Junior
4903,35,7.166681120368554,0.02857142857142857,8.545744221421561,91.67138140155942,24.14377118243192,Operations,Junior
4904,32,2.47002930657204,0.46875,6.208195461957361,70.94318901710686,14.386079190277291,Marketing,Junior
4905,48,2.435448788268265,0.20833333333333334,7.855821692968206,64.55572578571841,30.59024758060715,Finance,Junior
4906,10,7.1019062489455935,1.2,7.448188318631022,88.93390595449097,-26.417031306992993,HR,Junior
4907,45,3.2771005162301448,0.0,6.708724649633487,60.08734087602902,32.463267142745515,Finance,Junior
4908,20,6.012519526698882,0.05,5.956102547214677,89.12309111882908,16.299579170368055,Operations,Junior
4909,8,5.2572687941648315,0.125,6.476058797383782,69.18091447160916,4.371645305992169,Marketing,Junior
4910,39,6.997361569323377,0.10256410256410256,7.368428853884171,90.96524454644674,24.521402693719516,IT,Junior
4911,30,2.7505334590184214,0.1,6.403012858997419,84.20177137845528,26.339287357654214,Marketing,Junior
4912,16,2.7786977943356677,0.6875,5.859585734296927,83.31641664977064,0.08088774128279397,Finance,Junior
4913,15,5.340910161669846,0.13333333333333333,5.465850995566528,72.78618471076952,8.875416618814214,HR,Junior
4914,41,7.678271920150225,0.4634146341463415,8.51906775163826,62.07910408617698,7.756837952544702,Operations,Junior
4915,29,4.4899865502245255,0.3103448275862069,6.761251903007622,89.0525584371952,16.920193759403784,Finance,Junior
4916,22,3.9616526015281694,0.8636363636363636,7.50083328697172,65.98163283117847,-7.436069545911552,IT,Junior
4917,23,5.640135939187315,0.7391304347826086,6.961641444547221,73.02905246631633,-5.0483744285896215,Operations,Junior
4918,27,7.582691603270186,0.3333333333333333,8.490266073431854,81.01241399281787,7.237099592023203,Operations,Junior
4919,42,7.021566997067742,0.0,7.187739409792844,76.87888084962177,26.53264217578887,Operations,Junior
4920,22,7.97290166439932,0.22727272727272727,6.923125671796454,66.95312223099613,3.826639299218767,Finance,Junior
4921,30,2.1354114992142623,0.3333333333333333,8.69840396168685,64.92157249087994,16.713491499747462,IT,Junior
4922,10,2.677148868276573,0.1,7.878758384181419,64.31361952876017,10.508426169198888,Finance,Junior
4923,8,5.656806580199732,0.75,5.446199629387429,90.20527585247203,-10.97255798990506,Operations,Junior
4924,48,6.923458636003098,0.3958333333333333,5.710817844787256,61.10458421714668,15.298999571423137,Operations,Junior
4925,33,3.7114660538405992,0.5151515151515151,8.148491451757767,94.1954990859963,15.761622254972611,HR,Junior
4926,38,3.4352665282053128,0.47368421052631576,8.343405284719818,66.94850416348949,15.1086414604978,Marketing,Junior
4927,21,6.7218547962872055,0.14285714285714285,7.180763316361186,63.86128039076773,7.6428321998648485,Finance,Junior
4928,47,2.3382911231193892,0.2553191489361702,7.217820911466557,80.19400791718783,31.90264486911368,IT,Junior
4929,47,4.21629588549551,0.3617021276595745,7.527731851405778,62.79950852792438,21.476246104806624,Operations,Junior
4930,20,5.034855335553979,0.95,6.756463097130558,81.08586421072582,-10.352537828962792,Finance,Junior
4931,6,5.362092046101941,2.0,7.720796493935616,89.77193256847646,-49.16979757850858,Marketing,Junior
4932,38,6.371690940756661,0.47368421052631576,5.433925030265662,61.67643075135987,8.18137795296918,Finance,Junior
4933,12,4.12907434058395,1.3333333333333333,8.845116969469546,87.99540115849905,-23.45906844946808,Marketing,Junior
4934,17,5.676106068047643,0.0,8.000619295179687,73.80671043437415,13.609129950779545,Finance,Junior
4935,46,5.512252536745738,0.10869565217391304,7.524696816036028,65.58217218409234,26.4310597981096,HR,Junior
4936,12,5.285696603922482,1.5,6.265288228037923,66.16337680936107,-35.13871784597275,Finance,Junior
4937,34,5.842899758853273,0.5588235294117647,5.643821949826917,92.15675902929792,10.380846405800096,HR,Junior
4938,36,3.556695026408458,0.0,6.637371855315779,63.87120131792326,27.260850210767735,Marketing,Junior
4939,40,2.507892521507774,0.175,7.646306962296234,90.33739754904799,31.80169446679405,Operations,Junior
4940,34,2.715630032238461,0.47058823529411764,7.534838973692444,79.04856173442651,16.660805223584852,Operations,Junior
4941,5,3.3474942959234064,2.8,6.530564620262286,61.36696625857537,-75.42159534013173,Finance,Junior
4942,47,5.001187613136711,0.3617021276595745,7.453145575332519,76.25666510010684,22.597893963960715,IT,Junior
4943,43,7.04265650327612,0.13953488372093023,8.25499318227019,88.61073300667053,25.25078708315396,Finance,Junior
4944,21,6.207760052530305,0.7142857142857143,5.105139089350429,85.41709756736851,-4.160672020158337,HR,Junior
4945,24,6.734243625212283,0.25,6.802484191721103,77.10738461896513,8.852989673368459,HR,Junior
4946,28,4.1058537435565485,0.5714285714285714,8.034220913867165,90.1017457893676,9.465784527903283,Marketing,Junior
4947,26,4.427922449891301,0.11538461538461539,7.184577881853508,64.21276666230804,16.125169971140544,Finance,Junior
4948,33,4.362091315943677,0.3333333333333333,7.60590435171628,91.84793686873292,19.445404741859228,Marketing,Junior
4949,26,3.151239106427009,0.46153846153846156,7.066705570421368,89.62544229691721,13.376456400375577,IT,Junior
4950,48,2.367299948861432,0.0625,8.967498178729244,84.78968889800326,39.14833788187778,Operations,Junior
4951,13,5.545496556963361,0.0,5.2184861459561525,88.62607097450622,14.434221080974524,Operations,Junior
4952,41,7.935300100523516,0.0,6.964179287089509,79.03354273949331,24.536108346851627,Finance,Junior
4953,14,3.000978229701577,0.42857142857142855,5.36566619645807,83.63068501841835,6.2670376871376625,Marketing,Junior
4954,40,2.2801089193956425,0.2,5.639142248454282,79.62093247477226,29.363968656163166,Marketing,Junior
4955,41,6.677190090943598,0.0,6.532153401673048,72.43999856777822,25.733619531668445,IT,Junior
4956,32,3.515516040108345,0.46875,5.62216036600195,79.91012790764121,14.088493501311552,Marketing,Junior
4957,32,6.97786283211757,0.53125,8.854748663826605,69.0112866386174,3.1090316634883397,HR,Junior
4958,46,6.223620002207093,0.30434782608695654,8.787159106900637,75.40977097942749,21.104279408862617,HR,Junior
4959,47,7.674041222304828,0.10638297872340426,6.344438584882415,69.82713925410852,23.62585604450992,HR,Junior
4960,25,4.453563414540032,0.04,7.558990848150718,64.30107263114861,17.75308769714966,Finance,Junior
4961,28,5.971819036703804,0.2857142857142857,7.135013282375144,71.26516497364672,10.537966349893166,HR,Junior
4962,46,4.789128684879624,0.06521739130434782,8.262347922063075,89.81955263646697,34.02913141840371,HR,Junior
4963,44,5.7835321838512606,0.2727272727272727,7.509782439267768,73.3378269724807,21.318682844975438,Operations,Junior
4964,6,4.697593436046424,1.6666666666666667,5.001009817962249,86.18012771391042,-38.55916132931077,Finance,Junior
4965,12,3.131793478544449,1.0,8.052697542438956,66.13192489833564,-15.837201977421769,HR,Junior
4966,31,5.047384496020285,0.3225806451612903,7.987392485184472,74.85467057086746,13.798745767294209,IT,Junior
4967,26,5.171505208624654,0.6923076923076923,7.038890822265924,64.01996242673118,-2.708248701133842,HR,Junior
4968,41,6.863623089560966,0.17073170731707318,8.611675892932215,64.85173721786214,18.721150044938298,Finance,Junior
4969,31,6.413124234761487,0.1935483870967742,8.633784822761607,81.61027329615243,16.289354576804282,Marketing,Junior
4970,33,5.9827497436486645,0.45454545454545453,7.095646706817589,81.26186361071538,10.45050959848211,Operations,Junior
4971,7,2.6803225733154354,0.2857142857142857,7.431952924786151,67.46801675742017,3.7615296334245922,Operations,Junior
4972,48,6.32369774398229,0.3333333333333333,8.986088287698689,76.60481180010795,21.473566872057006,Finance,Junior
4973,17,5.001830938127089,1.0,6.19528093924567,90.21571584422819,-11.76051870740854,HR,Junior
4974,49,7.364597216636955,0.2857142857142857,6.29846896924591,66.0970528036769,19.318787556032902,IT,Junior
4975,14,7.519225604783257,1.1428571428571428,5.731095610653986,60.67236865757302,-28.7896917637662,HR,Junior
4976,40,2.3309395436107128,0.25,8.583467756631471,82.81982992322503,28.40208689742358,HR,Junior
4977,13,6.923849362126873,0.3076923076923077,7.977953559797065,61.87243728310398,-2.9039804984021824,IT,Junior
4978,31,2.2261843425360235,0.4838709677419355,5.422571395480968,94.29790835003561,18.49108395267701,Operations,Junior
4979,38,4.203017754170136,0.3684210526315789,8.927069404791862,81.33670993296084,19.60867489930453,HR,Junior
4980,5,5.253799853726475,1.8,7.923846832644465,76.46387234953903,-46.21482523754515,Marketing,Junior
4981,36,2.8886047917627646,0.3611111111111111,8.402088438419899,75.04973890085074,19.999404863311284,Marketing,Junior
4982,29,6.477882875414461,0.034482758620689655,5.192603156692804,80.0574730480926,19.421246100168908,Finance,Junior
4983,33,2.0501282250328314,0.45454545454545453,7.019843675768671,63.17185528520752,14.697750970612207,Finance,Junior
4984,11,3.0115942906042212,1.6363636363636365,7.794393146908157,92.55066705868235,-30.003964260381064,IT,Junior
4985,7,5.484780979120854,1.0,7.171786338287365,81.89747239931572,-20.390067478378565,IT,Junior
4986,24,6.286325372223754,0.5833333333333334,7.66658986279711,66.4392474163818,-2.384801261171148,Finance,Junior
4987,24,7.499858616163497,0.375,8.27149625436189,79.6903368817632,4.088350144025647,HR,Junior
4988,34,6.232979911607743,0.11764705882352941,6.497348251840785,64.6639777041554,17.33742395290971,Operations,Junior
4989,39,6.030675621529196,0.48717948717948717,8.39467470247484,60.614345114540924,8.846133164465178,Marketing,Junior
4990,39,4.366046878103986,0.38461538461538464,5.651664419061163,82.06809448248993,19.543063601828475,IT,Junior
4991,43,2.0077065531608085,0.2558139534883721,6.083544220105499,82.69691696545448,30.64955168211812,Finance,Junior
4992,31,2.7209555524137317,0.3870967741935484,5.1733824797093035,80.42938039811955,17.631061748989993,Marketing,Junior
4993,30,5.207327268536234,0.26666666666666666,6.4577072453410045,66.42191215260081,12.869727893447694,IT,Junior
4994,18,6.050779315066518,0.8888888888888888,6.519638179296481,81.12004504731685,-11.744216287336332,IT,Junior
4995,21,4.504689703378775,0.9047619047619048,8.221082388829004,61.97788293235819,-11.156659963143051,HR,Junior
4996,22,6.3840740691703415,0.5,7.612522681158624,81.32334244501729,1.6965203506627748,IT,Junior
4997,49,5.131173771993073,0.08163265306122448,6.7468902326226665,79.39059566876665,32.56679199793045,Operations,Junior
4998,33,2.445057173565873,0.3333333333333333,7.608455914494993,82.93391907936848,21.496669468741953,IT,Junior
4999,24,3.152097505807693,0.0,5.211133402062765,91.34164620133379,26.364134228651373,Operations,Junior
5000,31,7.0399893394636575,0.6129032258064516,5.721086144073505,89.76253368338378,4.0854312835558915,HR,Junior
5001,22,6.349476479746637,0.6818181818181818,7.5077914209670205,94.32289670468886,-1.0889190731009535,Operations,Junior
5002,8,7.36857192207497,1.375,7.5654672769012095,94.16843615278012,-32.35345661359392,Marketing,Junior
5003,5,2.7053434947256196,1.6,8.09653863482971,87.03118926808133,-33.00444913583497,IT,Junior
5004,5,7.941335207690443,2.4,6.611999036214408,93.47468677622048,-66.1877330601368,Finance,Junior
5005,30,3.2564402836996016,0.5333333333333333,7.890216386464624,90.35493600611892,13.558106633824579,Finance,Junior
5006,49,2.070679257719852,0.32653061224489793,7.735921330240758,85.46538574632405,32.55580026647817,Operations,Junior
5007,24,7.984537634321325,0.125,8.853573513479397,62.63844891253143,7.208614513863635,HR,Junior
5008,27,3.686443312670679,0.48148148148148145,5.860520905698717,61.71674608944607,6.726018148103413,Operations,Junior
5009,14,6.008116715075359,1.2857142857142858,7.206718255010558,89.31598486270195,-24.324465029038908,Operations,Junior
5010,15,3.060093885057831,0.4,7.407057768441877,77.13795502550944,6.307403234986225,Operations,Junior
5011,45,5.4813711931948506,0.044444444444444446,8.994591539736883,88.51123395312223,32.406171070901415,Marketing,Junior
5012,45,7.424209918727356,0.0,5.804736568666607,70.95213947293269,26.342008057131828,Marketing,Junior
5013,9,3.921087004570632,1.2222222222222223,7.092872079869169,73.91774504130545,-24.32529166754685,Operations,Junior
5014,5,6.021523856266155,2.8,6.384741230854555,84.50653523541762,-76.1417406654488,HR,Junior
5015,21,3.127421532790499,0.47619047619047616,7.103571874316,92.03643579262327,10.46672980722937,IT,Junior
5016,26,5.748772392312351,0.34615384615384615,5.928514408412424,63.07165160676101,6.3321701521121145,Finance,Junior
5017,38,4.0187021109050605,0.02631578947368421,5.190449513709952,90.15173506221122,32.0034691064216,Marketing,Junior
5018,49,3.2672495515277102,0.061224489795918366,7.290261815590755,87.75544537077778,38.57985527722258,IT,Junior
5019,45,3.879092304221811,0.35555555555555557,6.343417263443328,71.04387447554491,22.783923619998696,Marketing,Junior
5020,33,3.0730464110467963,0.48484848484848486,5.727765606993735,72.43258149460459,13.59496893137278,Marketing,Junior
5021,8,7.411496647027297,0.875,6.2957422643121355,61.62615170276684,-23.947762953501226,Marketing,Junior
5022,9,4.3831213179027735,1.4444444444444444,5.19712080579098,60.55092138908513,-34.58939169132186,Operations,Junior
5023,15,3.471675829846204,0.2,8.801768936360414,76.69521442252052,11.395691224811696,Operations,Junior
5024,25,4.690447046095597,0.2,7.324591659893041,63.34388759240587,12.28788342628998,Marketing,Junior
5025,39,3.9232170008389735,0.46153846153846156,8.2590747253881,66.79006350453245,15.065424853074697,Marketing,Junior
5026,16,6.466515522879956,0.1875,6.692472790190921,89.63685198343322,8.969339350926733,Finance,Junior
5027,30,7.827319471312967,0.06666666666666667,8.613258670264743,79.98599369376583,16.342559796127233,IT,Junior
5028,23,4.628201940185881,0.8260869565217391,6.933272886209013,82.17713530431396,-3.8035855151611457,IT,Junior
5029,49,7.166200399833443,0.10204081632653061,7.295781288802678,66.56177657911721,25.318730026360637,HR,Junior
5030,11,5.395178441357717,0.5454545454545454,6.967175920250627,89.00316315590469,-2.753360615170859,HR,Junior
5031,11,2.943413990565401,1.1818181818181819,7.933113183470606,90.37929203539116,-16.66551502859802,HR,Junior
5032,30,6.143736452488049,0.36666666666666664,7.2666243104082495,78.31646577995652,10.375820251015206,Operations,Junior
5033,44,5.0806069827549205,0.3409090909090909,6.086395694321591,91.9395220157531,24.399417710368052,Operations,Junior
5034,9,5.90363913951262,2.111111111111111,5.582158125290585,89.56900187341036,-51.82681123767651,Finance,Junior
5035,25,7.338124475429989,0.28,7.424497555531911,85.59634618360533,9.043020285861088,Operations,Junior
5036,18,4.642607423936276,0.05555555555555555,6.956719846188145,85.692657049277,16.98664989531618,HR,Junior
5037,8,7.407065739304134,1.5,5.383902786784452,63.68877158828022,-42.27637716095222,Marketing,Junior
5038,27,6.50401408568993,0.25925925925925924,6.582469863173074,69.4792613193483,9.310046314712022,HR,Junior
5039,46,4.931629555267909,0.41304347826086957,7.059105688001814,62.33965269361866,17.813367080361825,Finance,Junior
5040,24,5.619332813947782,0.625,8.30757293530236,60.3038423229208,-3.5278971633114047,Marketing,Junior
5041,19,3.9534867951140686,0.15789473684210525,5.304404223333449,65.54083359843685,11.864351024196075,Operations,Junior
5042,49,7.901583798432645,0.30612244897959184,6.393981392984012,90.8170513926429,22.576569212275533,Marketing,Junior
5043,33,6.004106978302376,0.5757575757575758,8.290624490841541,68.3955920662618,4.198177183920336,Finance,Junior
5044,12,2.263081114979779,0.4166666666666667,7.593695727086315,93.95538869071027,8.964915508182495,Operations,Junior
5045,45,3.9597314344880523,0.06666666666666667,6.159833287215147,80.90518498464222,33.26157412795234,IT,Junior
5046,23,5.7398866025543445,0.6521739130434783,8.381340488090569,68.30404706721416,-3.584181182970207,HR,Junior
5047,43,2.337999666795439,0.27906976744186046,6.973174322250769,77.39957812194746,28.2318232675428,HR,Junior
5048,32,2.1433051479148566,0.125,6.993407565241842,67.66831879450403,24.697053463071093,Finance,Junior
5049,31,4.700145437166816,0.45161290322580644,8.906349356801538,94.43907453638309,14.53913693616879,Finance,Junior
5050,8,3.99614107815602,0.875,8.788466012945513,89.65427443667373,-11.511427268977293,HR,Junior
5051,19,4.629791648198996,0.3157894736842105,6.434130733479376,60.918357607381516,4.850404014551998,Marketing,Junior
5052,39,3.5761598592800308,0.3333333333333333,5.562316514652329,93.1721611013615,24.882112501712236,IT,Junior
5053,41,2.9883064816578857,0.14634146341463414,6.302666929112377,85.23727875560105,31.280598885365414,IT,Junior
5054,5,6.134860141882026,1.2,5.121933041245552,62.88334382074474,-32.6930515196151,Finance,Junior
5055,7,5.087426697606803,2.4285714285714284,5.083071546841564,83.4723211214256,-62.13753202807133,Finance,Junior
5056,28,3.200925267496201,0.32142857142857145,6.582088545005677,82.64243442879899,17.283779207910257,Marketing,Junior
5057,31,3.91753655755999,0.5483870967741935,8.764079290788937,67.65760610326542,7.844835202307299,Finance,Junior
5058,44,5.550847445979955,0.29545454545454547,8.48542936492883,86.54563450026515,23.743795644456753,IT,Junior
5059,40,2.433376089634867,0.225,7.0457713356704925,63.04726461595385,24.992700743921034,HR,Junior
5060,38,2.8847180555970775,0.15789473684210525,7.260905524683323,77.13058134309367,27.71983805216142,IT,Junior
5061,33,2.4394736246443407,0.18181818181818182,5.023733986984226,60.34731225070808,21.53596974630748,Marketing,Junior
5062,28,6.873903996284714,0.21428571428571427,5.8620046233350624,93.90581211131612,15.404783001122372,HR,Junior
5063,28,6.514455399272055,0.14285714285714285,5.099096507737535,86.30472711219183,16.74632033817997,HR,Junior
5064,46,6.5198775912755424,0.0,8.01815813078155,65.55982266558796,27.672209350566504,IT,Junior
5065,8,6.2979520608561685,1.625,5.5825831841059905,71.9585913982949,-42.15418584205336,HR,Junior
5066,7,6.016312542019215,2.4285714285714284,8.476188409907268,65.61968322328617,-67.56583129652404,HR,Junior
5067,38,4.86195149226905,0.3157894736842105,7.573297254703153,86.83161124452602,20.96873505384079,Finance,Junior
5068,27,5.85366898104269,0.25925925925925924,5.917674706062853,62.061371389970034,9.12715853813085,HR,Junior
5069,27,2.2301693287278477,0.25925925925925924,5.630881268332999,89.41423294473,21.844730153712526,Marketing,Junior
5070,49,5.728786535940707,0.1836734693877551,7.5104988036922125,92.97687185925054,31.02759721833604,HR,Junior
5071,9,6.667266233221263,1.7777777777777777,8.603347921129295,83.6819779982205,-44.53147020013175,Finance,Junior
5072,35,5.002150162306341,0.14285714285714285,7.8734408756575265,67.4537907500502,20.200743539683074,Operations,Junior
5073,45,4.145079970563422,0.3111111111111111,6.394186606413511,72.60315335347428,23.897137396234676,Operations,Junior
5074,10,3.6645604088058747,1.4,7.349534381074589,76.7033956183126,-27.988441693949234,Marketing,Junior
5075,41,5.856812300972495,0.36585365853658536,6.243046781489685,81.16186702707888,18.143139047373225,Marketing,Junior
5076,14,6.1568071917794525,0.5,8.996598267114635,83.40320814340906,-2.2329727548770926,HR,Junior
5077,44,7.2258055991752554,0.4090909090909091,7.995356753847405,79.3975150361609,15.555164536154395,HR,Junior
5078,11,4.054004494765945,1.7272727272727273,7.457526559027015,72.29598722876496,-38.866993361960716,Operations,Junior
5079,43,6.618633844313513,0.32558139534883723,6.693036571063317,91.18210481977161,21.03171141486218,Operations,Junior
5080,42,5.368134945136028,0.047619047619047616,7.472609161038229,62.84872203062854,25.604903087282224,IT,Junior
5081,25,7.2970189440684745,0.2,6.366464249869339,76.31896189852233,9.669754491567518,Operations,Junior
5082,24,5.166872649773724,0.2916666666666667,5.115459357832123,87.14476934636183,12.745208569724916,Operations,Junior
5083,7,5.105778970387803,2.142857142857143,6.580354089426532,62.13054328519903,-57.871163569450076,Marketing,Junior
5084,26,5.467262488645455,0.5384615384615384,8.721923278319467,84.68673258839554,5.448975386542047,IT,Junior
5085,8,6.495892130854607,1.5,7.5052043790954635,88.68990679636637,-35.45380290243594,IT,Junior
5086,32,7.788142872970766,0.59375,5.335822812283606,83.12909544844683,2.437033343747837,HR,Junior
5087,16,2.441380125294594,0.875,8.539974453580104,60.45279122963746,-9.442202004661691,HR,Junior
5088,42,2.3206076143461027,0.40476190476190477,6.075499397366059,66.30479594962722,21.676886818376097,IT,Junior
5089,40,7.625302024444031,0.3,5.97507797233091,71.97395776121827,14.144187503355592,IT,Junior
5090,45,5.179253753109236,0.15555555555555556,6.188363875121283,68.1791512473316,25.61065607658118,HR,Junior
5091,9,5.6894180874016165,1.4444444444444444,7.30880894450383,93.69282490795996,-30.573604526544578,Marketing,Junior
5092,17,4.894541609568373,0.5882352941176471,7.1787523737359065,82.80578699398278,-0.6749846438696032,Marketing,Junior
5093,27,2.561944715644847,0.18518518518518517,6.9656550184915265,70.39398350730497,19.599351714615743,Marketing,Junior
5094,34,6.608536270511999,0.0,7.8701474540505085,92.5394124532906,25.69080994963412,Marketing,Junior
5095,41,6.483347870531521,0.024390243902439025,6.266150925339836,85.92079698166654,28.085756338197097,HR,Junior
5096,29,3.870219928956872,0.41379310344827586,8.128258086289724,69.96125241394647,11.238017521427274,Finance,Junior
5097,31,3.8374354713704024,0.0,5.7012867135143965,73.26085492906844,25.57730004307288,Operations,Junior
5098,18,7.027048285433111,0.16666666666666666,8.130483156308037,66.98001004063849,5.141905437261476,Operations,Junior
5099,40,2.4341435464479595,0.025,7.655240421001132,93.98758993930377,37.17923089496483,Operations,Junior
5100,43,7.286630890139395,0.4418604651162791,7.732833238190346,78.10537735615256,13.59199973746335,Operations,Junior
5101,20,3.5399701393754865,0.75,6.9262135885090395,91.36198406242946,0.6924565337349158,HR,Junior
5102,26,5.5579084865329635,0.07692307692307693,7.668006130723459,72.12749198558967,16.601989116359697,Finance,Junior
5103,25,7.615965074010666,0.64,5.319188186237829,90.12945610841165,-1.4060389263390007,HR,Junior
5104,25,6.068735009219878,0.16,8.406204468197469,61.88603969495074,10.43973792055039,Finance,Junior
5105,12,4.48657887480222,0.5833333333333334,5.222188933950584,94.37316111335008,-0.39852552693442433,HR,Junior
5106,20,6.137205253432491,0.55,5.59496603948599,91.92120284616558,1.609830062368136,IT,Junior
5107,35,4.063877817898221,0.3142857142857143,7.307158833988945,72.71210306718292,17.986093549068713,Finance,Junior
5108,46,3.663550498095117,0.0,7.957645821826766,87.11527578601022,37.695954161011805,Operations,Junior
5109,14,7.980099667608078,0.0,5.305006257385013,86.3290274265839,9.705606150100627,Finance,Junior
5110,36,6.5047413870787265,0.3888888888888889,8.68305925648928,91.54391789860261,15.232634138896401,Marketing,Junior
5111,38,5.868319864290906,0.42105263157894735,8.894430595202795,70.75392433950839,12.582566191951445,Finance,Junior
5112,13,4.131737859315913,0.07692307692307693,7.423800692030844,76.29320018599523,12.487472010874914,Marketing,Junior
5113,21,2.2949649749302887,0.7619047619047619,6.924973821507346,90.27498644121187,3.2079244812389405,Marketing,Junior
5114,15,2.186341256210934,1.2666666666666666,7.965579889118999,87.25028089473255,-15.922626333475357,IT,Junior
5115,36,5.325087532692793,0.2222222222222222,6.313429409308822,73.77133515590977,19.0374252991297,Finance,Junior
5116,14,6.572196326234306,0.7857142857142857,6.973057736420426,89.60038315192428,-10.395744593512326,IT,Junior
5117,26,5.224275142663131,0.11538461538461539,8.664604107257606,61.64339137313405,14.018589527762087,Operations,Junior
5118,21,7.044710431634687,0.5714285714285714,8.822621700966135,87.37162060370466,-1.157953885385588,Finance,Junior
5119,8,2.20055919855933,0.375,8.70827646420474,67.23680508017952,2.5962426189172447,HR,Junior
5120,29,4.20051245855564,0.20689655172413793,6.049792267855361,70.01423177383255,16.79492488593109,HR,Junior
5121,25,3.4224223470450683,0.52,5.929876160867053,77.26251952584578,8.007659211079018,HR,Junior
5122,41,4.683637808942732,0.1951219512195122,6.190658023717257,75.74070753744908,24.527207353018984,Marketing,Junior
5123,42,2.434258359164735,0.0,6.76524444955384,78.21995374044583,35.975474029759695,HR,Junior
5124,5,7.724789849426435,0.0,6.256669651167854,79.06714584852084,3.3638494708512976,Operations,Junior
5125,29,3.3395324064161658,0.6551724137931034,6.496851182956232,71.60346918610239,5.386456610595042,Finance,Junior
5126,40,7.5338466529015085,0.075,7.482547808483038,66.13296295559604,19.908899285316192,Finance,Junior
5127,21,4.555358930220091,0.0,8.050102708375903,86.89684302505572,20.868650744570964,Marketing,Junior
5128,45,7.913144799531308,0.2,7.942232793071668,73.99916521804997,19.973543444547378,Marketing,Junior
5129,28,5.324350300761265,0.03571428571428571,8.257694268316609,77.70443018606707,20.620756864262315,Marketing,Junior
5130,6,7.584997185054845,2.3333333333333335,5.128737612861609,82.56438514228913,-65.05711734165187,Operations,Junior
5131,44,2.032093932165337,0.045454545454545456,5.190935158715025,91.83732728073295,39.33964122817955,Finance,Junior
5132,19,6.489432837085401,0.42105263157894735,8.157531842754517,84.7643490899077,2.7424251964423174,IT,Junior
5133,36,7.418303918615092,0.4444444444444444,7.1323152892985275,61.59107289566346,5.748273408569174,Marketing,Junior
5134,43,2.8383234018737244,0.27906976744186046,7.312562695048481,89.34961271893062,29.62118271678286,HR,Junior
5135,10,2.576755110392909,0.2,5.210347440857508,94.62742552946317,13.771974885106815,IT,Junior
5136,5,4.547435643115733,0.6,6.021255204685083,76.53697588799838,-8.78747610863179,IT,Junior
5137,27,7.60207343679761,0.1111111111111111,7.553417219541911,93.93566177591103,16.44965214825365,Marketing,Junior
5138,43,5.254319361142633,0.23255813953488372,8.436727560442705,79.15650598201023,24.14591828807027,HR,Junior
5139,21,5.164738782330393,0.2857142857142857,8.66793358872561,76.08655985551825,8.916405835014292,Marketing,Junior
5140,38,2.8467567097959314,0.2631578947368421,7.001677983340327,71.59916676546092,23.53158309139506,Marketing,Junior
5141,45,2.0047370665593127,0.2222222222222222,7.1818969309527905,83.01442065416686,32.92674333104808,HR,Junior
5142,33,6.860840544472767,0.2727272727272727,8.332198524275963,68.04371471837656,11.505243672911599,IT,Junior
5143,13,2.5254473779174296,0.3076923076923077,7.1504984029894185,63.67269764800415,6.2528755429967395,IT,Junior
5144,17,5.803098912411944,0.7058823529411765,7.067434102149269,60.953298590447496,-10.392008694969686,HR,Junior
5145,10,7.487698727091149,1.1,8.620336151043816,70.23330394503424,-27.92873666517545,IT,Junior
5146,10,3.251911478950586,0.9,8.15973088422352,73.85197912584634,-12.733427132731903,Operations,Junior
5147,24,5.991637017421465,0.25,8.636290105445179,79.32268436984367,10.781262839125803,Marketing,Junior
5148,7,2.4721914602450568,2.5714285714285716,5.872988219124615,70.24624388154523,-63.83799128703822,Operations,Junior
5149,21,5.622530863025678,0.8571428571428571,7.097501946621427,94.44208503348939,-5.4709304336391895,Operations,Junior
5150,16,2.9835903257192165,1.125,8.369888514373432,70.21108088844086,-16.074964473750256,Operations,Junior
5151,49,6.415721363091068,0.22448979591836735,5.444591309868436,75.4341385956243,24.920691115391705,Finance,Junior
5152,5,3.807387768763449,3.8,8.178648617175847,63.61466579361651,-105.89184237880359,Finance,Junior
5153,21,4.780346052827877,0.6666666666666666,5.731893533659478,69.12192796679764,-3.1363065122962226,Operations,Junior
5154,7,5.59658325216573,0.5714285714285714,8.232475019941285,61.69162489261469,-11.797698668665662,Marketing,Junior
5155,30,3.0276404639974377,0.43333333333333335,7.448003750227473,79.58280217030648,14.86127950606642,Operations,Junior
5156,19,6.449826911705726,0.5789473684210527,5.772943965939469,86.2872639096351,-1.6106220941160103,Operations,Junior
5157,40,3.8158420438208873,0.25,6.893416717331204,66.84984350176238,22.2382846127107,Finance,Junior
5158,36,5.9742311594765205,0.1111111111111111,7.727620665843086,72.87688282356248,20.893580912426124,Operations,Junior
5159,36,2.949698304196242,0.4166666666666667,7.53541160353417,60.58156793545062,15.31691697869764,Marketing,Junior
5160,8,6.128705955238102,2.125,6.7089887849268175,89.38327195027742,-53.330757520420725,Marketing,Junior
5161,22,2.76912843686277,0.5,8.597466115683709,87.29872337260844,10.121487800796146,Operations,Junior
5162,23,4.552138977619902,0.17391304347826086,7.077053657951377,62.213891080600234,11.921108956532416,Marketing,Junior
5163,47,3.483236442433261,0.3191489361702128,7.023469194114753,72.7703663262144,26.213132295269972,Operations,Junior
5164,39,6.490251496569096,0.28205128205128205,5.249002359765817,93.43503148473235,20.644964842269815,Finance,Junior
5165,44,3.5722100270412476,0.022727272727272728,8.68848155919055,73.7209469627642,33.31795115665216,Operations,Junior
5166,18,7.2903038383723775,0.2777777777777778,5.708466274713492,78.41730368534056,3.5695197269900216,IT,Junior
5167,37,7.350921268439677,0.08108108108108109,7.113378773746216,72.43350013536244,19.5524250577607,Finance,Junior
5168,18,3.1786478913367153,0.6666666666666666,8.21427040560124,80.86459858448916,0.6156239342244021,Marketing,Junior
5169,38,5.683075670046346,0.23684210526315788,5.861813107822574,94.23549064728877,23.175683631470328,Marketing,Junior
5170,8,2.526305850319786,2.0,7.109493159883364,94.9125876218419,-41.2700941762712,Finance,Junior
5171,28,4.349222597609775,0.4642857142857143,5.962739636893364,87.1150242303917,11.59598822228736,IT,Junior
5172,33,6.279930377007633,0.42424242424242425,8.038779991199647,74.15088843071537,9.34304420485508,Finance,Junior
5173,23,5.956539481099497,0.30434782608695654,7.257364671492603,77.30512702901459,8.217511660995227,HR,Junior
5174,10,5.748204016439647,1.7,8.423903441580574,72.48559648393069,-41.999288736093156,IT,Junior
5175,37,3.6952451819746615,0.05405405405405406,8.578232011509531,94.49511204665211,32.08691042375948,Finance,Junior
5176,44,4.268149696606412,0.36363636363636365,7.594933929781592,84.77161070388914,23.908931838474096,HR,Junior
5177,23,2.617676868201717,0.2608695652173913,7.901564984635778,75.7126005901729,15.881079425109405,Operations,Junior
5178,5,6.314136922601606,2.4,7.196880399547455,60.42403445383608,-69.543466954436,IT,Junior
5179,9,5.023332780747641,1.6666666666666667,6.537714932269532,78.21691950366919,-39.003281660761445,Operations,Junior
5180,31,6.252593794073928,0.12903225806451613,7.592471692083338,94.43748705955662,21.11134208182798,HR,Junior
5181,20,3.4936611487812366,0.15,8.633154493949316,78.30713181405682,16.17410406524889,Marketing,Junior
5182,10,3.9466293718103973,0.9,6.666721521725751,66.38493399211897,-15.616271945197,Marketing,Junior
5183,44,4.005292023560688,0.2727272727272727,6.257640105495181,60.77328114866712,22.362254000793868,Marketing,Junior
5184,17,2.154454458483297,0.5294117647058824,6.553747754210296,72.41463153434732,4.4916644487264,Operations,Junior
5185,39,4.0462872369837415,0.3333333333333333,6.741590520846398,92.13798194938124,23.735021915908767,IT,Junior
5186,23,6.819827441108201,0.4782608695652174,5.294244115910865,94.87939378615583,4.788397788058244,Operations,Junior
5187,16,7.383790974498432,0.0,6.993767361739978,93.08787911842009,13.449993874687154,Operations,Junior
5188,20,5.109309893815565,0.95,6.977256992200239,85.52969976389899,-9.612679834851331,Marketing,Junior
5189,47,4.733010171315321,0.40425531914893614,7.353775310562092,79.53499549542293,22.513319181985857,Operations,Junior
5190,14,2.1849477121962213,0.42857142857142855,6.4512801218853255,80.67401512337882,7.307764743140467,HR,Junior
5191,29,7.275226025512296,0.27586206896551724,7.4524303838223585,78.86472031821863,10.346629943653616,Finance,Junior
5192,24,2.0780612805552363,0.2916666666666667,8.512865241096812,84.74672567230459,18.443222573350447,Finance,Junior
5193,35,7.668500481261271,0.34285714285714286,8.821883961980657,74.66056293433734,10.30939733863064,Finance,Junior
5194,8,4.935297492128544,1.625,7.334448864564198,83.4221401734518,-37.13616694956673,Marketing,Junior
5195,48,4.05160696144836,0.22916666666666666,5.170363815881252,64.25642402350203,26.673070881803685,Marketing,Junior
5196,27,7.54531060905596,0.25925925925925924,8.876943989068437,69.29933572965193,7.191468150040688,Finance,Junior
5197,6,2.1463459586605804,2.8333333333333335,7.823448243585025,89.26010635830204,-67.84067064566077,IT,Junior
5198,26,5.488549369214523,0.5769230769230769,6.3438545942146085,91.6312125760187,5.641451469082389,Finance,Junior
5199,41,5.293595146996026,0.24390243902439024,5.588630803854894,78.8652883146105,22.46879419819834,Operations,Junior
5200,12,3.3159224072682925,1.25,5.5736744489451,61.10724660245263,-24.71039549404606,Finance,Junior
5201,11,4.573324588101263,1.1818181818181819,5.670977624558411,92.44407497771189,-19.512379635205594,Finance,Junior
5202,18,5.9135840356626215,0.1111111111111111,5.182290086455281,84.57224903095502,12.553948401532427,IT,Junior
5203,7,6.362787181291565,0.14285714285714285,8.608616754611646,74.49097733143763,2.086906817990112,Marketing,Junior
5204,20,2.0043011522394787,0.1,7.163072931309346,80.94326301198237,21.180050297917518,Marketing,Junior
5205,23,7.6211205805460915,0.13043478260869565,7.799837650855348,75.04211920544782,9.653139201736511,Operations,Junior
5206,22,2.9871522343568744,0.18181818181818182,8.31243403707323,76.28687293562179,17.028524663865156,Finance,Junior
5207,20,3.401482605334155,0.45,8.166164025332801,91.03834529807907,9.904703848947504,HR,Junior
5208,12,3.580840674163089,1.5833333333333333,8.530422494915367,65.6379486420989,-34.33409161990639,Operations,Junior
5209,37,2.2269208193122116,0.02702702702702703,8.869018490099808,63.62841974187829,29.661031498940424,Marketing,Junior
5210,16,2.7383127415419493,0.6875,6.756282458967759,60.095506057955554,-4.482524271492787,IT,Junior
5211,15,7.918099537664972,0.26666666666666666,8.801341866673562,70.99001314642443,-0.6381964460450575,Marketing,Junior
5212,9,3.8913004242637164,0.4444444444444444,7.893159793371265,65.15948182695496,-2.6840378164697736,Marketing,Junior
5213,31,2.6918065420342963,0.0,5.282672761232314,67.69949232983389,26.756285381898184,IT,Junior
5214,16,2.64194756704774,0.1875,7.727132484849381,60.393364393288195,10.769777744562159,Finance,Junior
5215,21,6.316759806019832,0.5238095238095238,7.7468666384193945,67.95183951406962,-2.157437423511455,Finance,Junior
5216,10,7.127411984195845,1.1,8.623442255170108,71.64490536763309,-26.92584289486507,Marketing,Junior
5217,37,3.5417137970508192,0.40540540540540543,6.491728529880368,61.10486237434585,15.17538271860537,Operations,Junior
5218,9,2.12545707401141,1.7777777777777777,7.339646001087271,81.27664435040018,-35.92891861127612,HR,Junior
5219,32,3.3385401106721346,0.28125,5.04875020404697,79.90801221093153,20.067022220842038,Operations,Junior
5220,18,2.3390941447805442,0.8888888888888888,6.328300968725344,63.39625224784738,-7.865604506658276,Operations,Junior
5221,9,2.620369619780249,1.7777777777777777,5.248974904635124,80.82534221314404,-37.00900413026502,Marketing,Junior
5222,37,4.589048719085854,0.4594594594594595,7.087491891059588,94.95288715131072,18.22869620830665,Marketing,Junior
5223,45,3.3795102251697955,0.022222222222222223,8.269790602027813,93.05641334840392,38.18559555267453,HR,Junior
5224,23,5.09567527115254,0.13043478260869565,5.825770768516276,60.09348476786822,11.714302933007694,HR,Junior
5225,26,3.520962519543142,0.6923076923076923,7.109764182231114,87.83824089656258,5.356492370995461,HR,Junior
5226,9,7.643223806617685,1.1111111111111112,5.816034546043069,72.376184668277,-28.744544012913302,Marketing,Junior
5227,6,7.435663807557587,2.6666666666666665,5.482753871384961,62.22779796171196,-78.82576802277279,Marketing,Junior
5228,34,5.400836630062797,0.3235294117647059,7.04398716773737,70.35941248006728,13.964326882946684,Operations,Junior
5229,43,4.126543951924317,0.023255813953488372,5.3165944837989105,71.26077807095368,31.101393291737452,Marketing,Junior
5230,8,4.286881292208413,0.625,7.349418524551957,78.31354837581699,-6.861052909253427,Finance,Junior
5231,37,4.471113698866982,0.21621621621621623,5.125349842706905,83.13793185440991,23.39887248666153,Finance,Junior
5232,17,6.365475932809664,0.23529411764705882,5.426859887473502,86.21694642729427,7.6536138904277635,HR,Junior
5233,24,4.709833973113027,0.7916666666666666,7.199989941949431,68.60660648971434,-5.048346648283189,Marketing,Junior
5234,11,7.140379679035385,0.7272727272727273,7.365629651595656,71.26196995869739,-15.24654718451311,Finance,Junior
5235,19,7.664568715582187,0.3684210526315789,5.115947720375033,70.79335974009074,-0.8230970620935949,Operations,Junior
5236,27,4.015676920273603,0.7037037037037037,7.293507152006233,72.69579038423068,1.5966931251878176,IT,Junior
5237,18,5.364166888254081,0.3888888888888889,8.354010101294548,94.98797081347186,7.402593719519544,Operations,Junior
5238,27,2.5703392209953866,0.18518518518518517,7.889264709175816,87.2280155989599,22.94936912224565,IT,Junior
5239,23,3.202814286598154,0.08695652173913043,5.524740415683194,94.1246662844044,23.610609031510656,Operations,Junior
5240,33,4.48079460026096,0.12121212121212122,7.36989859025446,84.258887084147,24.053824579943846,Finance,Junior
5241,24,3.237216295410673,0.3333333333333333,7.689010000296854,74.21947455765495,12.769462320709643,Marketing,Junior
5242,33,7.259362944732305,0.18181818181818182,5.148924807009167,73.64104642694411,14.554937941378759,IT,Junior
5243,28,2.9497175363545884,0.10714285714285714,8.421390674734491,77.10034007412658,23.106347227830426,Marketing,Junior
5244,22,4.733964929318551,0.2727272727272727,8.62506958915932,74.59044241775531,10.468340443095778,Marketing,Junior
5245,14,5.634195442759254,0.2857142857142857,8.401809093449035,88.9914186132461,6.358464265702141,Finance,Junior
5246,45,6.1511834489650665,0.2222222222222222,8.298525871956453,76.27507045593426,23.285980526590052,HR,Junior
5247,12,4.298416218359041,1.1666666666666667,7.979860793843573,70.3465026073796,-22.32753191524216,HR,Junior
5248,30,7.214594412348371,0.03333333333333333,7.5337281251278405,87.12010940438282,19.99483305617982,IT,Junior
5249,33,5.409914906467553,0.36363636363636365,7.714508019953008,89.90471432834882,16.052022143643747,Finance,Junior
5250,14,4.637046682685311,1.0714285714285714,8.225581173339933,74.7150134649158,-18.073947815244605,Marketing,Junior
5251,21,2.4034438043122197,0.2857142857142857,7.649993833445219,83.37330001669362,15.896343823285715,Operations,Junior
5252,6,4.78813681067099,1.1666666666666667,6.310907826728284,62.058158686090664,-28.56464188412384,Operations,Junior
5253,10,6.924415044894381,0.5,6.503844408645415,78.53126981900132,-7.142576125988498,IT,Junior
5254,9,5.6872461093278925,0.6666666666666666,8.588229873489169,61.574339821092785,-13.65962425443723,IT,Junior
5255,32,6.99297472237471,0.53125,5.068488343188648,61.02167941730638,1.480886438711856,IT,Junior
5256,45,4.964070023595834,0.4222222222222222,7.795282324977128,81.45236976829587,20.69566723980084,Finance,Junior
5257,9,2.710770230566891,0.6666666666666666,8.819110209700861,70.61673838382455,-5.89819278436887,Operations,Junior
5258,22,2.0818390750152864,0.09090909090909091,7.824912679831895,85.98880068594129,23.506809259884957,Finance,Junior
5259,30,3.819317280311547,0.13333333333333333,8.975647952927128,91.36288962214073,24.633943363805052,Finance,Junior
5260,24,6.187942828986754,0.0,7.750179622113324,64.87869108056228,14.999852558138945,Marketing,Junior
5261,45,6.741559423650163,0.3111111111111111,5.137452116867444,85.35829935026234,21.255207689418807,Finance,Junior
5262,31,3.7745170077219763,0.06451612903225806,8.308039526587695,78.00819994009201,24.71712210160671,Finance,Junior
5263,16,4.973923525299483,0.4375,6.138519647757276,63.92417375569446,-0.6880122994600733,Marketing,Junior
5264,11,4.5267134266044895,0.7272727272727273,6.784228902657764,82.80574122682536,-7.71046042602573,HR,Junior
5265,7,4.463136706108568,2.0,6.248367663628328,81.33133810872656,-48.46000579047181,Marketing,Junior
5266,14,3.3880922792009027,0.6428571428571429,6.074216424838718,78.04746535902738,-2.0524057723106175,IT,Junior
5267,38,2.81822663017675,0.02631578947368421,6.7256228146791415,92.42649215958804,34.859371487353584,HR,Junior
5268,29,3.1801313493872785,0.6551724137931034,6.515005793762695,78.23778936364057,7.032122760160453,Operations,Junior
5269,39,2.3319943229800764,0.10256410256410256,7.533354327370358,94.66802904075743,34.592694085268256,Finance,Junior
5270,20,3.188784450941462,0.9,8.252604803950042,77.82300848468388,-5.812967204946148,HR,Junior
5271,6,2.0552053857522767,2.0,6.188354612748963,64.05482134054786,-47.69944650339498,Operations,Junior
5272,28,5.76355040381587,0.35714285714285715,5.854884611288069,76.46649378762606,9.85191223560776,Marketing,Junior
5273,14,3.898252444326097,0.0,7.66758108348137,66.3815066894275,13.879796449233305,Marketing,Junior
5274,42,7.838868268561452,0.3333333333333333,7.681280263323126,80.89967198260996,15.702197859399089,IT,Junior
5275,26,3.1623023046577874,0.6538461538461539,8.604524957144687,84.25962613177605,6.511936001655018,IT,Junior
5276,30,4.074971421857564,0.5,5.063782745813244,76.39523475474829,10.12910410723453,HR,Junior
5277,47,4.147046951849199,0.1702127659574468,8.41216264846604,63.41960386891019,27.48344389136023,Finance,Junior
5278,43,2.0507089763747635,0.0,7.084008691793428,76.40244895042434,36.97907183733535,Marketing,Junior
5279,31,7.035247718236754,0.3225806451612903,7.485208356688395,62.85089751570401,7.422264711828584,HR,Junior
5280,33,2.1919667608659483,0.24242424242424243,5.365485762245659,83.8744084427287,24.91822089408657,HR,Junior
5281,42,7.641079008375448,0.23809523809523808,6.730459731488183,87.66288787027807,20.307562414447574,HR,Junior
5282,24,7.3524461065617235,0.5,5.909209628954095,93.68331145294636,3.431770077465824,IT,Junior
5283,31,5.213131496515781,0.03225806451612903,6.016900120330036,65.20807374949598,20.24760982138376,Marketing,Junior
5284,45,5.261573449467752,0.28888888888888886,7.016380458704109,78.63471174366565,23.53712878313096,IT,Junior
5285,24,5.922667537736938,0.20833333333333334,8.24982380161245,79.86380786373965,12.277426497274053,IT,Junior
5286,48,4.322300071609321,0.14583333333333334,7.9751237205794245,92.2866786823343,34.23773559324822,HR,Junior
5287,23,5.883333700387133,0.7391304347826086,7.363999836343815,81.954682420878,-3.7496439600769236,Operations,Junior
5288,24,2.2686103321309212,0.625,7.157672771013868,65.09283759758624,4.131346855255405,Operations,Junior
5289,39,2.3242857640983594,0.28205128205128205,6.70922417293796,75.27229633871163,25.344349278007144,Operations,Junior
5290,6,4.743382517717266,1.6666666666666667,8.890839894245545,82.91668849771877,-39.303427335890774,HR,Junior
5291,34,5.297733806636209,0.14705882352941177,7.240770216936934,84.50995512242541,22.29475870533031,Finance,Junior
5292,38,7.326905842014914,0.05263157894736842,6.015865593248888,90.20758995067007,24.608758937683135,Marketing,Junior
5293,26,2.6279638034473773,0.5,5.920363168160158,66.3177491945539,8.607622232016025,HR,Junior
5294,7,6.935887563163336,0.14285714285714285,7.445412123100567,93.30397513644245,4.703305615247533,HR,Junior
5295,10,3.2602840237524173,1.0,7.0913101092437145,62.06987942054573,-18.10659216339569,IT,Junior
5296,19,4.364501891060192,0.10526315789473684,5.030791211818851,94.43167470991156,18.399436423019825,Operations,Junior
5297,31,3.8996146089644776,0.5483870967741935,8.320261488783117,90.0218482503243,12.353527528910098,HR,Junior
5298,14,4.400931637192394,0.0,7.8164894169297385,83.10954739667599,16.22004620495041,Finance,Junior
5299,13,2.902972988435513,0.0,7.647317158712414,85.72484250925476,19.139022524979925,Marketing,Junior
5300,37,5.021420446421329,0.2972972972972973,5.275122630790635,62.54422020715788,15.747084229669998,Finance,Junior
5301,36,6.809855538988204,0.3888888888888889,6.448223400689965,61.451795201305835,8.603981295618091,HR,Junior
5302,10,4.649204062273382,0.4,8.741529042931145,63.561802879297794,-2.5860475486872048,HR,Junior
5303,45,4.943681455389195,0.1111111111111111,8.450356965365454,63.057593513244825,26.390822458537244,IT,Junior
5304,40,7.092605511687886,0.375,6.142171751478134,79.15834317143023,14.396457610910275,Finance,Junior
5305,6,6.236348687828185,1.8333333333333333,5.628235536396555,67.54053954891262,-50.36458946587385,IT,Junior
5306,33,4.942726451118708,0.3333333333333333,6.796351828674308,90.10719730223542,17.93598655820967,Finance,Junior
5307,8,3.546173889135078,0.25,6.4233215146706435,75.60120180738252,5.327892583206349,Operations,Junior
5308,5,7.3095604810698,0.2,7.728905506823964,84.34286667603962,-0.7505476269316773,Operations,Junior
5309,23,5.46212241014335,0.2608695652173913,8.865739240337279,82.8505582539556,11.61977987398268,Finance,Junior
5310,30,3.3268856606641606,0.03333333333333333,6.452005799930246,71.19485636253985,24.58519995117965,IT,Junior
5311,29,3.614718515828062,0.20689655172413793,5.248896690608968,68.51086507340051,17.665839431299837,Operations,Junior
5312,14,6.818798533617476,0.7142857142857143,8.590456033369541,71.98596998538223,-12.268974498729936,HR,Junior
5313,19,2.2648733725247325,0.5263157894736842,5.151798920959483,87.88304308474432,8.657388187688873,Marketing,Junior
5314,26,7.952553122172921,0.5,8.811063588613333,80.51968969468665,0.79883169459149,IT,Junior
5315,25,2.782110078288751,0.08,7.658317712036159,68.87385318817114,20.810550481056726,Finance,Junior
5316,26,6.776411152381624,0.5,8.766756833767797,88.62462550711506,4.7721027966597624,Marketing,Junior
5317,40,4.3686519006300975,0.25,5.798638746595913,61.916578513860735,20.146011901511955,Marketing,Junior
5318,38,4.953297099724801,0.07894736842105263,5.162799181015231,84.47141812466035,27.419268372850887,HR,Junior
5319,34,7.283903464787468,0.47058823529411764,6.952839913105967,75.36852820122589,6.788251651846712,IT,Junior
5320,29,4.47746713753528,0.5172413793103449,6.8024936582805005,85.59516351230609,10.046857048080312,Marketing,Junior
5321,49,5.224962522039407,0.04081632653061224,6.325969093019531,92.46114480851995,36.21781412170681,IT,Junior
5322,32,2.2957979744550197,0.28125,8.830625897554789,86.25119342814163,23.421142736718288,HR,Junior
5323,5,2.014084843204719,2.8,8.290334928645729,75.46878743589838,-69.93441219922977,Finance,Junior
5324,49,3.468799238010355,0.14285714285714285,7.646328085502374,65.28414885298582,31.23351700886217,Marketing,Junior
5325,8,6.083498557512604,2.125,5.6514331665513104,88.22228415319017,-53.47254028438718,Marketing,Junior
5326,11,2.7275893601548202,0.18181818181818182,7.937293632874098,76.124693442248,10.915214513594506,Marketing,Junior
5327,13,2.6825717528272968,0.46153846153846156,7.9080498187988955,62.635931320999546,1.1158889123914708,IT,Junior
5328,40,4.46576364821542,0.225,6.700272694464029,85.16693892219031,25.351860488007222,Marketing,Junior
5329,23,5.887022231649359,0.8260869565217391,8.699143638856054,70.21481880708063,-8.71368939753477,IT,Junior
5330,5,6.272431953487583,1.6,5.667911528916042,61.71108803268148,-45.20264630043887,Operations,Junior
5331,14,3.070704044590249,0.9285714285714286,6.069350249646657,91.59628552409272,-7.27929384150481,Operations,Junior
5332,40,2.477528884232255,0.325,5.252897357002535,76.90853822328685,24.67664987619286,IT,Junior
5333,13,7.642382203673265,0.7692307692307693,8.18180383271035,69.83363686105575,-16.594960112058452,Operations,Junior
5334,49,3.5639982953726106,0.0,7.4870375443815895,85.0735295259719,39.28670931444916,HR,Junior
5335,46,7.120078985652343,0.06521739130434782,6.259761222724999,91.00658321888973,29.604636933342825,HR,Junior
5336,36,7.180948702776909,0.1388888888888889,5.655254654377261,60.01074762618144,15.0735854530158,Operations,Junior
5337,36,6.635135550575267,0.1111111111111111,5.160591080114962,84.07482647647538,21.81136086081121,Finance,Junior
5338,10,3.0130016399154202,0.2,5.666982274503747,86.84540929064475,11.34307857829811,IT,Junior
5339,42,6.930808755525202,0.023809523809523808,6.813138585350632,67.34745995478225,24.093588765620332,Operations,Junior
5340,21,6.61550335544952,0.09523809523809523,5.988707876042424,77.13683409935611,11.939217251829326,IT,Junior
5341,14,5.580337940637302,0.5714285714285714,6.035928709727867,63.12500646212775,-7.278531731706195,Operations,Junior
5342,31,4.023212211013717,0.5806451612903226,8.502305466670858,86.13624588803717,10.361469916870318,HR,Junior
5343,39,3.5750516255992646,0.46153846153846156,7.0605506938444025,89.66096064971734,20.33593503259109,Finance,Junior
5344,25,2.731335272482154,0.64,7.917007892513658,63.78653300636312,3.0946360563083175,IT,Junior
5345,29,5.058542401405228,0.5862068965517241,5.142843796112572,88.57610887014921,7.411930074667662,Finance,Junior
5346,32,5.511565253059079,0.3125,6.460653422712115,87.00495596695868,16.202860687273578,HR,Junior
5347,19,4.156033943094723,0.5789473684210527,6.916677389581768,72.1419662129814,0.1479043037752561,Marketing,Junior
5348,8,4.852154406085211,0.25,5.745667420840739,84.16013354767541,4.4277178973646585,Marketing,Junior
5349,33,4.1810867442156,0.5151515151515151,5.480766165782155,60.00168433630091,7.98361792428353,IT,Junior
5350,13,5.846036343924208,0.38461538461538464,8.48121511399937,92.61291790630995,3.092049354952035,HR,Junior
5351,31,7.4075552467793795,0.1935483870967742,8.757726508399186,79.26341323579305,13.831120540696624,IT,Junior
5352,30,2.9835215722816693,0.0,5.31522679218163,81.71186024216998,28.37532890387066,IT,Junior
5353,23,4.28845285941874,0.21739130434782608,6.396074850169772,83.26307947386846,15.353971045501428,IT,Junior
5354,32,2.845211623705168,0.53125,8.833142512577895,79.64791560264284,13.501659873118232,Finance,Junior
5355,21,5.749662622446992,0.5714285714285714,5.33264693252986,89.98673606388121,1.9551648250251183,Operations,Junior
5356,47,6.373223056931574,0.3829787234042553,7.574565491514905,81.33956412530404,20.232105009069997,HR,Junior
5357,45,7.591476395584735,0.13333333333333333,8.888885483868023,91.77159969341653,26.171367147513838,Finance,Junior
5358,46,3.6732315575657895,0.391304347826087,8.912894674325498,80.38160677819032,24.590727805723873,Operations,Junior
5359,24,7.7012672351925815,0.3333333333333333,6.884893323614973,65.98928476931982,2.195322483478801,IT,Junior
5360,49,2.379576030924049,0.04081632653061224,5.650996431129522,91.9746894543756,41.81129603310866,Marketing,Mid
5361,44,5.618083180187529,0.25,5.808337259909756,83.85696244259219,24.43522612814338,Finance,Junior
5362,43,2.34279631605998,0.4418604651162791,8.558405580497578,84.47336480524447,24.75326637544056,HR,Junior
5363,27,7.362645126571669,0.6296296296296297,8.646732017318943,94.49186127000607,1.4841931119689846,HR,Junior
5364,36,5.178854342420324,0.19444444444444445,7.431518575494219,62.63187939733527,17.93533386129307,Operations,Junior
5365,37,6.016090104576777,0.21621621621621623,8.064705597879644,75.000741248331,18.681481554026156,Finance,Junior
5366,9,6.9894435554627155,1.3333333333333333,7.959725005881633,68.36833875453154,-34.90521936001913,IT,Junior
5367,47,2.9018637349038126,0.14893617021276595,7.647286391956428,82.064926264978,34.341172676804995,Operations,Junior
5368,38,2.231549371628803,0.23684210526315788,8.309107819487757,88.23840893118252,28.87931988508416,HR,Junior
5369,44,7.273286875477113,0.36363636363636365,7.741626492161284,93.82087481123445,19.708510302201752,Finance,Junior
5370,15,3.889599364753595,0.4,7.136009222989998,75.9108637434152,4.402974019175852,Marketing,Junior
5371,7,2.7738734475629916,2.2857142857142856,5.947825450352627,87.51763807249115,-52.41564785205632,IT,Junior
5372,37,4.810767422522519,0.4594594594594595,7.975552576474476,92.09680572141329,17.214042515453833,HR,Junior
5373,15,5.589836454176113,0.06666666666666667,6.893751471353098,83.91639013875596,12.603605119398965,Finance,Junior
5374,20,2.1858236205350607,0.1,6.179166736030037,68.495639335742,18.327480626078277,Marketing,Junior
5375,22,3.649373949542526,0.8181818181818182,8.207785102967101,81.2748952887727,-2.389223386785062,HR,Junior
5376,34,2.196799245661376,0.0,7.786854401412113,93.94832167360153,34.79606584339756,Marketing,Junior
5377,14,4.5220123351729935,0.6428571428571429,8.7493582524988,94.56438401015478,-1.0168621540293188,HR,Junior
5378,22,7.370600174397466,0.5909090909090909,5.661766560075511,82.48259383008724,-2.7719543100502086,Operations,Junior
5379,42,7.895914468961415,0.2857142857142857,7.596757138545973,91.04457152551961,19.04565679575252,Operations,Junior
5380,23,5.822285321021765,0.34782608695652173,5.976957872352704,67.0122277347011,5.123092296201039,Operations,Junior
5381,40,2.969826162707551,0.125,8.614331941206567,68.61275117332758,28.032897909250416,Finance,Junior
5382,17,7.435096339995835,0.29411764705882354,5.397997657026463,93.35106645097008,5.17649119843764,Operations,Junior
5383,7,5.097486939200363,2.5714285714285716,7.624647225779508,64.73323814231827,-70.19118339279423,Finance,Junior
5384,14,2.9224958726175085,0.6428571428571429,8.16434288611212,66.68872533327176,-3.3929609642949536,IT,Junior
5385,42,7.5303600167099685,0.047619047619047616,6.419671361458828,74.71920096920181,23.654548731848998,Operations,Junior
5386,5,6.544814304338618,3.4,8.816552317535237,80.63545007136726,-95.96253859440378,Finance,Junior
5387,31,6.39023163633891,0.5806451612903226,8.402922738344149,81.1336026638895,4.626902421390399,HR,Junior
5388,12,6.255084222766428,0.3333333333333333,6.1784731987396135,70.21916030329476,-1.2663363848739042,Finance,Junior
5389,46,3.2020389265786537,0.21739130434782608,5.030164370863995,92.22148642826218,33.11848030206035,Finance,Junior
5390,21,3.266040150245156,0.42857142857142855,6.186628704472243,92.0284967662752,11.616476195621873,HR,Junior
5391,13,6.1297579905635295,1.2307692307692308,6.12524188188297,73.72238185683304,-26.63811653283738,Finance,Junior
5392,10,3.3183365006623813,0.3,8.559858430003636,75.2002119300604,5.40336938468732,HR,Junior
5393,47,4.632030180818293,0.3617021276595745,8.86848471301899,84.58739908883692,25.002355626343565,Marketing,Junior
5394,29,6.692010953563648,0.5862068965517241,5.281759943881042,83.20485637396152,3.0707424711132827,Operations,Junior
5395,43,6.703715108587046,0.0,6.885179314133267,73.38039552363368,27.068648887552648,IT,Junior
5396,32,4.719570635155158,0.40625,7.193327994119183,74.49854880323512,12.47306849033671,Finance,Junior
5397,37,6.7531396296514705,0.1891891891891892,5.371646645318814,72.18136301975386,17.454317668972152,HR,Junior
5398,41,7.031730777188341,0.024390243902439025,6.50999083655009,68.23847524336577,23.4525261772233,Operations,Junior
5399,13,5.928654507705561,1.3846153846153846,6.268329669571802,76.03484270234489,-30.38880201340369,Finance,Junior
5400,22,3.370555113850521,0.6363636363636364,7.144225417308349,84.02519461658892,4.173019604707651,Operations,Junior
5401,25,3.644070682313285,0.04,7.644763598927752,85.96883468600025,23.70562557257348,Marketing,Junior
5402,6,3.889046932452412,0.5,7.813940441986267,87.26057768895869,-1.7259783271130864,Finance,Junior
5403,47,2.700824646403712,0.0,5.547020094453551,73.11562047085926,37.421474801364425,HR,Junior
5404,42,3.6389577222196707,0.42857142857142855,8.251790807778486,86.76225979997407,22.417393658412617,Marketing,Junior
5405,44,3.2571153458751927,0.20454545454545456,7.714168119163036,60.228071049215636,25.795019881729104,Finance,Junior
5406,40,4.731972498851613,0.0,8.556299666986877,76.69674782009088,29.87540456631495,Operations,Junior
5407,47,7.450625287233589,0.40425531914893614,6.797344237741736,87.78665400464418,18.728420651993567,Marketing,Junior
5408,41,2.6268819005237485,0.34146341463414637,8.575559050888767,82.05156522244737,25.512646804417585,HR,Junior
5409,19,6.321607543684373,0.15789473684210525,8.463096489424302,76.59220934540777,9.33838467644965,Finance,Junior
5410,32,6.123698026478767,0.1875,6.753637329437078,82.56247023122222,17.84009799328691,Operations,Junior
5411,22,2.574525191980146,0.2727272727272727,6.5245732611719145,91.74311011020323,18.217753456262173,Operations,Junior
5412,38,7.5354344294348,0.4473684210526316,8.731248059881027,79.82336302135727,10.272751113822908,Marketing,Junior
5413,26,5.410833212940918,0.46153846153846156,7.860658938153751,87.99251670110371,8.53068306818506,Finance,Junior
5414,15,4.182353126814105,0.6,8.712981385752302,94.32599538288191,1.5004928229481749,Operations,Junior
5415,17,6.53923150097184,0.4117647058823529,8.187899115583253,84.69488707264483,1.7075732361146994,Marketing,Junior
5416,8,3.5441927504098043,1.125,7.437189757165657,80.06640173611723,-20.02510515359616,IT,Junior
5417,26,6.1610590222779225,0.5,5.463411108015058,61.31200814938691,0.5402835853215375,Operations,Junior
5418,11,2.2382672454334833,1.1818181818181819,6.165922690316394,73.10672643891057,-18.709734657630307,Marketing,Junior
5419,47,7.036448225655632,0.40425531914893614,8.875369628393566,79.79049567302914,17.957543108826478,IT,Junior
5420,28,4.689025082127911,0.35714285714285715,6.277688394856818,87.90223000971113,14.288110123400692,Marketing,Junior
5421,8,5.82015748614765,0.625,5.373019479141483,75.33366763766517,-10.523581444762264,Operations,Junior
5422,32,3.3274269188401018,0.0,7.830213423677279,93.60203965176707,31.26555409267321,IT,Junior
5423,19,6.062442275950688,0.9473684210526315,7.936017018174737,69.51278134182863,-15.243380915114594,Marketing,Junior
5424,5,6.633441655359659,1.2,6.1418308811486035,86.05985183236108,-29.054912944247107,Finance,Junior
5425,7,4.839279121306392,2.4285714285714284,6.190687917385215,74.66609959794447,-63.40248118016673,IT,Junior
5426,18,5.706361544370766,0.1111111111111111,6.875571942035135,77.00959730980671,11.455863039886477,Marketing,Junior
5427,42,4.737955542934391,0.4523809523809524,5.087155799049022,88.08757118529041,19.77017457976073,Finance,Junior
5428,5,7.364548215547073,2.0,8.157292041444654,70.3675341578097,-57.655589599532206,IT,Junior
5429,42,4.987215083085915,0.09523809523809523,6.268355149096502,63.38842198083001,25.046111372851314,Marketing,Junior
5430,42,7.050852254172913,0.42857142857142855,8.41505240800791,78.20894546146995,13.882941726805308,Operations,Junior
5431,25,6.808112349621491,0.04,8.210521686400135,78.50781141313121,15.88533758338326,IT,Junior
5432,33,4.463028928090139,0.09090909090909091,7.645608132475132,87.90087202788808,25.726843822124614,IT,Junior
5433,9,3.3805069511448504,1.0,6.299499468397155,93.89117221812356,-12.58277945866499,Finance,Junior
5434,14,4.436492795358626,0.07142857142857142,7.06526624664468,61.93552402149219,9.771262070724044,Marketing,Junior
5435,32,6.957304254651321,0.21875,6.7793170303918355,80.70913158100882,14.864717806899122,Operations,Junior
5436,25,3.3657952149163544,0.0,6.355527544994697,83.844748561018,25.037359282370893,Finance,Junior
5437,11,5.146618075146496,0.45454545454545453,8.392545157212712,94.50304727619826,1.5710096685830237,IT,Junior
5438,7,6.8365804877644845,1.4285714285714286,6.934028298310661,92.9906574996919,-33.73217233273345,Finance,Junior
5439,49,4.120864850770273,0.1836734693877551,8.330892391188586,84.93577676491921,32.63522156981064,Finance,Junior
5440,24,5.853257822016184,0.5,5.420873896567297,78.26262939355631,3.346010234678893,Finance,Junior
5441,23,3.473789444292887,0.0,5.564099154401343,65.65333728047415,19.983088567509057,IT,Junior
5442,39,2.6556766722089593,0.02564102564102564,8.909281220451907,73.44617943215461,32.00865177278223,HR,Junior
5443,8,6.766305350557138,0.25,7.351073850424358,80.4792813770004,-0.13675442571419438,Finance,Junior
5444,9,2.593811740452241,0.8888888888888888,7.039078693996196,85.38201388085139,-9.377887371400867,HR,Junior
5445,5,3.6282883704775077,0.8,7.092624252576447,82.23898451176893,-11.808779838601229,Operations,Junior
5446,8,7.1306565319846404,1.125,5.861075096131439,84.99429806397094,-26.21245345117509,Operations,Junior
5447,16,4.078815722472003,0.5625,7.8748157980078926,75.02033765931643,-0.42856391308072084,Operations,Junior
5448,31,7.838272097084967,0.3548387096774194,5.3391224949190175,85.46695516998531,9.371685549504544,Marketing,Junior
5449,46,7.878406008643158,0.3695652173913043,7.293294852412092,65.03094396069017,13.762420253112586,IT,Junior
5450,27,3.60965612272134,0.0,7.283075186343606,65.69052091170897,22.118791936899115,HR,Junior
5451,29,2.2458693334993427,0.06896551724137931,8.656753696534043,65.6991251040312,23.979120836566175,Marketing,Junior
5452,25,6.2303797052322745,0.16,7.104731240419442,91.18027349625217,15.975295288785885,HR,Junior
5453,28,4.705919015890062,0.5714285714285714,5.548250783896718,62.66119221580221,2.7775432685231767,IT,Junior
5454,29,2.6045170637574575,0.2413793103448276,7.29101303699265,88.05279304567165,22.560145171274584,Finance,Junior
5455,49,6.245136913868257,0.32653061224489793,5.3653105774613294,68.1749814316358,20.74880409124371,Marketing,Junior
5456,36,2.187049454671527,0.2222222222222222,5.815175341199687,76.39504791733377,25.838244007457032,IT,Junior
5457,36,7.221180142953453,0.1388888888888889,5.1244343367496645,92.05848084129873,21.402669215686174,Marketing,Junior
5458,9,2.831915174679822,1.7777777777777777,7.053174329837994,80.50780303906274,-37.49560307488042,Operations,Junior
5459,40,2.7638712724803502,0.175,5.3381304611742895,67.35411901813255,26.69308125866581,Marketing,Junior
5460,46,3.054033787811507,0.13043478260869565,6.877577514125316,69.94315211115826,31.567519368347764,Finance,Junior
5461,46,7.761598150952399,0.13043478260869565,8.731780141296577,92.2156318363525,26.60688658710483,Finance,Junior
5462,43,6.159016161523076,0.32558139534883723,7.879045652077329,74.95003737884925,18.70453329225858,HR,Junior
5463,20,6.8082292127818205,0.3,5.309646696901172,80.54449190523763,5.492439955483887,Marketing,Junior
5464,37,4.385809914396518,0.1891891891891892,5.896839248835373,76.0976268818886,22.972229871909008,Operations,Junior
5465,25,4.017876365029734,0.32,7.694649679573737,73.24533308169573,12.01331388627968,Finance,Junior
5466,13,3.4069040406990196,1.0769230769230769,8.578807444096736,67.81476944263407,-17.758546500563533,HR,Junior
5467,10,4.883888169874454,0.1,5.1316743470558155,84.01670251696108,10.03556416364331,Operations,Junior
5468,49,5.310972401205011,0.12244897959183673,8.249804526882375,85.13847091952421,32.132279993739715,Operations,Junior
5469,39,5.7906490619165325,0.358974358974359,7.247255521353235,69.62097820625898,14.973666748187961,Operations,Junior
5470,43,3.542711023992167,0.3953488372093023,7.18436530118557,87.61537950691906,24.37718873712041,IT,Junior
5471,26,7.691924485417944,0.6538461538461539,8.831252731013432,89.90873201055878,-1.4174871841087473,Finance,Junior
5472,45,3.018550989242815,0.2,7.990578450387092,92.22362836838707,33.40762369519179,IT,Junior
5473,9,7.7939190485984735,1.8888888888888888,8.400475472224448,65.64243448714295,-53.72601786643503,IT,Junior
5474,46,2.089136735045023,0.0,6.415982278178667,70.63732892646432,37.549192315202816,Finance,Junior
5475,27,4.886754150901074,0.2222222222222222,7.217456163313639,90.11236716262934,17.782298464057053,Marketing,Junior
5476,21,4.000207028699377,0.09523809523809523,7.461622709711083,66.94890709897629,15.13222450525365,HR,Junior
5477,16,4.694740483581505,0.8125,6.286335761449861,60.12139607352234,-12.14020175245854,Finance,Junior
5478,27,5.4239874738847345,0.4074074074074074,7.280992499789598,90.47895585880721,11.225594001769753,HR,Junior
5479,20,4.613534948076254,0.65,5.946621517918855,71.42573046129793,-2.4419238038929194,Marketing,Junior
5480,7,4.489081101809569,0.42857142857142855,5.573502684272958,74.50741337986325,-2.7338223847893417,Finance,Junior
5481,34,6.3963404924798395,0.35294117647058826,6.4958810371093305,75.62169090022233,12.14342190096714,Operations,Junior
5482,26,6.115257650518788,0.5769230769230769,7.957158514985748,89.689611023353,3.9997145959407163,Finance,Junior
5483,13,6.999627692215087,1.1538461538461537,8.66474859229555,71.82622506077111,-26.449394987660565,Marketing,Junior
5484,33,3.4997538874369734,0.12121212121212122,6.83085620599293,91.22979600497686,27.41008778975779,IT,Junior
5485,41,5.657171058524382,0.4634146341463415,7.571294753101727,81.59286983168168,15.701792824897328,Finance,Junior
5486,27,5.511168712357123,0.18518518518518517,5.412148523900402,78.45503534117896,15.313114087965989,Operations,Junior
5487,17,4.2184268652361325,0.29411764705882354,8.617855034209315,71.39650774946118,7.218918407655265,Finance,Junior
5488,36,4.916345251416086,0.4722222222222222,7.274416854279737,68.5299093698415,11.306624704469462,IT,Junior
5489,27,3.882692859834372,0.18518518518518517,8.121352990500629,81.84204549720721,19.247467824217143,Finance,Junior
5490,49,2.851066385701911,0.12244897959183673,8.177764803685575,75.64129560198016,35.152656961237106,Operations,Junior
5491,21,3.282807263976397,0.7142857142857143,6.025922105472423,91.86806034762023,2.979426112999821,Marketing,Junior
5492,44,2.6330818784072063,0.18181818181818182,7.1166978127273985,77.20735506399174,31.120761801438483,Operations,Junior
5493,25,6.098417451140745,0.48,8.84191900624391,77.91282208454169,3.9857295146268505,Marketing,Junior
5494,6,5.964364358654909,1.8333333333333333,5.358538179283311,74.58531483976003,-48.41166574935781,Operations,Junior
5495,41,7.703638229479237,0.43902439024390244,7.732199592118254,87.62420489469497,13.546832812663444,HR,Junior
5496,10,6.378070481883448,0.0,8.849056312140688,74.86937193382447,8.217733422997998,Finance,Junior
5497,48,2.312275032536789,0.14583333333333334,6.202308432216089,69.42696999124142,33.6858439331747,Finance,Junior
5498,22,7.305471043573725,0.13636363636363635,8.445791685617392,90.17108060027284,12.53236494199803,IT,Junior
5499,34,7.176050977674355,0.5294117647058824,8.734630181633086,80.8889877477834,6.343342653031501,HR,Junior
5500,26,4.659921924636192,0.15384615384615385,7.9883448375793,80.70285769191506,17.80534307372601,IT,Junior
5501,37,5.515178303167529,0.43243243243243246,5.925313249227833,81.37877725073743,14.472425870839453,Finance,Junior
5502,34,7.856469994835113,0.058823529411764705,6.3360028753063755,85.15939118719834,19.954232365416498,IT,Junior
5503,21,5.193826183088998,0.8571428571428571,5.1432371776709225,70.95737962593984,-9.310462155275742,Marketing,Junior
5504,47,7.431930970256539,0.0,8.325812936981421,61.1845529791551,25.57304865531794,HR,Junior
5505,36,2.498232546861119,0.0,8.39844474604432,88.37076063069534,34.27768703241683,Operations,Junior
5506,46,3.146311212252097,0.41304347826086957,7.53084123986477,64.51167688585731,21.81840860484118,Marketing,Junior
5507,18,4.6445296606479065,0.4444444444444444,6.410111405055405,85.26369080236904,5.230345505844662,Operations,Junior
5508,14,5.508540850023828,0.2857142857142857,5.307244110559682,62.88103544005651,1.3876968165350743,IT,Junior
5509,40,6.897367111176801,0.15,8.012230439659637,73.13577447099722,20.332420671845842,Finance,Junior
5510,38,7.929572690859121,0.13157894736842105,7.906104774439692,62.20591244410384,15.434668686049896,Marketing,Junior
5511,13,4.333108978844699,1.2307692307692308,8.650410086955604,78.27747878697036,-22.13379912337225,HR,Junior
5512,46,2.2844938168405093,0.34782608695652173,7.922128084021448,82.85975204735513,29.168180167094352,Operations,Junior
5513,32,6.807029019771949,0.375,8.314779768976008,66.00015994123659,7.535973948703418,Marketing,Junior
5514,15,5.626284314496848,0.7333333333333333,7.983818471615998,73.00696664534408,-9.65117529992488,Finance,Junior
5515,18,3.19125715320921,0.16666666666666666,7.522748753249266,92.55838218650688,17.929162130882954,HR,Junior
5516,43,4.968970739728521,0.16279069767441862,6.707865576764037,75.48361909876098,26.075061410062595,HR,Junior
5517,23,6.4538614732023465,0.17391304347826086,8.60846923456911,88.08902491417948,13.292690732083376,Operations,Junior
5518,19,6.622470722411863,0.21052631578947367,7.603874287629879,92.45146607710731,10.329562296913528,Marketing,Junior
5519,32,4.997710471992572,0.375,6.593421287863636,94.10210387420503,16.77499983085586,Marketing,Junior
5520,28,3.8312871807731548,0.35714285714285715,5.3338771807278285,91.44127068919792,16.71139406200756,HR,Junior
5521,12,7.842455492230961,0.5833333333333334,6.162819423617528,71.10918652056392,-11.763073680349137,IT,Junior
5522,47,5.980175665738957,0.14893617021276595,7.174906939320659,93.69005101564176,30.509573765267454,HR,Junior
5523,13,4.4494251160777925,0.0,6.102541480064778,88.43383346111165,16.587916460066747,Finance,Junior
5524,37,3.6827793452279147,0.32432432432432434,5.8849413916716085,89.30114542738207,22.964940665290854,Marketing,Junior
5525,37,6.386617898021373,0.10810810810810811,7.109574056351389,60.53105444601422,18.289731849916855,Operations,Junior
5526,23,3.453100673562606,0.30434782608695654,5.679281383582938,93.39836021614028,16.443035913494146,Marketing,Junior
5527,7,3.030259933842129,2.2857142857142856,8.201640253300415,87.23315783470592,-52.985316872171644,HR,Junior
5528,14,5.179003333772422,0.8571428571428571,6.9374726053706315,86.8788623777765,-10.29651990627525,Finance,Junior
5529,44,3.739924355864851,0.18181818181818182,7.2954510958506,62.853365582500516,26.036278950224947,IT,Junior
5530,46,5.7734308695416905,0.021739130434782608,5.589533070389394,68.1398989375666,29.02894413538646,Marketing,Junior
5531,5,2.707632049245401,3.6,6.2983053425174695,93.67915827982647,-91.67943244252551,HR,Junior
5532,33,5.92964662740393,0.5757575757575758,6.640358733044612,77.52369761819168,6.172718996103203,HR,Junior
5533,38,3.6997791679862133,0.42105263157894735,8.232851322066011,73.92503063830397,17.553868844319947,HR,Junior
5534,17,2.0014576066070764,0.35294117647058826,8.08063809234461,89.39792860014198,13.488435212696597,Finance,Junior
5535,5,2.7616163460450585,0.4,5.8919098991507255,63.05691449398805,-1.9118497932925056,HR,Junior
5536,38,7.601692267010565,0.47368421052631576,7.4647163264280305,74.59297056948708,8.304683264086815,HR,Junior
5537,33,7.204127834692147,0.5454545454545454,5.97382543108799,73.14952710477293,3.658013387933929,HR,Junior
5538,17,3.4016541922174213,0.47058823529411764,8.952988622760982,72.24479854606375,3.728004265954379,Marketing,Junior
5539,33,6.670231427272947,0.2727272727272727,8.808495512523482,70.76922852785756,12.431564669207438,HR,Junior
5540,43,5.651429559043845,0.3023255813953488,7.253058882082482,67.35262348765274,18.89789813758239,Finance,Junior
5541,28,7.825428268699216,0.6071428571428571,7.795610287576572,66.05187810466828,-3.854766630750488,Marketing,Junior
5542,30,4.241633957204355,0.4666666666666667,8.20572152883458,82.41421409218859,11.999574904029007,HR,Junior
5543,21,6.088763675103028,0.0,7.883993680179616,92.17881944230375,18.858236538254694,IT,Junior
5544,11,2.3812143345435115,0.45454545454545453,7.799314764329683,77.80980758374585,3.7631692112985107,Finance,Junior
5545,17,4.377484080898435,0.8235294117647058,8.834216031798112,70.42910933213255,-9.175028648311534,IT,Junior
5546,9,7.782905967129083,0.5555555555555556,7.385824425229133,65.57060692027792,-13.71835721686925,Finance,Junior
5547,30,5.233885246700723,0.5666666666666667,7.545210687276223,89.0550177768408,8.343233061966714,IT,Junior
5548,7,3.7272770200090672,0.0,8.397075001752725,94.00222197656248,15.545890355294361,HR,Junior
5549,11,2.7216257787716414,0.18181818181818182,7.679563471433627,72.22043905137481,10.146290798186225,IT,Junior
5550,43,6.221170041089183,0.37209302325581395,7.93173048807009,70.18326489432451,16.23152219901212,IT,Junior
5551,5,5.869136260578361,3.0,5.93667474478657,81.05225335412294,-82.52782185033213,Finance,Junior
5552,21,4.243632281622648,0.3333333333333333,6.485067696460284,87.1365143333699,11.540038303428684,HR,Junior
5553,47,7.705648111195005,0.3404255319148936,5.589205382847572,75.93909812423826,17.76375744501083,Finance,Junior
5554,29,2.1332168779271017,0.2413793103448276,7.023061769339222,82.05256024513322,22.302698982827614,HR,Junior
5555,7,3.822343109790955,2.2857142857142856,6.822909602720985,85.07921738081521,-55.00027131484744,Operations,Junior
5556,19,7.526416917797489,0.42105263157894735,8.988651257117827,93.62073007496627,2.4397332320298553,Marketing,Junior
5557,33,3.9256126299166425,0.3333333333333333,7.44483461126217,65.77630656820293,15.104036053807302,Marketing,Junior
5558,47,3.5135170031310223,0.3829787234042553,8.145779292777693,94.90838728388793,28.66528174838788,Finance,Junior
5559,36,5.205322459587483,0.08333333333333333,6.3360586830306165,73.725482933443,23.434451667513635,HR,Junior
5560,30,6.942810499523228,0.3333333333333333,8.326181325371186,85.31200499542938,11.176780000039422,IT,Junior
5561,20,2.6188805652701665,0.15,7.460339865950734,80.0345032290549,18.269139515270652,Marketing,Junior
5562,29,7.658124257874417,0.4482758620689655,7.787969326393753,77.0334015953094,4.042155941244079,Finance,Junior
5563,32,6.770437287086985,0.40625,6.1777231117978175,84.43263790560553,10.358153006947138,Finance,Junior
5564,13,3.087501533309312,0.38461538461538464,7.194553566782309,73.85138475782583,4.856812346485004,Finance,Junior
5565,5,6.272047767188976,3.2,7.536147893654435,64.41384934678823,-92.66132566502031,HR,Junior
5566,33,4.309752335825343,0.030303030303030304,7.356378703266325,77.1112684092434,25.693658101107083,Finance,Junior
5567,26,4.413768068457912,0.2692307692307692,8.660774845698267,78.26705547388116,14.34895188093733,Operations,Junior
5568,20,6.699740554633198,0.15,8.593090657970214,67.06657536899787,7.513833964533179,IT,Junior
5569,45,7.776708847884393,0.2,8.883936231507482,92.746677471503,23.995917798531817,Finance,Junior
5570,48,2.7599352370831634,0.125,7.669712024027957,67.9616476326202,33.12245905235771,HR,Junior
5571,45,4.523781421272917,0.06666666666666667,8.887656520502738,74.32296579294342,30.817030316042853,IT,Junior
5572,11,4.885649648505821,1.3636363636363635,8.329912000127635,65.42253903956532,-30.995882398189487,IT,Junior
5573,18,4.257870901729985,0.7222222222222222,6.083328561359837,78.75288261654305,-3.631831946818032,Marketing,Junior
5574,33,4.17913474229735,0.45454545454545453,6.709742678205188,70.76731628350313,11.958830135742291,Finance,Junior
5575,23,2.3136120053695794,0.34782608695652173,5.953569768756039,77.12453819916294,14.162901020397777,Finance,Junior
5576,23,6.11323172337574,0.13043478260869565,5.016788643322261,67.86159207603707,11.232811490195065,HR,Junior
5577,6,4.6172865027202725,0.8333333333333334,5.752195012587634,61.88212947820505,-18.25814710979953,Operations,Junior
5578,45,3.168762815863561,0.0,5.016242345147503,87.27293278787894,38.11706092584867,Operations,Junior
5579,49,6.89620101381241,0.12244897959183673,7.87935384540196,82.43801993858804,28.421732572337685,Marketing,Junior
5580,19,6.8153644889097675,0.0,6.702137190884798,71.92587744988545,12.154446512157556,Operations,Junior
5581,7,4.918349768533362,2.5714285714285716,6.250298908311433,61.66229786388128,-70.44709710714761,HR,Junior
5582,15,3.7907039668865634,0.4666666666666667,8.046883564380751,90.29512719439923,5.4776175051067195,Marketing,Junior
5583,34,5.828556354778714,0.058823529411764705,8.32994709847858,65.94282517274878,20.166746442639386,Finance,Junior
5584,44,3.7289128146644184,0.0,8.90119815459952,92.57597763984998,37.45736989864116,Operations,Junior
5585,22,3.416047581942272,0.0,7.568054338700964,76.75083825085855,21.718072486287166,HR,Junior
5586,6,6.38308792415796,1.0,6.846115834160207,71.91353484679694,-24.783468878956526,HR,Junior
5587,36,2.241951438325704,0.3333333333333333,6.221057206429744,85.96158169118374,24.30841346158534,Finance,Junior
5588,12,2.5686108262075638,0.0,5.889272836856906,90.68937921263151,20.200654190111173,HR,Junior
5589,26,2.0407290441415387,0.5769230769230769,5.851703801930405,72.97497472759987,8.805844549544592,Marketing,Junior
5590,10,2.9176591188525567,1.3,6.636757498879195,74.25703132595655,-23.983911972513802,Marketing,Junior
5591,16,2.413940052262757,0.1875,8.96714542115172,75.16053767715191,14.179227430904868,IT,Junior
5592,44,7.974814206679511,0.25,5.003414789749613,92.28130715175342,21.406633016991663,Finance,Junior
5593,40,3.7328598197245375,0.275,5.788823588924004,84.23973970300165,25.132228301151258,HR,Junior
5594,19,2.895608076015484,0.8421052631578947,5.753571929614296,68.66761409659794,-5.920851227448221,Operations,Junior
5595,32,3.4459775479755077,0.4375,7.86847794212917,66.47498941256929,12.478042786562842,Marketing,Junior
5596,49,7.6167534292408074,0.1836734693877551,6.409938910392247,68.06286821986856,22.26886270385944,Finance,Junior
5597,22,5.120961338146374,0.09090909090909091,6.829043218367282,69.22473612149311,14.075751820733146,Finance,Junior
5598,6,4.188908577847141,3.1666666666666665,5.59449652187962,68.05642219669005,-86.16653271635629,Marketing,Junior
5599,17,7.240348747455316,1.1176470588235294,6.619988155507791,83.04772565173387,-21.200564129269743,IT,Junior
5600,49,4.369941623294195,0.22448979591836735,5.412799247623344,64.05767287301272,26.736957450463134,Finance,Junior
5601,19,4.0100514197461745,0.0,7.1321731515543325,73.55754713977862,18.09140658846338,HR,Junior
5602,24,3.243695135298413,0.0,5.391753461531424,81.87687505396283,24.28798474019574,Operations,Junior
5603,33,4.266780943456469,0.2727272727272727,8.162033524692625,70.18009908800258,17.120639748869397,Operations,Junior
5604,46,3.900106136101556,0.3695652173913043,7.266406870161958,62.28460346455803,21.169751898969366,Marketing,Junior
5605,33,6.063823755788846,0.42424242424242425,7.895871495094068,62.86383729960889,7.517847221071358,Finance,Junior
5606,7,3.7374962280243627,0.14285714285714285,6.674065546610736,64.40883717066401,5.321060692369794,Operations,Junior
5607,23,5.463198478535369,0.6956521739130435,6.52596517296891,89.25450587038543,-0.14506100038495617,Finance,Junior
5608,7,2.395352990191836,1.0,5.392835556195454,83.02522269617394,-13.985661441148885,Marketing,Junior
5609,18,3.1477349401790864,0.4444444444444444,7.0954224281712905,62.258284388417565,3.6228536639920073,IT,Junior
5610,44,4.444431629668093,0.4318181818181818,7.058008659428368,73.68741077029969,19.2940734401783,Operations,Junior
5611,8,7.621695523452173,1.25,6.872408177798421,69.75048104964729,-33.9932948369749,HR,Junior
5612,15,4.263511914294172,0.3333333333333333,7.962073458729797,80.231403907008,6.519256952813258,Marketing,Junior
5613,35,5.984444727199005,0.37142857142857144,8.330017600129418,78.29820823853098,13.547895050451043,IT,Junior
5614,47,3.5305233345283886,0.0,8.003158699794032,76.83934081794003,36.50682149453123,HR,Junior
5615,36,2.7622014558393904,0.16666666666666666,5.575462971227376,71.00793296304145,25.27718368092951,HR,Junior
5616,31,2.3512196004803005,0.25806451612903225,7.488238037128433,64.82299202153968,19.120223719476364,Operations,Junior
5617,34,3.8324809912565083,0.29411764705882354,5.321292422758134,85.98317340054233,21.108143285830742,Finance,Junior
5618,47,2.945966160781448,0.3191489361702128,7.778489149761906,90.7949869094929,30.892596975229303,Marketing,Junior
5619,6,3.044062688096745,3.0,6.527356386244507,93.0452818231486,-73.87906901156377,HR,Junior
5620,13,6.5645558503217005,0.07692307692307693,5.529995825065146,62.051663971475314,4.773528785959355,Operations,Junior
5621,32,2.0950284256692453,0.4375,8.448203427904511,85.8968049056109,19.064304129783693,IT,Junior
5622,35,5.3468607544126066,0.05714285714285714,7.45603335615575,85.42762107924369,25.67751699273781,HR,Junior
5623,38,4.276768283560789,0.07894736842105263,6.41889987179011,93.14883649509562,30.507809679265968,IT,Junior
5624,19,5.039299999451283,1.0,5.122908718601998,68.85201080742179,-14.90819783741821,Marketing,Junior
5625,29,5.376981423287617,0.20689655172413793,7.149241036014442,85.97626634033048,17.634393869766722,Operations,Junior
5626,40,3.880206166743669,0.275,8.69290351394493,61.91192010682696,20.371971687878055,IT,Junior
5627,12,3.7706531611057117,0.25,7.385519330809463,82.09360022665666,8.57741372311991,Finance,Junior
5628,13,6.400411096009434,0.6923076923076923,8.886602418477972,72.2796738418263,-11.31411819288438,IT,Junior
5629,41,7.227661928726943,0.12195121951219512,5.545804473081834,86.91183038416163,23.868505634012585,IT,Junior
5630,49,3.1554897947511673,0.2653061224489796,7.273220418379347,90.21565002523877,33.17296674207603,Operations,Junior
5631,43,2.585712563210894,0.046511627906976744,8.192500192025719,72.76873647761306,33.786973331891524,Operations,Junior
5632,36,7.386774838352156,0.4444444444444444,7.102162924502865,78.39551324447552,9.17221963885746,HR,Junior
5633,21,4.099372781884392,0.47619047619047616,5.36426542394989,64.109142182726,2.9373685870621333,IT,Junior
5634,39,5.307904343976885,0.23076923076923078,7.331544006188871,74.59174378282168,20.77946314553364,IT,Junior
5635,41,4.157258867120021,0.21951219512195122,7.446951623369887,72.62801376407093,24.225719164915606,Operations,Junior
5636,23,2.754814018076308,0.391304347826087,7.91483699390141,66.40932109245811,9.833105747556397,Finance,Junior
5637,48,5.535989869686368,0.041666666666666664,8.044846060661897,91.30675186683716,34.739370633994696,Operations,Junior
5638,33,5.150845110617778,0.42424242424242425,8.083090752842429,65.1830743314056,9.807651917772837,Finance,Junior
5639,11,3.2179613551471835,1.4545454545454546,7.653777574555864,82.25087751355656,-27.022110843946695,Operations,Junior
5640,32,4.711214267913667,0.53125,5.863244745674633,91.15499252179606,12.071069968531878,Marketing,Junior
5641,13,6.781685024093875,1.3846153846153846,6.616943023357917,91.9189002952129,-28.918051527606714,IT,Junior
5642,32,5.542556618647348,0.5625,8.104519890457595,87.7633894944199,8.792564661589285,Finance,Junior
5643,10,2.5815039624019693,1.1,8.813707933603252,66.16493968559618,-18.930019987684698,Marketing,Junior
5644,33,5.28812898337481,0.12121212121212122,5.315787859346488,88.61009932248544,23.309398261383834,Finance,Junior
5645,21,6.216429795737521,0.7142857142857143,7.142146711188779,69.67976843454686,-7.325477333137101,HR,Junior
5646,20,6.756220434684508,0.7,6.250089085297226,92.28393096013781,-4.055654677341455,HR,Junior
5647,27,5.774705471805601,0.5185185185185185,5.9015755772673195,84.81803384983473,6.05864027080019,IT,Junior
5648,35,2.915948987244702,0.14285714285714285,7.02324273407886,87.48436463531102,28.379260666858517,Marketing,Junior
5649,7,6.261039599540964,1.5714285714285714,7.4243573622261465,62.9761358725678,-42.869709167425505,Marketing,Junior
5650,25,6.064051076489099,0.04,5.039088925677925,80.39677897052405,17.751253641126613,HR,Junior
5651,30,2.1465612976437995,0.6333333333333333,8.120826288804764,88.73997444145378,12.45487229300316,IT,Junior
5652,40,4.470486005541459,0.2,8.27952852503779,90.15566234703748,27.090160458324576,HR,Junior
5653,46,3.99770148177424,0.06521739130434782,8.862043298271733,61.00210966567745,29.848497230456577,Marketing,Junior
5654,41,6.01647238552186,0.0975609756097561,5.72257493289878,92.87057313942918,28.214340588549433,Finance,Junior
5655,26,3.2968148738655243,0.2692307692307692,7.378210249443792,61.51685566558679,13.232818308463234,Marketing,Junior
5656,46,5.545231537845551,0.1956521739130435,6.706501493905578,81.50815378861975,26.941602464641544,IT,Junior
5657,16,7.479235770885034,0.375,6.339311406221403,84.26856346653592,0.24524115153711534,Marketing,Junior
5658,46,6.786814233251646,0.2826086956521739,7.262533805750019,63.75708519087684,18.299527702106857,Operations,Junior
5659,17,7.528746417299182,0.23529411764705882,8.1295323728942,61.68041529632174,0.4197666952542196,Marketing,Junior
5660,15,7.87103580159614,1.0,5.0922111337808404,87.47192540577552,-19.247686522037174,Operations,Junior
5661,20,2.064020762036977,0.7,8.877600450264747,73.46347186791019,1.564652849508084,HR,Junior
5662,12,5.736447658264865,0.3333333333333333,8.239526342822844,63.74893803602933,-1.5231077093238632,Operations,Junior
5663,44,4.477036386553438,0.045454545454545456,8.004614814582315,86.69337357356747,33.42096557797025,Marketing,Junior
5664,44,7.15912694201073,0.20454545454545456,8.041549528722014,89.72070745502671,23.889523970620246,Marketing,Junior
5665,49,3.51088821205479,0.08163265306122448,6.55624283847461,80.55851667655826,36.04094731936534,Marketing,Junior
5666,6,7.886176934690457,2.3333333333333335,8.006482203379255,65.6432882952126,-69.0436962103384,IT,Junior
5667,34,5.682247817262484,0.5,6.5470808344118305,60.53278650220218,6.142061665915467,HR,Junior
5668,34,6.761224413372986,0.20588235294117646,8.594827318299172,84.52808684556804,17.606697954132343,Operations,Junior
5669,16,2.51359731693661,0.0625,5.708889533225879,79.25488861888608,18.548783089904,Finance,Junior
5670,14,3.1007473085531903,0.5,6.1693896968606055,82.77789996020279,3.7540853749341796,Operations,Junior
5671,48,6.55042203820522,0.14583333333333334,7.205350170796304,88.46146345698585,29.01644861498673,Marketing,Junior
5672,15,2.1319191322359416,0.2,6.27684414354909,75.19797219475402,13.775756174478921,Finance,Junior
5673,19,6.901267915362697,0.9473684210526315,6.696948981181094,64.35804140917672,-17.951980180468993,Finance,Junior
5674,20,2.083694112151469,0.85,6.969690757594378,92.89941498867893,0.9124947734328472,Operations,Junior
5675,21,5.94271303436764,0.0,8.425413395254035,79.08417445364,16.53140882199272,Operations,Junior
5676,30,4.190563521390835,0.6333333333333333,7.092769014434771,81.53529416809891,6.9259317908381135,Operations,Junior
5677,6,5.6689691163151945,2.3333333333333335,6.449839394458242,92.66940003431128,-59.20405822576814,Operations,Junior
5678,16,6.176188441934682,1.0625,5.990944656140464,92.60542797085921,-16.106291289697516,HR,Junior
5679,30,4.054851315117825,0.36666666666666664,6.634703915168789,80.02331123548608,14.894959616861565,IT,Junior
5680,27,2.647774688665013,0.0,7.06294441765748,70.41639986524991,24.987730595719956,IT,Junior
5681,22,2.417875206489594,0.2727272727272727,7.984459428812945,94.89897719044588,19.162226843291805,Operations,Junior
5682,36,5.533616135375287,0.5,5.484195104689355,83.82859814837376,12.298487358924175,IT,Junior
5683,42,5.123932122404669,0.0,5.8864367529566035,74.29528369122198,29.81119249343506,Operations,Junior
5684,7,6.453206054726795,0.8571428571428571,6.518616063474693,79.59428809987564,-18.501840203764175,Operations,Junior
5685,42,5.058413060023623,0.023809523809523808,6.441593620478058,74.55419175938104,29.279726517543246,Operations,Junior
5686,7,4.534674740185275,0.8571428571428571,6.566992350420847,91.09068033038267,-12.365499128579724,HR,Junior
5687,34,4.388523069417385,0.5294117647058824,8.174085058561298,76.88747812030111,11.118096544048981,Marketing,Junior
5688,5,2.158681415586005,2.4,6.296617611848692,88.82349315934366,-55.55266419930327,IT,Junior
5689,34,4.013343210179943,0.11764705882352941,7.007592721610658,89.40617042380514,26.72513589969526,IT,Junior
5690,49,7.856120945146966,0.3673469387755102,7.495628131431586,88.8516318207337,20.4376763105875,HR,Junior
5691,36,7.241333457362533,0.0,5.9287142007344205,85.2766014366486,24.172653372604653,HR,Junior
5692,32,3.976268402205306,0.0,7.874781548590155,89.92072008826537,29.231607213242462,Operations,Junior
5693,25,5.526772430398233,0.68,7.1884452789531235,73.55303528680392,-1.7429378034356855,Operations,Junior
5694,17,7.083780473212964,0.0,6.787124652125512,64.01321221496862,8.835081496567796,Marketing,Junior
5695,31,4.647646020500412,0.12903225806451613,8.239136106953255,89.48589715303801,23.330919647671294,IT,Junior
5696,40,2.1077471825009058,0.2,5.973981036740728,77.43589454905708,29.271684544809606,HR,Junior
5697,11,2.4470627709118404,1.0,8.532703882457293,64.4581611384748,-15.40249331412872,Marketing,Junior
5698,26,5.06235632809224,0.3076923076923077,7.244194941466815,64.03593827637027,9.051705768320344,IT,Junior
5699,14,7.81663625405527,1.2142857142857142,7.436699517518633,65.57348379034624,-30.54714717861271,Marketing,Junior
5700,43,6.159257253313207,0.23255813953488372,8.500235856675772,86.2840640883487,23.761554124996813,Marketing,Junior
5701,19,2.4254971486314174,0.0,8.270330751397344,84.87998357131984,23.525002417001133,Operations,Junior
5702,19,3.1361652547511767,0.9473684210526315,7.406248275287601,67.13365380647092,-9.866652379787116,Marketing,Junior
5703,8,6.6279388593011,1.125,8.012750815392696,89.64231963384283,-24.277413791833627,Operations,Junior
5704,36,7.048638559737468,0.027777777777777776,6.733277960931588,69.84531784348857,20.638453115889444,IT,Junior
5705,27,5.706167517131545,0.2222222222222222,7.189511013998985,87.75449541602316,15.671897382274876,IT,Junior
5706,10,5.8665390177789,1.9,5.248280546834044,77.10820677072297,-47.3114366814132,Operations,Junior
5707,28,2.170024702300308,0.03571428571428571,5.359431672000188,85.60420388884981,28.509362801740778,Finance,Junior
5708,24,6.971181557489051,0.75,8.317701616745328,73.3485682075748,-7.372649473463142,Marketing,Junior
5709,41,6.729651249024978,0.12195121951219512,5.238686622729986,72.14992089831716,21.91214509624762,IT,Junior
5710,24,3.554210864620083,0.375,5.677596502530429,89.44758596357663,13.93109546347516,Marketing,Junior
5711,16,6.252060319793042,0.5,8.183330635801767,61.23557890799244,-5.6570048579875944,Finance,Junior
5712,37,3.2891276385499886,0.1891891891891892,5.004583802513025,94.11579315401275,28.769227678026894,Marketing,Junior
5713,32,2.241980966309078,0.3125,6.129617315383458,82.68628453928807,21.878294975239456,Finance,Junior
5714,12,3.2068192555422637,0.6666666666666666,7.336154631306487,75.13691858698047,-4.186254793688434,HR,Junior
5715,5,3.071773260525797,3.8,7.381799725877187,81.98190859026488,-100.74716480299861,Finance,Junior
5716,41,4.026487980409083,0.4634146341463415,8.108611632917894,64.2959331260644,15.503771640004468,IT,Junior
5717,26,4.510696983052749,0.3076923076923077,7.023705017968682,77.99183593527417,12.946203990180104,Operations,Junior
5718,10,5.051233348986248,0.7,7.037607478123881,94.47834331689292,-6.206798034593913,Operations,Junior
5719,25,4.860523253049969,0.56,7.901242302162801,68.23443032463474,2.1258395588270105,Marketing,Junior
5720,36,3.624047635791736,0.027777777777777776,6.994497853065134,85.27973346627223,30.57451808833764,HR,Junior
5721,39,2.175024011444447,0.0,7.433964346254467,75.22399815410952,34.09475160793301,Marketing,Junior
5722,19,5.630609733422904,0.42105263157894735,8.591096273020204,82.83603519707837,4.074408625201444,Finance,Junior
5723,9,4.374468979084126,0.8888888888888888,6.605804030449487,67.17105300421214,-16.581394023992488,Operations,Junior
5724,10,3.7920329443252982,1.2,6.540500283676889,76.46627439161608,-22.29081101032738,Finance,Junior
5725,29,7.201646256983074,0.2413793103448276,5.014195967459085,94.30324498507463,14.615977172703948,Operations,Junior
5726,44,6.480459846788959,0.09090909090909091,7.453705046084927,66.83505028556033,24.07881763626142,Operations,Junior
5727,33,7.146593290234653,0.06060606060606061,5.1190876296285275,82.2755759747065,20.143746796290177,Operations,Junior
5728,11,4.969896768274766,0.2727272727272727,7.0165939589132655,80.14592120683784,4.5075725229998564,IT,Junior
5729,44,2.7855875127606646,0.36363636363636365,8.216935156128907,79.77680552016412,25.875095169420582,Finance,Junior
5730,17,6.1773286167276344,0.8823529411764706,7.199684282078652,81.5293151378066,-12.319382441188061,Marketing,Junior
5731,42,3.2364426796230514,0.35714285714285715,6.078544660866704,77.57832907908798,23.52849474228578,HR,Junior
5732,22,4.6473780145503,0.8636363636363636,8.144673685797486,60.59257625901803,-9.885331686387904,Marketing,Junior
5733,6,2.390004733693331,0.3333333333333333,6.078868016330155,91.50338840120912,7.120668212855163,Finance,Junior
5734,12,6.951850414537894,0.4166666666666667,7.932127123783594,88.94425896194107,-1.4148490366875741,HR,Junior
5735,15,2.7556438462850035,0.0,7.441033820760925,66.09586883223925,16.707886073877845,Marketing,Junior
5736,37,7.418585042295858,0.40540540540540543,5.679985186992004,74.46456120826042,10.093579994898205,HR,Junior
5737,42,7.185383613569343,0.3333333333333333,8.620535499376743,86.96921432427487,18.22307563771629,Finance,Junior
5738,31,4.787496586635476,0.1935483870967742,5.802574731828782,94.30218103855495,22.07899142153681,Operations,Junior
5739,24,6.466209225823944,0.041666666666666664,8.95834829656268,93.28979662546251,18.875540873444614,Finance,Junior
5740,16,5.71667044290892,0.5625,5.0292419546197635,91.4775719886661,-0.41282648808461886,IT,Junior
5741,47,6.818453854026469,0.2978723404255319,6.053933508571612,65.5430864054699,18.735539360275084,HR,Junior
5742,35,4.590830604715473,0.14285714285714285,5.799441189096795,92.00662871031517,25.933950246917803,Finance,Junior
5743,31,6.7148509054661005,0.03225806451612903,5.0559736406818505,90.74557195328778,22.35167064424148,Operations,Junior
5744,36,4.774740902390888,0.4444444444444444,7.929471600589262,73.19324689082363,13.355834240049617,Operations,Junior
5745,14,7.645794727056763,0.0,7.773703208398385,73.80829080876917,7.870068707640311,Finance,Junior
5746,7,4.9182326049508855,0.0,8.169403857419722,76.09681226843063,9.582897243784355,Marketing,Junior
5747,49,4.775715631602377,0.061224489795918366,6.026794185858261,82.9661470838246,34.60506345968261,Finance,Junior
5748,31,6.710431169381076,0.6129032258064516,6.777340668331879,69.12924655940554,0.6178901989254069,Operations,Junior
5749,39,6.929466150565028,0.38461538461538464,7.636454086486189,60.803195030398065,10.163245166488018,Finance,Junior
5750,35,5.326934685927025,0.2,6.759074015552574,64.94303336090348,17.334737300326648,IT,Junior
5751,19,3.078786880970452,0.0,7.7893030812716635,75.40405676518708,20.323237591096515,Marketing,Junior
5752,20,4.806549385745477,0.9,7.535893633761768,69.87008992991707,-10.639080785507538,Finance,Junior
5753,17,7.80843501745807,0.5882352941176471,5.458591212088706,86.75807963626461,-5.712312931192631,Operations,Junior
5754,39,6.517917158235111,0.41025641025641024,8.124172484307872,63.7341524692245,10.80330386968237,Finance,Junior
5755,15,6.866975623274794,0.6,7.882705436370073,92.11128289441814,-4.311694667665957,Finance,Junior
5756,25,2.196952992915441,0.44,7.623337550469621,91.33645129803689,15.673384273776497,HR,Junior
5757,15,4.807156775804959,0.5333333333333333,5.620374425084009,91.80648859266509,1.7469841669231023,Finance,Junior
5758,34,5.879726801945332,0.17647058823529413,6.071985795181455,85.88634995111643,20.523698739273797,IT,Junior
5759,39,6.980196101768448,0.28205128205128205,6.572708126350402,63.744999001925976,13.727069135309836,Operations,Junior
5760,26,2.295641921496629,0.5384615384615384,6.119718486625773,75.33481499793484,9.921833002747558,HR,Junior
5761,42,7.114633313851239,0.16666666666666666,5.911241162704526,64.59918801319122,18.89057097493577,Finance,Junior
5762,35,5.2904056204514704,0.45714285714285713,8.221430680647103,94.5694717466379,15.618797394138927,Marketing,Junior
5763,18,3.18388382345636,0.2222222222222222,7.5529289854408095,71.65634481895357,12.096834650211328,IT,Junior
5764,28,3.9035312986982,0.4642857142857143,7.261888526201002,80.48656896615218,11.161679767262608,IT,Junior
5765,36,3.6915773105093646,0.027777777777777776,5.903810843413016,87.27875689854775,30.839263425357487,IT,Junior
5766,40,5.185154205730855,0.375,8.672306249074566,92.22156294789758,20.824004178117807,HR,Junior
5767,36,2.310114079466791,0.4444444444444444,5.764732156389265,86.4441704044476,20.935272588622606,Finance,Junior
5768,19,2.951216950999541,0.10526315789473684,8.179803731298708,83.60763225681832,19.06119781252248,IT,Junior
5769,47,6.8761582602546945,0.0,8.866690666821173,76.3093623713353,29.709555953757672,Finance,Junior
5770,39,2.7956239444808664,0.4358974358974359,7.908370916896944,81.18900468126834,20.96962997036886,Marketing,Junior
5771,7,3.400377616748762,2.4285714285714284,8.97143510073852,63.29573330984904,-62.79875142867056,Finance,Junior
5772,20,4.7202236336249435,0.15,7.604204467911787,90.9372889686442,16.247010526478952,Finance,Junior
5773,9,5.102725328679982,1.5555555555555556,5.86984137441558,79.03220580939599,-35.66567616214743,Finance,Junior
5774,25,6.581662877684952,0.72,5.815277974866046,61.404726765222996,-7.482380402325301,Operations,Junior
5775,14,4.683994559997126,1.2857142857142858,6.298257137021905,92.1965743980964,-21.100102811803545,HR,Junior
5776,23,6.739187726213233,0.391304347826087,5.028520080884024,77.1255690842904,4.007607929649005,Finance,Junior
5777,29,5.710077842272745,0.13793103448275862,7.726793880331338,90.40061995463506,19.922037271898766,IT,Junior
5778,8,2.6785984365429347,2.25,6.07467113851131,89.9910783971875,-50.05898119364837,Operations,Junior
5779,33,2.9379886303570313,0.30303030303030304,8.260732929171011,88.55130556099903,22.543374760576654,Finance,Junior
5780,23,4.622202352698625,0.2608695652173913,6.436690602237201,62.149105675337466,9.159329473148503,Operations,Junior
5781,47,4.381336358534238,0.0851063829787234,6.919825973853251,68.64733258984731,30.613602311539285,HR,Junior
5782,6,6.461265617823767,3.1666666666666665,8.862755666241476,90.64417553629008,-86.19369612838953,Operations,Junior
5783,14,5.484422838784111,0.7857142857142857,5.968688492189108,91.46468696182328,-7.847336856632133,IT,Junior
5784,47,4.328798486013496,0.3829787234042553,7.885016389718958,76.03241018290821,23.25952336242699,Finance,Junior
5785,29,3.024561700702314,0.4827586206896552,8.02047115722167,75.40145136789708,11.94840825148513,IT,Junior
5786,24,3.361022613952971,0.4583333333333333,5.883992630094541,66.12992218601524,7.153939209297104,Marketing,Junior
5787,23,5.4530061108143535,0.13043478260869565,7.003987346448783,93.8943776041903,17.759819820948483,Operations,Junior
5788,27,4.540632829398755,0.4074074074074074,6.400807701251873,67.45984663756651,8.388481446493572,Operations,Junior
5789,28,5.089565053164033,0.6071428571428571,8.087624973600356,66.6827874522768,1.7431416698415845,Operations,Junior
5790,15,3.024064611813402,1.0666666666666667,7.489933276116149,83.1255139552211,-12.423026432582581,HR,Junior
5791,38,5.977437514067395,0.47368421052631576,6.903932219442188,68.49955060501567,10.334508777078874,IT,Junior
5792,32,7.115232445135803,0.46875,8.117453060190872,92.85700638550364,9.478436386829124,Marketing,Junior
5793,9,3.5476370407214035,1.1111111111111112,5.9406222800336685,60.38174483612282,-22.952258447551582,HR,Junior
5794,9,4.9490853549909595,0.1111111111111111,8.014487522337436,60.20136418131555,4.208768792947858,HR,Junior
5795,25,7.853163974125411,0.6,8.461497248371298,77.67068805024599,-3.1721903382016254,Finance,Junior
5796,16,3.999450443304366,0.0,8.51448638723029,77.08218609697153,17.017536332785575,Marketing,Junior
5797,8,5.570278069542567,2.0,8.134694372078416,65.71774076653186,-53.19700798577877,Operations,Junior
5798,46,2.541174201201466,0.3695652173913043,6.632056667993075,77.30818470395995,26.892332016649927,Operations,Junior
5799,24,5.636090014876659,0.5,8.927232090871307,74.40813868094952,3.0094477064365854,Finance,Junior
5800,42,2.5377906398277075,0.09523809523809523,6.5183745752897595,91.16153338698291,35.49958254059831,Operations,Junior
5801,29,7.7554126119429325,0.1724137931034483,7.554501596409702,60.32388720759372,8.78153842452943,IT,Junior
5802,18,6.293975912433869,0.0,5.644296712277875,94.16944317615332,17.045936810362925,Operations,Junior
5803,15,6.728958728814239,0.6,8.921795594545571,81.85374675035449,-6.087168107557577,IT,Junior
5804,36,6.2246261646298215,0.1111111111111111,7.8159436874586525,65.31452059758465,18.880318456923952,Finance,Junior
5805,15,5.538374216458795,0.0,8.013510180985474,61.636600483390815,10.250571663760574,Finance,Junior
5806,22,4.699476686513032,0.45454545454545453,5.263106813644578,78.83369804957312,5.931422600524922,IT,Junior
5807,31,7.150240278566375,0.1935483870967742,8.053671256882687,68.22115580901371,12.137298991766766,Operations,Junior
5808,22,7.7410140052583785,0.7727272727272727,8.098893716882404,70.54079379504407,-11.355687433326123,Finance,Junior
5809,27,4.994217037424487,0.7037037037037037,7.687090905448919,68.57962576920798,-1.1836200321184904,Finance,Junior
5810,15,7.589210294931572,0.6,6.1676384551613745,82.75603097503787,-7.627214394855567,IT,Junior
5811,25,5.499997459931105,0.56,6.958760168643526,79.37351367406467,3.074707814950724,Finance,Junior
5812,48,5.230305121378599,0.0625,5.4417374852348654,62.729104823263405,29.010210721895483,Operations,Junior
5813,9,4.7268963977321405,1.6666666666666667,6.88634826583661,78.42842866113114,-38.36810706323806,Finance,Junior
5814,27,3.255726569180719,0.5185185185185185,5.975295410401619,87.6916417947155,11.671319665026108,IT,Junior
5815,45,2.022317964908355,0.3111111111111111,6.396387945976328,62.841810678711354,26.190392872592227,Operations,Junior
5816,29,3.4490373611363676,0.3793103448275862,5.650401633614795,91.1408641680647,17.350787766512617,Marketing,Junior
5817,45,5.058339029621391,0.15555555555555556,5.920217470987588,80.24073273067052,28.264801820224655,IT,Junior
5818,14,4.279759713558516,0.5,5.3062745672804645,93.27185642446108,3.4948518577751866,Marketing,Junior
5819,26,4.6909113680158026,0.6538461538461539,8.679605465747684,65.18494262028315,-0.3602188273595903,Finance,Junior
5820,23,7.883889317384297,0.21739130434782608,7.121642751901613,94.77477497736604,10.465437230269831,Operations,Junior
5821,5,4.101634224015966,0.8,6.586967885050958,82.54955030893869,-12.693358386244192,Finance,Junior
5822,11,4.713097636160647,0.09090909090909091,7.140116851075136,79.8622969818372,10.418991396773418,Operations,Junior
5823,8,2.8010933081169176,1.375,7.51317291392621,78.03478684392299,-26.44522924744924,HR,Junior
5824,5,2.2877463946219256,0.6,8.687515173477397,60.827903058440945,-7.409912177555663,Finance,Junior
5825,19,6.652457087554968,0.631578947368421,5.714771809145253,92.88737170423524,-2.27480825531552,Finance,Junior
5826,44,5.424099050431872,0.36363636363636365,6.18220999454087,82.53980654989694,21.150672300024734,Finance,Junior
5827,16,6.56422883626337,0.9375,8.903157345376458,63.20692695747519,-19.0120722810317,IT,Junior
5828,26,2.8991767933193096,0.3076923076923077,6.484771946594098,60.73332596030837,12.717542374653824,Operations,Junior
5829,26,5.430972627096145,0.0,5.0902466030293105,61.777427373286294,17.093540220464966,Operations,Junior
5830,21,3.521854846048253,0.6666666666666666,5.590573970548635,81.32885172012843,1.8220606519291795,Operations,Junior
5831,33,3.3683709014001195,0.3333333333333333,5.1053548069942085,81.49053952131048,19.361366101461858,IT,Junior
5832,18,2.0691560843179113,0.2222222222222222,8.959692569682915,77.48835521235044,15.492692207167599,Operations,Junior
5833,24,2.7820443414144314,0.7083333333333334,6.115483395964892,70.73680372285331,1.733272061741797,Finance,Junior
5834,37,3.855608668998172,0.5135135135135135,8.694171027744904,78.61099560651245,14.805576377900739,Marketing,Junior
5835,47,2.7012725635456345,0.02127659574468085,8.983545103038864,78.07056373066902,37.77326974670211,HR,Junior
5836,19,7.915150642465625,0.15789473684210525,7.3993648845724564,60.67954459567979,2.9687655289415513,Operations,Junior
5837,16,3.851795891143704,0.875,5.1327852602622475,69.88642306146244,-10.376307169994918,IT,Junior
5838,44,2.7819436802139688,0.11363636363636363,5.326366521547708,61.86148695135023,29.7993191207512,IT,Junior
5839,24,3.1944938769677464,0.4583333333333333,6.9263562204315114,91.50541630066795,12.562095506198098,Operations,Junior
5840,34,5.526219370048858,0.5,6.624688051645943,85.38281069747974,11.42412339939823,Marketing,Junior
5841,42,2.384261143188731,0.4523809523809524,7.424709223127071,94.86403095675193,25.83285533354435,Operations,Junior
5842,7,7.174604780846941,0.42857142857142855,6.755391238845456,70.57599421568507,-8.891153575699722,IT,Junior
5843,32,7.768998075422884,0.0,8.736307397085938,90.74700467149187,21.811404783452605,HR,Junior
5844,30,3.480484524004285,0.4666666666666667,7.138958861654045,81.10689937763686,13.260410827518802,Marketing,Junior
5845,34,4.700571611545156,0.5,7.774904245849768,75.85938924162618,11.170734625234923,Operations,Junior
5846,17,2.132806706176982,0.7647058823529411,8.585941090569985,67.79005889510223,-3.44877810392175,HR,Junior
5847,17,5.844261348363329,0.11764705882352941,5.587487503332829,85.843725785015,12.150810695570458,Operations,Junior
5848,6,4.483556348315533,2.3333333333333335,5.918938616474114,91.6449262116505,-57.03812745430096,Marketing,Junior
5849,41,3.6203507966093342,0.0975609756097561,5.42927464189606,68.23579393263797,28.079627925016243,IT,Junior
5850,42,3.241022663699651,0.047619047619047616,5.55855359691965,66.13866172407644,30.51711558884456,Marketing,Junior
5851,6,5.924138465952563,1.0,7.0503358677369325,84.36776702517034,-21.374723526871055,Finance,Junior
5852,40,4.497302186193886,0.125,6.284717035869856,94.19406069539318,30.094207766690865,Operations,Junior
5853,30,3.077955734179472,0.0,6.6926913581070195,86.24842853864273,29.0937742393696,HR,Junior
5854,15,6.134654488920944,1.2,8.929959327176247,69.96032586666772,-25.277243804508345,HR,Junior
5855,12,5.390433698220162,0.5,5.626817391183792,74.6984398451725,-3.641179427405824,Marketing,Junior
5856,48,7.152032329576977,0.0625,7.163248283192303,73.45111724104301,27.311158789054645,Marketing,Junior
5857,44,2.704855393258957,0.25,5.395484620214604,89.82332563164658,31.4549543398114,Marketing,Junior
5858,47,6.713999611666737,0.40425531914893614,6.273985253055514,86.99797726052783,20.043936654304005,HR,Junior
5859,26,6.041100720903554,0.6538461538461539,7.110103694698394,80.6141402166532,0.025241986138912154,IT,Junior
5860,24,2.690065620968587,0.3333333333333333,8.78652698386135,69.62356886389162,12.94458253084115,HR,Junior
5861,12,6.168924379230324,1.5,6.564912885133932,92.82959847027197,-31.571929064406252,IT,Junior
5862,33,4.649283733278983,0.09090909090909091,5.259626784858679,82.86603286692014,24.347366379553335,Marketing,Junior
5863,44,7.669908713335058,0.0,6.552645791841268,93.96668262546238,29.85351909842236,Finance,Junior
5864,30,2.849668103707396,0.26666666666666666,5.582964703495911,80.30409615647108,20.361483023879423,HR,Junior
5865,34,5.857000344894428,0.4117647058823529,5.919958453165782,88.74174654272649,14.081407442285853,Marketing,Junior
5866,21,4.291880272777676,0.3333333333333333,7.472362492659961,88.45868827880844,11.707977110206336,HR,Junior
5867,24,7.740888023545267,0.5833333333333334,5.269695464814727,71.80650718917572,-4.22047460925539,Marketing,Junior
5868,20,3.9798493717416585,0.7,6.85889502500015,93.74072530350298,1.7884463172172822,HR,Junior
5869,47,7.773115456950801,0.3617021276595745,7.437846344043058,60.76795136591474,13.956295529494113,Operations,Junior
5870,11,7.4089151066044945,0.5454545454545454,6.687433569469988,86.90488180685949,-7.200490215473451,HR,Junior
5871,20,3.622299411863938,0.85,5.076505402494922,93.79449800174154,-1.9856992233795658,Operations,Junior
5872,49,6.821250660958566,0.30612244897959184,8.942077427611462,71.8617871149303,20.946182631681168,IT,Junior
5873,31,7.9736252108210355,0.03225806451612903,6.468463069362141,82.68387057268401,18.22178175741086,HR,Junior
5874,27,3.515978013027694,0.1111111111111111,8.114308747733068,79.67781374454736,21.770273389520753,IT,Junior
5875,28,4.620663015939918,0.6785714285714286,6.302585968749813,86.65275583867833,4.5320822787129735,Finance,Junior
5876,13,5.1210844194005585,1.1538461538461537,6.900067027973675,90.31622725757683,-18.994308002670362,Operations,Junior
5877,39,3.769586814823186,0.05128205128205128,6.553854570443987,81.10655992548418,30.54367681698892,HR,Junior
5878,24,2.0915890378761786,0.041666666666666664,6.370156918038431,88.55666052335098,26.678154028917838,IT,Junior
5879,41,3.32077546518516,0.04878048780487805,5.0874055088311145,70.92999515612394,30.681033466708122,Marketing,Junior
5880,46,3.6916213060505507,0.08695652173913043,6.440083751418014,68.00054705466859,31.2081711466587,IT,Junior
5881,21,4.6615982079091225,0.047619047619047616,8.55795996159812,75.07336913364941,16.86290598234021,HR,Junior
5882,35,3.0266148704804112,0.5142857142857142,7.761573354374734,83.72078098532741,16.262355027533232,Finance,Junior
5883,12,7.239526140150035,1.5833333333333333,5.581691436381759,66.55364321285532,-41.468323637729,Operations,Junior
5884,19,6.229466796388016,0.05263157894736842,7.364620018490957,83.8123267253162,14.124584383866155,Marketing,Junior
5885,35,2.511202865357972,0.02857142857142857,8.568923439795487,73.79327770002236,29.87910695214567,IT,Junior
5886,34,5.900554706839588,0.5588235294117647,7.800136163859422,87.84513458624212,9.403211621216306,HR,Junior
5887,24,5.921938858433722,0.7083333333333334,5.594737569426787,61.289253598615616,-6.4360269971443245,HR,Junior
5888,43,7.737327041861766,0.4418604651162791,8.471329986937986,83.3793923240288,13.745410427593855,Operations,Junior
5889,16,2.0181252281369675,0.8125,6.2061760531554615,82.74378178274887,-2.2624940997241616,Marketing,Junior
5890,21,3.487594698834843,0.6666666666666666,6.816304577249367,92.932741664386,4.211358935207514,IT,Junior
5891,46,7.566748876251893,0.2391304347826087,7.1045710387565855,84.96786437474246,22.286162078966445,IT,Junior
5892,34,7.592803492389699,0.29411764705882354,8.402026417512781,87.87056637481484,13.964976878418863,IT,Junior
5893,33,6.3235185162238245,0.30303030303030304,8.726429980590645,91.66068555486089,16.39419098761544,Operations,Junior
5894,23,6.59457992628524,0.2608695652173913,8.718611511162225,83.62681714021957,9.510116618951695,Operations,Junior
5895,15,2.5488977475778825,0.7333333333333333,5.031816725114163,70.15537722359912,-4.06672005043594,Marketing,Junior
5896,38,5.0832550086694015,0.39473684210526316,8.687553942341829,90.44208298542327,18.879801316587958,IT,Junior
5897,11,3.3894979477339966,0.36363636363636365,5.217547864006289,86.16523418165913,6.144960031772923,IT,Junior
5898,48,3.0873082616817036,0.020833333333333332,6.0630946272697415,74.85531614003128,36.971446704642844,Marketing,Junior
5899,38,6.861819794739995,0.39473684210526316,7.059951418911332,84.86852104274867,14.207959355911848,Marketing,Junior
5900,24,2.8102288200832843,0.5833333333333334,6.919702756017577,90.36911070133998,9.353364500101426,Marketing,Junior
5901,42,4.811909821978311,0.23809523809523808,7.418839175549568,94.14782459869451,27.262888132925138,HR,Junior
5902,28,7.631469437516198,0.17857142857142858,6.917784914948023,93.33230263856694,14.846378795538136,Marketing,Junior
5903,14,3.1149923333920553,0.8571428571428571,8.737502718561682,71.38647393674495,-9.266975593720831,Finance,Junior
5904,36,7.867960542429408,0.5,5.962195392858348,74.75927998013637,5.815934911168457,Operations,Junior
5905,19,7.965727914566354,0.47368421052631576,6.096098776153943,63.83378117420799,-5.975225910080583,Marketing,Junior
5906,41,5.333702928094418,0.43902439024390244,8.682951742772225,68.66405004563161,14.494672445620413,HR,Junior
5907,24,3.0208564410629473,0.16666666666666666,5.306958054981025,90.88474229704326,21.535235577282755,Finance,Junior
5908,7,3.896629327645374,0.8571428571428571,7.4382432876192395,72.62974741977756,-14.78159488562095,HR,Junior
5909,41,4.546956996059211,0.24390243902439024,7.726943808262443,81.71934305082084,24.53288144731404,HR,Junior
5910,44,3.855945346149338,0.29545454545454547,7.022166893718958,83.30879664074617,26.486232272214195,HR,Junior
5911,12,3.6838134792590944,1.25,7.776927515292549,87.36402463001592,-20.194822032515006,HR,Junior
5912,44,7.833378255298145,0.38636363636363635,5.6910185840478675,66.39800105859709,12.421934610214038,IT,Junior
5913,48,2.920188964494474,0.0625,8.410528931086159,70.66845971150525,35.218314013312096,Operations,Junior
5914,27,6.399967452301174,0.0,5.560102757879543,75.69177195103632,18.538419485604916,IT,Junior
5915,44,2.0024617366350492,0.3181818181818182,6.603249777262999,72.76943714333957,27.40350940994327,Finance,Junior
5916,15,5.577096016414261,0.8666666666666667,5.301030405232823,94.40168315008914,-9.273855402810693,IT,Junior
5917,12,7.495658023724314,1.5,7.180844315269601,89.22292811247993,-34.946730424952634,Finance,Junior
5918,33,3.7276045645593143,0.12121212121212122,7.678983229702556,76.789036411717,24.066234516861137,Marketing,Junior
5919,34,3.113155851546315,0.08823529411764706,8.764886540381163,90.77440191302638,29.681509855983233,Finance,Junior
5920,14,5.910078769270562,0.8571428571428571,7.957344783584004,72.16785316541538,-14.700872619743757,IT,Junior
5921,43,6.275608443790359,0.3953488372093023,7.164411665816605,87.50399133615926,18.889116263372067,IT,Junior
5922,32,6.128183113711888,0.34375,8.730468068681335,67.82864593372588,10.1968629593214,Finance,Junior
5923,40,3.915901280128244,0.35,6.913747352163506,87.03127158292281,23.074451756328074,IT,Junior
5924,17,3.5132144129559855,0.47058823529411764,7.2448226123954775,75.9758691118505,4.251097937634601,Finance,Junior
5925,36,7.735512799772265,0.08333333333333333,7.3843941106803825,63.76247623472848,16.381469647401165,HR,Junior
5926,40,7.539797049619577,0.1,6.639918903546267,69.56418590944538,19.833243082649922,Operations,Junior
5927,41,4.743899659356922,0.1951219512195122,8.353930762263296,74.07961184082475,24.074464512865738,Finance,Junior
5928,30,7.07716319692624,0.4,5.7407037553802365,86.2252519082553,9.090723987798581,HR,Junior
5929,26,4.713940865805776,0.34615384615384615,7.219368761486432,62.55439501558328,8.298381886889718,HR,Junior
5930,8,4.546334108435063,1.875,7.888933024748776,83.08414482824239,-43.925839251221646,HR,Junior
5931,35,2.940577685595768,0.34285714285714286,8.615904687506308,85.06047743264952,21.845225829624084,HR,Junior
5932,22,4.558436338951837,0.13636363636363635,8.535673585737113,82.8872479474013,16.569667820667497,Finance,Junior
5933,42,5.224501631598842,0.2857142857142857,7.034961157720568,86.62343733586445,23.50425563254663,IT,Junior
5934,28,2.135025964572119,0.25,7.572645804653367,66.23590156079933,18.27712838301563,HR,Junior
5935,27,4.664678031052438,0.4444444444444444,6.576950944517204,80.54861742720631,9.647034090003052,Marketing,Junior
5936,26,6.688137310371202,0.5384615384615384,6.872711051520801,92.9400731521358,4.657893855838603,HR,Junior
5937,6,6.0802763382456195,3.1666666666666665,8.625063170292197,81.37744944315882,-87.28506278785947,IT,Junior
5938,35,5.81094193318361,0.5428571428571428,8.722815972769896,81.39677214335336,9.371756276589167,IT,Junior
5939,15,7.457332570623215,0.8,8.58165623226808,85.77538747396441,-12.759587646453546,Operations,Junior
5940,32,2.10819205895138,0.125,5.553483447254553,71.66214812440506,25.566045506978256,Operations,Junior
5941,36,5.342285517153405,0.1388888888888889,8.400336085322545,84.51665654625393,23.652093608277305,HR,Junior
5942,9,6.7240930904582425,0.4444444444444444,8.793454924085921,92.06818416596252,-2.9678826810573113,HR,Junior
5943,42,5.2480122962076035,0.2857142857142857,6.444998778294419,60.381341555887005,18.20881514733362,Operations,Junior
5944,14,3.943373315482275,0.2857142857142857,7.074585157686677,90.45395643881028,10.032616085368934,HR,Junior
5945,44,2.817503390551867,0.2727272727272727,8.116381023251984,67.65164159406007,26.1135033558901,Marketing,Junior
5946,28,7.325378430897148,0.6785714285714286,7.248312550262595,75.95731457951314,-3.0164368030345248,Finance,Junior
5947,39,4.824574354325618,0.1794871794871795,8.973934086824997,89.83217303334233,26.332670513401844,Operations,Junior
5948,48,7.268691181914209,0.16666666666666666,6.8228534606273135,88.83692446098202,27.030002528367984,Operations,Junior
5949,27,5.515112734599009,0.6666666666666666,7.855770844829511,91.21746173441196,3.4132668776843715,IT,Junior
5950,21,6.0451526996900045,0.9047619047619048,8.170364560786176,92.91458774213842,-8.050244993809468,HR,Junior
5951,5,6.8255669262707,2.8,6.976401663033758,75.65049348701154,-79.52103515513909,Operations,Junior
5952,35,5.954933267600806,0.2571428571428571,8.427935222845504,82.97273337803524,17.970394426119725,Operations,Junior
5953,35,4.388329044073626,0.2857142857142857,7.184618364828786,73.66674541841374,18.385262424106926,Marketing,Junior
5954,46,5.081800303571906,0.08695652173913043,6.646603187206526,72.27508511222581,29.282720763127436,HR,Junior
5955,46,6.81827314805528,0.17391304347826086,5.431294695407788,75.10583937091843,23.767230273725303,Finance,Junior
5956,38,4.241901778237905,0.2631578947368421,6.573654305401696,86.00766471739365,23.62299254489766,Marketing,Junior
5957,13,4.328728740610982,1.3846153846153846,7.935745818933137,77.55042614995435,-26.885833789692633,Finance,Junior
5958,26,2.5741406963480067,0.038461538461538464,8.685145646720429,88.49208860569198,26.996290174596226,IT,Junior
5959,17,7.4875066113304865,0.29411764705882354,6.006717615441241,86.08264670186546,3.6179867059474127,Operations,Junior
5960,29,2.5462178896726506,0.0,6.4209420693220105,60.71674613935398,24.450913448525494,Marketing,Junior
5961,22,5.889255064691335,0.09090909090909091,5.615843976417705,82.05833549871565,15.105884243087733,Finance,Junior
5962,16,4.479166872816786,0.125,7.762891576915875,75.27998931580069,11.947664117526566,HR,Junior
5963,44,4.433716341532654,0.29545454545454547,8.8407537200397,75.98201462028996,23.86533387735632,IT,Junior
5964,21,6.077311019436103,0.9047619047619048,7.5638088793927025,88.64305688544631,-8.968867804640087,IT,Junior
5965,19,2.402562395779272,0.21052631578947367,7.468306120024906,79.16627951296368,16.112341637349985,Operations,Junior
5966,46,5.5622346977086075,0.34782608695652173,7.213959722001736,90.99676382106315,24.24010076009976,Operations,Junior
5967,19,6.6321907158341284,0.7368421052631579,5.3538229627421465,84.94819573370916,-6.9800054428211595,Finance,Junior
5968,19,6.9692765473195655,0.2631578947368421,7.918015305717534,79.34940030674184,5.436590124603974,Finance,Junior
5969,43,3.0231823363626518,0.3023255813953488,7.408198174197404,86.40882916528864,27.96563371847196,IT,Junior
5970,17,7.384514300469042,0.7647058823529411,7.645907075425148,61.34221678238926,-15.241761715048462,Finance,Junior
5971,21,5.936876551084653,0.7619047619047619,8.595244372109686,60.94792791898727,-9.941310375514709,Operations,Junior
5972,36,7.291128804924097,0.19444444444444445,8.13584314824407,62.91722644222982,13.767854345264437,IT,Junior
5973,13,4.91168430266119,0.5384615384615384,8.123661008618104,75.31478638015,-3.114257483138532,IT,Junior
5974,44,5.252200070583212,0.4090909090909091,8.70873507551739,68.240755096943,17.271023605494904,HR,Junior
5975,24,7.514229662172027,0.3333333333333333,8.959739805852,94.44914530455246,8.261369736566438,HR,Junior
5976,30,7.399457260128031,0.3333333333333333,7.3251309278442385,78.98015486539785,8.997116452823509,Finance,Junior
5977,31,4.688965240214012,0.3870967741935484,5.4355264641246634,83.18455111284055,14.246076516333634,Finance,Junior
5978,25,3.6464757898140903,0.48,6.836519631101746,69.75870476863439,7.258789374098699,Operations,Junior
5979,22,4.359022607385585,0.8181818181818182,8.150404585846577,71.26289180056631,-5.810921400112456,Operations,Junior
5980,17,4.326585971178498,1.0588235294117647,5.110901299047397,71.74116699494046,-15.869644425721845,HR,Junior
5981,20,3.7212012498967635,0.2,5.227549753424596,84.45574968026052,15.448747436258579,IT,Junior
5982,13,3.611477625997799,1.1538461538461537,5.268631129531285,76.5797172691258,-18.72239641355505,Marketing,Junior
5983,16,7.166377618878316,0.5,7.924143033313243,78.11892783855261,-4.108969670046113,Marketing,Junior
5984,48,2.41917152410797,0.3958333333333333,7.004666514252689,80.72010437557708,28.230677826899473,Finance,Junior
5985,42,6.065667092597565,0.047619047619047616,6.475591774082375,86.9084079683376,29.021775979900962,Marketing,Junior
5986,23,3.036920308738714,0.782608695652174,5.422468181046944,63.16294119793673,-3.1195132474553002,Marketing,Junior
5987,11,4.067035360364379,0.36363636363636365,7.9289610008235565,87.19058692765876,4.994955755712082,HR,Junior
5988,39,2.369258204809021,0.1794871794871795,6.284079242203599,79.71322741063129,29.219513687892828,IT,Junior
5989,22,3.6198418211327725,0.5909090909090909,6.061296280258668,83.418340569934,4.916711744448529,Operations,Junior
5990,20,6.610526426703453,0.1,7.609276806214204,71.46431176942667,10.071809500478428,HR,Junior
5991,43,7.310091947283552,0.27906976744186046,7.236043570387367,74.32853928857573,17.673430939892228,Operations,Junior
5992,8,3.329162911414202,1.25,6.449642567253207,68.0908036878872,-25.740165085250965,HR,Junior
5993,29,4.781287035553531,0.2413793103448276,7.565949883222352,94.27549990960918,19.451146600469944,HR,Junior
5994,36,4.821944287623238,0.5,6.084886081536473,77.39510403786109,12.43513223232574,Marketing,Junior
5995,44,7.241451834558405,0.20454545454545456,8.179321046417307,94.86269205288093,24.75327110509574,Operations,Junior
5996,17,6.576794317254833,1.0,5.917275801230616,77.14250923214432,-17.5250867880808,HR,Junior
5997,49,5.078463310208299,0.3469387755102041,5.635350781528063,67.69129425344235,22.37316896496575,Marketing,Junior
5998,21,6.02448320283064,0.2857142857142857,8.1297576379955,77.76083388578999,7.531771800068148,Finance,Junior
5999,41,7.0841303234562005,0.36585365853658536,7.831568122791733,61.38584501296772,11.733298599583582,Operations,Junior
6000,10,2.05723372415327,0.5,5.730555902807193,91.66694304976829,5.218921161647119,HR,Junior
