employee_id,tasks_completed,avg_task_duration,late_tasks,avg_work_hours,performance_score,late_ratio,productivity_score,department,skill_level,recommended_training
1001,26,5.615384615384615,13,7.461538461538462,79.8076923076923,0.5,49.342307692307685,IT,Mid,Time Management
1002,24,5.083333333333333,8,7.166666666666667,80.79166666666667,0.3333333333333333,53.837500000000006,IT,Mid,Communication Skills
1003,38,4.473684210526316,20,7.368421052631579,80.47368421052632,0.5263157894736842,53.55263157894737,Finance,Mid,Time Management
1004,32,4.15625,11,7.6875,81.3125,0.34375,56.881249999999994,IT,Mid,Communication Skills
1005,38,4.605263157894737,16,7.315789473684211,76.28947368421052,0.42105263157894735,55.455263157894734,Marketing,Mid,Time Management
1006,32,5.34375,17,7.53125,78.5,0.53125,50.4125,HR,Mid,Time Management
1007,50,4.82,22,7.32,81.04,0.44,61.111999999999995,Marketing,Mid,Time Management
1008,49,5.020408163265306,24,7.510204081632653,81.61224489795919,0.4897959183673469,59.389795918367355,Finance,Mid,Time Management
1009,43,4.906976744186046,18,7.511627906976744,77.67441860465117,0.4186046511627907,57.94418604651163,IT,Mid,Time Management
1010,28,5.285714285714286,14,7.75,83.89285714285714,0.5,51.36785714285715,IT,Mid,Time Management
1011,21,5.238095238095238,13,7.571428571428571,79.28571428571429,0.6190476190476191,43.614285714285714,HR,Mid,Time Management
1012,45,5.266666666666667,21,7.2444444444444445,77.71111111111111,0.4666666666666667,57.31333333333333,IT,Mid,Time Management
1013,41,4.560975609756097,15,7.365853658536586,80.82926829268293,0.36585365853658536,59.673170731707316,HR,Mid,Communication Skills
1014,32,5.1875,11,7.625,81.4375,0.34375,56.918749999999996,Finance,Mid,Communication Skills
1015,40,4.8,14,7.4,79.725,0.35,59.4175,HR,Mid,Communication Skills
1016,31,5.032258064516129,15,7.258064516129032,80.03225806451613,0.4838709677419355,51.89354838709677,Operations,Mid,Time Management
1017,44,4.9772727272727275,16,7.659090909090909,80.25,0.36363636363636365,60.76590909090909,HR,Mid,Communication Skills
1018,32,4.625,17,7.5625,77.3125,0.53125,50.05625,Operations,Mid,Time Management
1019,27,4.074074074074074,11,7.333333333333333,78.96296296296296,0.4074074074074074,52.266666666666666,IT,Mid,Time Management
1020,41,5.073170731707317,14,7.414634146341464,79.90243902439025,0.34146341463414637,60.12682926829268,HR,Mid,Communication Skills
1021,30,5.133333333333334,11,7.733333333333333,80.3,0.36666666666666664,55.09,HR,Mid,Communication Skills
1022,39,5.205128205128205,16,7.615384615384615,81.05128205128206,0.41025641025641024,57.60769230769231,IT,Mid,Time Management
1023,24,5.0,11,7.666666666666667,79.41666666666667,0.4583333333333333,49.675000000000004,Finance,Mid,Time Management
1024,35,5.228571428571429,18,7.742857142857143,79.08571428571429,0.5142857142857142,52.29714285714286,Operations,Mid,Time Management
1025,38,5.157894736842105,16,7.605263157894737,81.71052631578948,0.42105263157894735,57.08157894736842,Finance,Mid,Time Management
1026,49,5.122448979591836,21,7.244897959183674,80.26530612244898,0.42857142857142855,60.82244897959184,Finance,Mid,Time Management
1027,27,6.111111111111111,16,7.444444444444445,79.37037037037037,0.5925925925925926,46.833333333333336,Operations,Mid,Time Management
1028,31,4.645161290322581,10,7.451612903225806,81.19354838709677,0.3225806451612903,57.08064516129032,Finance,Mid,Communication Skills
1029,48,4.458333333333333,20,7.541666666666667,80.8125,0.4166666666666667,60.94375,Marketing,Mid,Time Management
1030,40,4.65,16,7.475,79.375,0.4,57.8125,Finance,Mid,Communication Skills
1031,33,5.03030303030303,13,7.757575757575758,80.81818181818181,0.3939393939393939,55.627272727272725,HR,Mid,Communication Skills
1032,42,5.833333333333333,22,7.5476190476190474,76.97619047619048,0.5238095238095238,54.17857142857143,Operations,Mid,Time Management
1033,42,5.642857142857143,24,7.666666666666667,80.11904761904762,0.5714285714285714,53.69285714285714,Operations,Mid,Time Management
1034,29,4.862068965517241,15,7.275862068965517,79.89655172413794,0.5172413793103449,50.05172413793103,Finance,Mid,Time Management
1035,33,4.696969696969697,17,7.818181818181818,78.96969696969697,0.5151515151515151,51.43636363636364,IT,Mid,Time Management
1036,33,4.303030303030303,15,7.393939393939394,78.15151515151516,0.45454545454545453,53.00909090909091,Finance,Mid,Time Management
1037,25,4.16,7,7.76,75.44,0.28,54.232,IT,Mid,Communication Skills
1038,27,6.148148148148148,15,7.7407407407407405,79.37037037037037,0.5555555555555556,47.94444444444444,Marketing,Mid,Time Management
1039,24,5.416666666666667,11,7.458333333333333,84.20833333333333,0.4583333333333333,51.112500000000004,Operations,Mid,Time Management
1040,42,5.142857142857143,20,7.619047619047619,78.5952380952381,0.47619047619047616,56.09285714285715,IT,Mid,Time Management
1041,47,4.76595744680851,17,7.659574468085107,80.46808510638297,0.3617021276595745,62.08936170212766,IT,Mid,Communication Skills
1042,50,3.88,17,7.64,78.68,0.34,63.403999999999996,Marketing,Mid,Communication Skills
1043,36,4.444444444444445,10,7.611111111111111,81.41666666666667,0.2777777777777778,60.491666666666674,Operations,Mid,Communication Skills
1044,34,5.352941176470588,15,7.764705882352941,77.67647058823529,0.4411764705882353,53.66764705882353,IT,Mid,Time Management
1045,41,4.878048780487805,18,7.073170731707317,82.3170731707317,0.43902439024390244,57.92439024390244,Operations,Mid,Time Management
1046,43,5.023255813953488,18,7.627906976744186,80.02325581395348,0.4186046511627907,58.64883720930233,Marketing,Mid,Time Management
1047,29,5.103448275862069,7,7.689655172413793,81.24137931034483,0.2413793103448276,58.731034482758616,HR,Mid,Communication Skills
1048,37,4.108108108108108,11,7.4324324324324325,80.86486486486487,0.2972972972972973,60.14054054054054,Operations,Mid,Communication Skills
1049,43,5.0,18,7.372093023255814,78.53488372093024,0.4186046511627907,58.20232558139536,Finance,Mid,Time Management
1050,28,4.5,12,7.428571428571429,78.89285714285714,0.42857142857142855,52.010714285714286,HR,Mid,Time Management
1051,26,5.384615384615385,16,7.153846153846154,77.6923076923077,0.6153846153846154,45.246153846153845,IT,Mid,Time Management
1052,39,4.487179487179487,15,7.666666666666667,81.66666666666667,0.38461538461538464,58.56153846153846,Marketing,Mid,Communication Skills
1053,50,4.92,25,7.64,80.56,0.5,59.168,HR,Mid,Time Management
1054,47,4.723404255319149,22,7.25531914893617,76.2127659574468,0.46808510638297873,57.621276595744675,Operations,Mid,Time Management
1055,36,4.277777777777778,10,7.361111111111111,82.63888888888889,0.2777777777777778,60.858333333333334,Marketing,Mid,Communication Skills
1056,25,5.0,12,7.36,78.48,0.48,49.144000000000005,Marketing,Mid,Time Management
1057,49,5.020408163265306,26,7.571428571428571,80.63265306122449,0.5306122448979592,57.871428571428574,HR,Mid,Time Management
1058,47,4.914893617021277,21,7.468085106382978,81.19148936170212,0.44680851063829785,59.753191489361704,HR,Mid,Time Management
1059,46,5.304347826086956,25,7.608695652173913,79.1304347826087,0.5434782608695652,55.834782608695654,IT,Mid,Time Management
1060,30,5.533333333333333,14,7.4,80.33333333333333,0.4666666666666667,52.099999999999994,HR,Mid,Time Management
1061,23,4.565217391304348,7,7.391304347826087,82.95652173913044,0.30434782608695654,54.95652173913044,Marketing,Mid,Communication Skills
1062,24,4.833333333333333,10,7.458333333333333,80.5,0.4166666666666667,51.25,Finance,Mid,Time Management
1063,28,5.0,14,7.714285714285714,81.25,0.5,50.575,HR,Mid,Time Management
1064,26,5.846153846153846,13,7.423076923076923,83.07692307692308,0.5,50.323076923076925,HR,Mid,Time Management
1065,45,5.533333333333333,24,7.533333333333333,80.86666666666666,0.5333333333333333,56.26,HR,Mid,Time Management
1066,44,4.704545454545454,15,7.318181818181818,79.04545454545455,0.3409090909090909,61.08636363636364,Finance,Mid,Communication Skills
1067,36,5.138888888888889,16,7.222222222222222,78.38888888888889,0.4444444444444444,54.583333333333336,IT,Mid,Time Management
1068,37,5.378378378378378,19,7.4324324324324325,79.94594594594595,0.5135135135135135,53.37837837837838,Marketing,Mid,Time Management
1069,49,4.8979591836734695,21,7.530612244897959,80.08163265306122,0.42857142857142855,60.76734693877552,HR,Mid,Time Management
1070,45,4.5777777777777775,15,7.5777777777777775,78.97777777777777,0.3333333333333333,61.69333333333333,Operations,Mid,Communication Skills
1071,31,5.709677419354839,15,7.451612903225806,80.51612903225806,0.4838709677419355,52.03870967741935,Finance,Mid,Time Management
1072,49,5.3061224489795915,26,7.387755102040816,82.53061224489795,0.5306122448979592,58.44081632653061,Marketing,Mid,Time Management
1073,38,5.394736842105263,18,7.5,82.89473684210526,0.47368421052631576,55.85789473684211,HR,Mid,Time Management
1074,21,5.333333333333333,15,6.9523809523809526,77.19047619047619,0.7142857142857143,40.128571428571426,Finance,Mid,Time Management
1075,42,5.738095238095238,19,7.523809523809524,81.97619047619048,0.4523809523809524,57.82142857142857,HR,Mid,Time Management
1076,34,5.4411764705882355,15,7.470588235294118,83.20588235294117,0.4411764705882353,55.326470588235296,IT,Mid,Time Management
1077,23,4.782608695652174,7,7.260869565217392,77.95652173913044,0.30434782608695654,53.45652173913044,Finance,Mid,Communication Skills
1078,21,5.571428571428571,13,7.190476190476191,79.38095238095238,0.6190476190476191,43.64285714285714,HR,Mid,Time Management
1079,30,5.2,14,7.266666666666667,79.43333333333334,0.4666666666666667,51.83,HR,Mid,Time Management
1080,37,3.7837837837837838,9,7.54054054054054,76.37837837837837,0.24324324324324326,60.41621621621621,Operations,Mid,Communication Skills
1081,34,4.764705882352941,13,7.588235294117647,77.20588235294117,0.38235294117647056,55.29117647058824,HR,Mid,Communication Skills
1082,35,4.885714285714286,14,7.542857142857143,78.88571428571429,0.4,55.66571428571429,Operations,Mid,Communication Skills
1083,34,4.470588235294118,14,7.617647058823529,79.08823529411765,0.4117647058823529,54.97352941176471,HR,Mid,Time Management
1084,33,4.757575757575758,14,7.545454545454546,80.18181818181819,0.42424242424242425,54.527272727272724,IT,Mid,Time Management
1085,36,5.333333333333333,13,7.416666666666667,79.94444444444444,0.3611111111111111,57.55,HR,Mid,Communication Skills
1086,20,6.4,12,7.5,77.2,0.6,43.16,HR,Mid,Time Management
1087,47,5.276595744680851,22,7.531914893617022,80.14893617021276,0.46808510638297873,58.80212765957447,Operations,Mid,Time Management
1088,20,4.95,8,7.45,81.5,0.4,50.45,IT,Mid,Communication Skills
1089,36,4.194444444444445,14,7.527777777777778,81.61111111111111,0.3888888888888889,57.21666666666667,IT,Mid,Communication Skills
1090,50,4.78,17,7.28,80.06,0.34,63.818,Marketing,Mid,Communication Skills
1091,26,5.538461538461538,13,7.461538461538462,83.26923076923077,0.5,50.38076923076923,Finance,Mid,Time Management
1092,43,4.604651162790698,19,7.488372093023256,79.06976744186046,0.4418604651162791,57.66511627906977,IT,Mid,Time Management
1093,34,5.0,12,7.411764705882353,81.0,0.35294117647058826,57.311764705882354,Marketing,Mid,Communication Skills
1094,29,4.689655172413793,13,7.655172413793103,77.6896551724138,0.4482758620689655,51.45862068965518,Marketing,Mid,Time Management
1095,32,5.375,14,7.46875,76.4375,0.4375,52.60625,Marketing,Mid,Time Management
1096,43,5.069767441860465,20,7.232558139534884,78.46511627906976,0.46511627906976744,56.786046511627916,Finance,Mid,Time Management
1097,28,4.535714285714286,8,7.321428571428571,78.10714285714286,0.2857142857142857,56.06071428571429,Marketing,Mid,Communication Skills
1098,24,4.375,7,7.041666666666667,78.70833333333333,0.2916666666666667,54.46249999999999,Finance,Mid,Communication Skills
1099,38,5.368421052631579,22,7.2894736842105265,81.86842105263158,0.5789473684210527,52.39210526315789,IT,Mid,Time Management
1100,49,4.938775510204081,25,7.285714285714286,83.55102040816327,0.5102040816326531,59.35918367346939,HR,Mid,Time Management
1101,36,4.75,12,7.638888888888889,79.58333333333333,0.3333333333333333,58.275000000000006,Marketing,Mid,Communication Skills
1102,49,4.877551020408164,25,7.387755102040816,81.0,0.5102040816326531,58.59387755102041,IT,Mid,Time Management
1103,27,5.666666666666667,14,7.592592592592593,81.25925925925925,0.5185185185185185,49.62222222222222,Marketing,Mid,Time Management
1104,24,3.8333333333333335,9,7.875,78.83333333333333,0.375,52.0,Marketing,Mid,Communication Skills
1105,45,5.177777777777778,19,7.711111111111111,80.5111111111111,0.4222222222222222,59.486666666666665,IT,Mid,Time Management
1106,35,5.171428571428572,11,7.257142857142857,82.45714285714286,0.3142857142857143,59.308571428571426,Operations,Mid,Communication Skills
1107,38,5.2631578947368425,19,7.342105263157895,78.47368421052632,0.5,53.742105263157896,HR,Mid,Time Management
1108,30,5.266666666666667,11,7.3,82.23333333333333,0.36666666666666664,55.67,Finance,Mid,Communication Skills
1109,27,5.518518518518518,14,7.777777777777778,82.33333333333333,0.5185185185185185,49.94444444444444,Finance,Mid,Time Management
1110,23,5.304347826086956,10,7.173913043478261,81.91304347826087,0.43478260869565216,50.7304347826087,Marketing,Mid,Time Management
1111,34,4.382352941176471,13,7.294117647058823,81.94117647058823,0.38235294117647056,56.71176470588236,Finance,Mid,Communication Skills
1112,26,4.769230769230769,11,7.461538461538462,83.5,0.4230769230769231,52.75769230769231,Finance,Mid,Time Management
1113,27,4.851851851851852,12,7.703703703703703,80.70370370370371,0.4444444444444444,51.67777777777778,IT,Mid,Time Management
1114,35,5.142857142857143,16,7.514285714285714,78.42857142857143,0.45714285714285713,53.81428571428572,Finance,Mid,Time Management
1115,23,4.434782608695652,8,7.304347826086956,82.43478260869566,0.34782608695652173,53.495652173913044,Marketing,Mid,Communication Skills
1116,27,5.814814814814815,13,7.851851851851852,75.5925925925926,0.48148148148148145,49.03333333333333,Operations,Mid,Time Management
1117,33,4.848484848484849,15,7.515151515151516,80.96969696969697,0.45454545454545453,53.85454545454545,HR,Mid,Time Management
1118,30,5.433333333333334,15,7.6,78.43333333333334,0.5,50.53,IT,Mid,Time Management
1119,48,4.916666666666667,19,7.458333333333333,82.20833333333333,0.3958333333333333,61.9875,HR,Mid,Communication Skills
1120,39,5.230769230769231,18,7.794871794871795,78.8974358974359,0.46153846153846156,55.42307692307692,Operations,Mid,Time Management
1121,25,5.76,15,6.84,82.32,0.6,46.696,IT,Mid,Time Management
1122,43,4.674418604651163,18,7.232558139534884,80.76744186046511,0.4186046511627907,58.872093023255815,Marketing,Mid,Time Management
1123,50,5.04,16,7.72,79.98,0.32,64.394,Finance,Mid,Communication Skills
1124,21,6.095238095238095,11,7.761904761904762,79.61904761904762,0.5238095238095238,46.57142857142857,Marketing,Mid,Time Management
1125,34,4.5,16,7.117647058823529,82.97058823529412,0.47058823529411764,54.37352941176471,Operations,Mid,Time Management
1126,47,4.659574468085107,17,7.468085106382978,77.25531914893617,0.3617021276595745,61.125531914893614,Finance,Mid,Communication Skills
1127,50,4.94,25,7.46,83.26,0.5,59.978,Marketing,Mid,Time Management
1128,37,4.378378378378378,16,7.378378378378378,77.16216216216216,0.43243243243243246,54.975675675675674,IT,Mid,Time Management
1129,43,5.372093023255814,23,7.674418604651163,81.0,0.5348837209302325,55.45348837209302,Finance,Mid,Time Management
1130,28,5.107142857142857,13,7.5,79.67857142857143,0.4642857142857143,51.175,Marketing,Mid,Time Management
1131,36,5.25,19,7.361111111111111,80.94444444444444,0.5277777777777778,52.849999999999994,IT,Mid,Time Management
1132,22,5.090909090909091,11,7.318181818181818,74.04545454545455,0.5,46.013636363636365,Finance,Mid,Time Management
1133,31,4.709677419354839,9,7.580645161290323,81.61290322580645,0.2903225806451613,58.174193548387095,Operations,Mid,Communication Skills
1134,25,5.0,11,7.8,80.76,0.44,51.028000000000006,IT,Mid,Time Management
1135,46,4.8478260869565215,23,7.239130434782608,80.91304347826087,0.5,57.673913043478265,HR,Mid,Time Management
1136,47,5.127659574468085,20,7.468085106382978,80.95744680851064,0.425531914893617,60.32127659574468,Finance,Mid,Time Management
1137,34,4.676470588235294,16,7.4411764705882355,79.02941176470588,0.47058823529411764,53.19117647058823,HR,Mid,Time Management
1138,34,4.352941176470588,10,7.617647058823529,79.6470588235294,0.29411764705882354,58.67058823529412,IT,Mid,Communication Skills
1139,30,4.1,12,7.733333333333333,82.26666666666667,0.4,54.68,Marketing,Mid,Communication Skills
1140,36,4.777777777777778,13,7.527777777777778,80.5,0.3611111111111111,57.71666666666666,Operations,Mid,Communication Skills
1141,26,5.923076923076923,13,7.5,81.46153846153847,0.5,49.83846153846154,Operations,Mid,Time Management
1142,47,4.212765957446808,20,7.361702127659575,78.97872340425532,0.425531914893617,59.727659574468085,Operations,Mid,Time Management
1143,20,4.5,7,7.0,79.0,0.35,51.2,Operations,Mid,Communication Skills
1144,45,5.511111111111111,24,7.488888888888889,82.04444444444445,0.5333333333333333,56.61333333333333,HR,Mid,Time Management
1145,40,4.7,17,7.525,80.75,0.425,57.474999999999994,IT,Mid,Time Management
1146,25,5.6,11,7.56,81.68,0.44,51.304,Operations,Mid,Time Management
1147,25,6.0,14,7.12,80.8,0.56,47.44,Operations,Mid,Time Management
1148,26,4.269230769230769,10,7.1923076923076925,79.03846153846153,0.38461538461538464,52.573076923076925,Finance,Mid,Communication Skills
1149,44,4.4772727272727275,21,7.431818181818182,78.43181818181819,0.4772727272727273,56.81136363636364,Finance,Mid,Time Management
1150,28,5.214285714285714,11,7.25,78.5,0.39285714285714285,52.96428571428572,Marketing,Mid,Communication Skills
1151,41,5.7073170731707314,19,7.414634146341464,79.36585365853658,0.4634146341463415,56.307317073170736,IT,Mid,Time Management
1152,43,5.255813953488372,23,7.604651162790698,79.69767441860465,0.5348837209302325,55.062790697674416,Operations,Mid,Time Management
1153,33,5.212121212121212,15,7.7272727272727275,78.78787878787878,0.45454545454545453,53.199999999999996,IT,Mid,Time Management
1154,24,5.541666666666667,11,8.0,80.75,0.4583333333333333,50.075,Operations,Mid,Time Management
1155,27,5.518518518518518,10,7.296296296296297,78.51851851851852,0.37037037037037035,53.24444444444444,Finance,Mid,Communication Skills
1156,28,4.142857142857143,11,7.464285714285714,79.17857142857143,0.39285714285714285,53.167857142857144,Marketing,Mid,Communication Skills
1157,33,5.333333333333333,14,7.484848484848484,79.75757575757575,0.42424242424242425,54.39999999999999,Operations,Mid,Time Management
1158,36,5.305555555555555,14,7.138888888888889,79.94444444444444,0.3888888888888889,56.71666666666667,Marketing,Mid,Communication Skills
1159,40,5.15,19,7.65,80.525,0.475,55.9075,IT,Mid,Time Management
1160,37,5.324324324324325,15,7.4324324324324325,79.08108108108108,0.40540540540540543,56.362162162162164,HR,Mid,Time Management
1161,24,3.75,5,7.541666666666667,81.70833333333333,0.20833333333333334,57.8625,Operations,Mid,Communication Skills
1162,42,5.285714285714286,19,7.333333333333333,83.88095238095238,0.4523809523809524,58.39285714285714,IT,Mid,Time Management
1163,43,4.72093023255814,19,7.3023255813953485,78.81395348837209,0.4418604651162791,57.58837209302326,HR,Mid,Time Management
1164,46,4.673913043478261,19,7.521739130434782,80.28260869565217,0.41304347826086957,60.09347826086956,Finance,Mid,Time Management
1165,28,4.392857142857143,8,7.142857142857143,79.57142857142857,0.2857142857142857,56.5,IT,Mid,Communication Skills
1166,45,5.044444444444444,19,7.4222222222222225,76.93333333333334,0.4222222222222222,58.41333333333333,HR,Mid,Time Management
1167,45,4.888888888888889,24,7.466666666666667,80.84444444444445,0.5333333333333333,56.25333333333333,IT,Mid,Time Management
1168,47,5.276595744680851,22,7.659574468085107,80.34042553191489,0.46808510638297873,58.8595744680851,IT,Mid,Time Management
1169,22,5.409090909090909,10,7.7272727272727275,83.4090909090909,0.45454545454545453,50.18636363636364,IT,Mid,Time Management
1170,26,5.923076923076923,13,7.538461538461538,78.5,0.5,48.95,HR,Mid,Time Management
1171,34,5.323529411764706,16,7.705882352941177,77.61764705882354,0.47058823529411764,52.76764705882353,Marketing,Mid,Time Management
1172,22,5.863636363636363,13,7.318181818181818,82.31818181818181,0.5909090909090909,45.768181818181816,HR,Mid,Time Management
1173,31,5.451612903225806,17,7.451612903225806,83.29032258064517,0.5483870967741935,50.935483870967744,Marketing,Mid,Time Management
1174,28,4.821428571428571,12,7.642857142857143,80.96428571428571,0.42857142857142855,52.63214285714285,Operations,Mid,Time Management
1175,49,4.877551020408164,22,7.387755102040816,82.22448979591837,0.4489795918367347,60.79795918367347,IT,Mid,Time Management
1176,42,5.309523809523809,24,7.333333333333333,84.16666666666667,0.5714285714285714,54.90714285714286,HR,Mid,Time Management
1177,23,5.521739130434782,12,7.695652173913044,82.04347826086956,0.5217391304347826,48.16086956521739,IT,Mid,Time Management
1178,47,5.148936170212766,23,7.659574468085107,80.40425531914893,0.48936170212765956,58.240425531914894,Marketing,Mid,Time Management
1179,41,4.829268292682927,16,7.585365853658536,81.51219512195122,0.3902439024390244,59.146341463414636,Operations,Mid,Communication Skills
1180,27,5.333333333333333,12,7.518518518518518,78.18518518518519,0.4444444444444444,50.922222222222224,Marketing,Mid,Time Management
1181,44,4.909090909090909,19,7.659090909090909,80.38636363636364,0.4318181818181818,58.76136363636363,HR,Mid,Time Management
1182,27,5.851851851851852,15,7.592592592592593,77.66666666666667,0.5555555555555556,47.43333333333334,HR,Mid,Time Management
1183,29,4.9655172413793105,9,7.793103448275862,80.3103448275862,0.3103448275862069,56.38275862068966,Finance,Mid,Communication Skills
1184,40,5.075,20,7.275,83.0,0.5,55.9,HR,Mid,Time Management
1185,21,4.619047619047619,8,7.571428571428571,81.85714285714286,0.38095238095238093,51.52857142857143,HR,Mid,Communication Skills
1186,43,6.023255813953488,22,7.4186046511627906,79.18604651162791,0.5116279069767442,55.60697674418604,Operations,Mid,Time Management
1187,36,4.694444444444445,14,7.472222222222222,76.36111111111111,0.3888888888888889,55.641666666666666,Operations,Mid,Communication Skills
1188,35,5.6571428571428575,14,7.514285714285714,81.62857142857143,0.4,56.48857142857143,Finance,Mid,Communication Skills
1189,23,5.608695652173913,13,7.434782608695652,81.1304347826087,0.5652173913043478,46.582608695652176,HR,Mid,Time Management
1190,47,4.702127659574468,19,7.48936170212766,84.23404255319149,0.40425531914893614,61.94255319148936,Operations,Mid,Time Management
1191,47,4.9787234042553195,22,7.382978723404255,79.55319148936171,0.46808510638297873,58.623404255319144,IT,Mid,Time Management
1192,47,4.808510638297872,20,7.638297872340425,80.46808510638297,0.425531914893617,60.17446808510638,Operations,Mid,Time Management
1193,47,4.382978723404255,16,7.574468085106383,81.12765957446808,0.3404255319148936,62.92553191489361,Operations,Mid,Communication Skills
1194,47,5.659574468085107,24,7.446808510638298,80.97872340425532,0.5106382978723404,57.774468085106385,IT,Mid,Time Management
1195,33,5.181818181818182,19,7.242424242424242,81.3030303030303,0.5757575757575758,50.31818181818181,Marketing,Mid,Time Management
1196,31,5.419354838709677,13,7.612903225806452,82.06451612903226,0.41935483870967744,54.438709677419354,Operations,Mid,Time Management
1197,29,4.862068965517241,15,7.172413793103448,78.62068965517241,0.5172413793103449,49.668965517241375,Finance,Mid,Time Management
1198,24,5.583333333333333,14,7.416666666666667,82.875,0.5833333333333334,46.962500000000006,Operations,Mid,Time Management
1199,39,5.153846153846154,15,7.615384615384615,78.66666666666667,0.38461538461538464,57.66153846153846,HR,Mid,Communication Skills
1200,42,5.166666666666667,23,7.619047619047619,81.0,0.5476190476190477,54.67142857142857,HR,Mid,Time Management
1201,41,5.2439024390243905,20,7.609756097560975,78.7560975609756,0.4878048780487805,55.392682926829266,Marketing,Mid,Time Management
1202,32,5.4375,12,7.3125,80.6875,0.375,55.75625,Marketing,Mid,Communication Skills
1203,41,4.7560975609756095,19,7.585365853658536,78.1951219512195,0.4634146341463415,55.95609756097561,Finance,Mid,Time Management
1204,46,5.065217391304348,23,7.586956521739131,82.1086956521739,0.5,58.03260869565217,Operations,Mid,Time Management
1205,42,4.857142857142857,16,7.714285714285714,80.69047619047619,0.38095238095238093,59.57857142857143,Marketing,Mid,Communication Skills
1206,26,5.0,12,7.230769230769231,78.6923076923077,0.46153846153846156,50.161538461538456,Finance,Mid,Time Management
1207,25,5.32,11,7.48,76.52,0.44,49.756,Finance,Mid,Time Management
1208,39,4.435897435897436,14,7.512820512820513,81.53846153846153,0.358974358974359,59.292307692307695,HR,Mid,Communication Skills
1209,45,4.333333333333333,18,7.511111111111111,81.42222222222222,0.4,60.42666666666666,Operations,Mid,Communication Skills
1210,48,5.583333333333333,19,7.416666666666667,81.60416666666667,0.3958333333333333,61.806250000000006,HR,Mid,Communication Skills
1211,38,4.815789473684211,12,7.5,78.73684210526316,0.3157894736842105,59.347368421052636,IT,Mid,Communication Skills
1212,33,4.696969696969697,12,7.212121212121212,81.42424242424242,0.36363636363636365,56.71818181818182,Marketing,Mid,Communication Skills
1213,22,5.409090909090909,11,8.136363636363637,80.77272727272727,0.5,48.03181818181818,Operations,Mid,Time Management
1214,22,6.5,12,7.409090909090909,76.18181818181819,0.5454545454545454,45.290909090909096,IT,Mid,Time Management
1215,28,4.821428571428571,15,7.464285714285714,78.67857142857143,0.5357142857142857,48.73214285714286,Finance,Mid,Time Management
1216,24,5.541666666666667,15,7.083333333333333,77.95833333333333,0.625,44.2375,Marketing,Mid,Time Management
1217,41,4.902439024390244,15,7.7317073170731705,81.07317073170732,0.36585365853658536,59.74634146341464,Marketing,Mid,Communication Skills
1218,44,4.840909090909091,17,7.681818181818182,79.0,0.38636363636363635,59.70909090909092,Finance,Mid,Communication Skills
1219,39,5.17948717948718,21,7.589743589743589,80.64102564102564,0.5384615384615384,53.63846153846154,Operations,Mid,Time Management
1220,26,5.576923076923077,13,7.615384615384615,79.38461538461539,0.5,49.215384615384615,Operations,Mid,Time Management
1221,28,5.714285714285714,15,7.178571428571429,78.28571428571429,0.5357142857142857,48.614285714285714,Operations,Mid,Time Management
1222,31,5.32258064516129,15,7.354838709677419,80.45161290322581,0.4838709677419355,52.019354838709674,Marketing,Mid,Time Management
1223,29,5.0344827586206895,13,8.10344827586207,75.37931034482759,0.4482758620689655,50.765517241379314,IT,Mid,Time Management
1224,32,4.40625,13,7.25,79.625,0.40625,54.5,Operations,Mid,Time Management
1225,49,4.346938775510204,18,7.510204081632653,83.6734693877551,0.3673469387755102,63.68163265306123,Marketing,Mid,Communication Skills
1226,31,4.67741935483871,14,7.548387096774194,81.2258064516129,0.45161290322580644,53.21935483870968,Finance,Mid,Time Management
1227,38,4.394736842105263,11,7.684210526315789,82.02631578947368,0.2894736842105263,61.123684210526314,Finance,Mid,Communication Skills
1228,46,5.434782608695652,23,7.565217391304348,78.23913043478261,0.5,56.87173913043479,Finance,Mid,Time Management
1229,25,4.52,11,7.32,80.24,0.44,50.872,Operations,Mid,Time Management
1230,26,5.461538461538462,16,7.961538461538462,84.92307692307692,0.6153846153846154,47.41538461538461,Marketing,Mid,Time Management
1231,26,5.8076923076923075,12,7.730769230769231,80.23076923076923,0.46153846153846156,50.62307692307692,IT,Mid,Time Management
1232,32,4.84375,15,7.28125,77.53125,0.46875,51.996875,Finance,Mid,Time Management
1233,23,6.0,13,7.6521739130434785,74.52173913043478,0.5652173913043478,44.599999999999994,IT,Mid,Time Management
1234,46,5.3478260869565215,25,7.434782608695652,83.23913043478261,0.5434782608695652,57.06739130434782,IT,Mid,Time Management
1235,20,6.0,11,7.25,84.75,0.55,46.925,Marketing,Mid,Time Management
1236,30,5.5,17,7.1,80.06666666666666,0.5666666666666667,49.019999999999996,Marketing,Mid,Time Management
1237,41,4.878048780487805,17,7.926829268292683,80.02439024390245,0.4146341463414634,57.96829268292684,HR,Mid,Time Management
1238,49,5.428571428571429,21,7.755102040816326,79.65306122448979,0.42857142857142855,60.638775510204084,IT,Mid,Time Management
1239,49,5.224489795918367,23,7.591836734693878,80.06122448979592,0.46938775510204084,59.53673469387755,HR,Mid,Time Management
1240,47,5.425531914893617,18,7.595744680851064,79.17021276595744,0.3829787234042553,61.06170212765957,Finance,Mid,Communication Skills
1241,28,4.857142857142857,14,7.178571428571429,83.39285714285714,0.5,51.21785714285714,Operations,Mid,Time Management
1242,49,5.183673469387755,26,7.591836734693878,76.6938775510204,0.5306122448979592,56.68979591836735,HR,Mid,Time Management
1243,24,5.5,11,7.375,78.66666666666667,0.4583333333333333,49.45,Finance,Mid,Time Management
1244,46,5.173913043478261,17,7.260869565217392,80.19565217391305,0.3695652173913043,61.37173913043479,Operations,Mid,Communication Skills
1245,34,5.5588235294117645,16,7.4411764705882355,77.44117647058823,0.47058823529411764,52.714705882352945,HR,Mid,Time Management
1246,23,5.086956521739131,10,7.608695652173913,81.95652173913044,0.43478260869565216,50.743478260869566,Marketing,Mid,Time Management
1247,42,4.738095238095238,16,7.5,78.35714285714286,0.38095238095238093,58.87857142857143,Finance,Mid,Communication Skills
1248,38,4.578947368421052,12,7.552631578947368,81.42105263157895,0.3157894736842105,60.15263157894737,Marketing,Mid,Communication Skills
1249,25,5.32,14,7.68,77.64,0.56,46.492,Finance,Mid,Time Management
1250,39,5.461538461538462,16,7.461538461538462,79.12820512820512,0.41025641025641024,57.03076923076923,Finance,Mid,Time Management
1251,31,4.967741935483871,12,7.741935483870968,84.61290322580645,0.3870967741935484,56.170967741935485,IT,Mid,Communication Skills
1252,45,5.288888888888889,20,7.444444444444445,80.2,0.4444444444444444,58.726666666666674,IT,Mid,Time Management
1253,46,5.173913043478261,27,7.5,78.02173913043478,0.5869565217391305,54.197826086956525,Marketing,Mid,Time Management
1254,30,4.333333333333333,15,7.866666666666666,78.76666666666667,0.5,50.629999999999995,Finance,Mid,Time Management
1255,29,5.379310344827586,16,7.620689655172414,80.41379310344827,0.5517241379310345,49.172413793103445,Marketing,Mid,Time Management
1256,41,5.073170731707317,21,7.780487804878049,79.82926829268293,0.5121951219512195,54.982926829268294,Operations,Mid,Time Management
1257,26,4.423076923076923,10,7.269230769230769,74.8076923076923,0.38461538461538464,51.30384615384615,IT,Mid,Communication Skills
1258,30,5.033333333333333,12,7.566666666666666,80.03333333333333,0.4,54.01,Operations,Mid,Communication Skills
1259,46,4.956521739130435,22,7.3478260869565215,82.73913043478261,0.4782608695652174,58.87391304347827,IT,Mid,Time Management
1260,36,5.777777777777778,23,7.416666666666667,82.36111111111111,0.6388888888888888,49.94166666666666,Marketing,Mid,Time Management
1261,42,6.023809523809524,23,7.357142857142857,79.35714285714286,0.5476190476190477,54.17857142857143,Marketing,Mid,Time Management
1262,36,4.472222222222222,15,7.805555555555555,79.83333333333333,0.4166666666666667,55.849999999999994,Marketing,Mid,Time Management
1263,26,5.615384615384615,14,7.923076923076923,84.3076923076923,0.5384615384615384,49.53846153846153,Marketing,Mid,Time Management
1264,33,5.121212121212121,18,7.454545454545454,77.93939393939394,0.5454545454545454,50.21818181818182,IT,Mid,Time Management
1265,44,4.613636363636363,18,7.431818181818182,78.3409090909091,0.4090909090909091,58.82954545454545,HR,Mid,Time Management
1266,30,5.033333333333333,12,7.433333333333334,80.16666666666667,0.4,54.05,Marketing,Mid,Communication Skills
1267,30,4.8,11,7.6,77.6,0.36666666666666664,54.28,Operations,Mid,Communication Skills
1268,34,5.382352941176471,19,7.735294117647059,82.02941176470588,0.5588235294117647,51.444117647058825,Marketing,Mid,Time Management
1269,27,4.555555555555555,10,7.481481481481482,80.88888888888889,0.37037037037037035,53.955555555555556,IT,Mid,Communication Skills
1270,21,5.0,8,7.523809523809524,76.76190476190476,0.38095238095238093,50.0,Marketing,Mid,Communication Skills
1271,44,4.590909090909091,19,7.4772727272727275,80.11363636363636,0.4318181818181818,58.67954545454545,HR,Mid,Time Management
1272,40,4.5,13,7.75,80.85,0.325,60.504999999999995,Finance,Mid,Communication Skills
1273,27,4.814814814814815,16,7.037037037037037,80.74074074074075,0.5925925925925926,47.244444444444454,Finance,Mid,Time Management
1274,24,4.458333333333333,6,7.625,80.125,0.25,56.1375,Operations,Mid,Communication Skills
1275,36,4.75,16,7.638888888888889,80.61111111111111,0.4444444444444444,55.25,IT,Mid,Time Management
1276,24,4.416666666666667,12,7.875,79.0,0.5,48.3,HR,Mid,Time Management
1277,20,5.45,13,7.6,79.65,0.65,42.394999999999996,IT,Mid,Time Management
1278,31,5.580645161290323,18,7.645161290322581,82.6774193548387,0.5806451612903226,49.78387096774193,IT,Mid,Time Management
1279,21,5.142857142857143,11,8.095238095238095,82.42857142857143,0.5238095238095238,47.41428571428571,Finance,Mid,Time Management
1280,46,4.8478260869565215,23,7.565217391304348,78.6086956521739,0.5,56.982608695652175,Finance,Mid,Time Management
1281,44,4.590909090909091,17,7.159090909090909,79.36363636363636,0.38636363636363635,59.81818181818183,Finance,Mid,Communication Skills
1282,45,5.088888888888889,18,7.466666666666667,82.57777777777778,0.4,60.77333333333333,Marketing,Mid,Communication Skills
1283,20,5.35,9,7.2,80.45,0.45,48.635000000000005,HR,Mid,Time Management
1284,48,5.25,23,7.729166666666667,74.9375,0.4791666666666667,57.306250000000006,Marketing,Mid,Time Management
1285,41,5.146341463414634,21,7.487804878048781,79.60975609756098,0.5121951219512195,54.91707317073171,HR,Mid,Time Management
1286,29,4.758620689655173,8,7.620689655172414,83.20689655172414,0.27586206896551724,58.28620689655173,Finance,Mid,Communication Skills
1287,46,4.413043478260869,16,7.565217391304348,80.5,0.34782608695652173,62.11521739130435,IT,Mid,Communication Skills
1288,33,4.818181818181818,12,7.484848484848484,76.51515151515152,0.36363636363636365,55.24545454545454,HR,Mid,Communication Skills
1289,20,4.8,11,7.35,86.5,0.55,47.45,Marketing,Mid,Time Management
1290,34,5.647058823529412,19,7.4411764705882355,81.5,0.5588235294117647,51.285294117647055,Finance,Mid,Time Management
1291,31,4.0,14,7.548387096774194,77.70967741935483,0.45161290322580644,52.16451612903225,HR,Mid,Time Management
1292,47,4.531914893617022,13,7.617021276595745,83.44680851063829,0.2765957446808511,65.53617021276595,Finance,Mid,Communication Skills
1293,48,5.5625,19,7.395833333333333,79.4375,0.3958333333333333,61.15625,IT,Mid,Communication Skills
1294,50,5.24,23,7.38,77.84,0.46,59.55200000000001,IT,Mid,Time Management
1295,25,4.32,7,7.6,82.28,0.28,56.284,Finance,Mid,Communication Skills
1296,43,4.837209302325581,20,7.5813953488372094,79.51162790697674,0.46511627906976744,57.10000000000001,HR,Mid,Time Management
1297,31,5.0,16,7.774193548387097,79.83870967741936,0.5161290322580645,50.86774193548387,Finance,Mid,Time Management
1298,33,4.424242424242424,10,7.515151515151516,81.06060606060606,0.30303030303030304,58.42727272727272,Finance,Mid,Communication Skills
1299,28,5.321428571428571,13,7.75,76.89285714285714,0.4642857142857143,50.33928571428571,IT,Mid,Time Management
1300,42,4.666666666666667,12,7.738095238095238,79.30952380952381,0.2857142857142857,62.02142857142857,Operations,Mid,Communication Skills
1301,46,4.217391304347826,11,7.369565217391305,80.95652173913044,0.2391304347826087,65.51304347826087,Marketing,Mid,Communication Skills
1302,39,5.333333333333333,20,7.717948717948718,81.43589743589743,0.5128205128205128,54.64615384615385,Operations,Mid,Time Management
1303,42,4.571428571428571,14,7.4523809523809526,80.85714285714286,0.3333333333333333,61.057142857142864,IT,Mid,Communication Skills
1304,25,4.92,7,7.24,75.72,0.28,54.315999999999995,IT,Mid,Communication Skills
1305,41,5.2682926829268295,14,7.804878048780488,79.70731707317073,0.34146341463414637,60.068292682926824,HR,Mid,Communication Skills
1306,36,5.0,16,7.222222222222222,77.77777777777777,0.4444444444444444,54.400000000000006,Finance,Mid,Time Management
1307,23,4.739130434782608,9,7.608695652173913,81.47826086956522,0.391304347826087,51.90434782608696,Marketing,Mid,Communication Skills
1308,41,4.951219512195122,15,7.560975609756097,79.51219512195122,0.36585365853658536,59.27804878048781,IT,Mid,Communication Skills
1309,25,3.72,9,7.28,78.12,0.36,52.635999999999996,Finance,Mid,Communication Skills
1310,44,4.909090909090909,18,7.431818181818182,78.11363636363636,0.4090909090909091,58.76136363636364,IT,Mid,Time Management
1311,24,5.791666666666667,11,7.458333333333333,77.83333333333333,0.4583333333333333,49.2,Marketing,Mid,Time Management
1312,50,4.76,22,7.54,80.52,0.44,60.955999999999996,IT,Mid,Time Management
1313,32,6.15625,22,7.40625,81.5,0.6875,46.625,Operations,Mid,Time Management
1314,38,4.657894736842105,19,7.157894736842105,77.84210526315789,0.5,53.55263157894737,Marketing,Mid,Time Management
1315,33,5.848484848484849,16,7.303030303030303,80.48484848484848,0.48484848484848486,52.8,HR,Mid,Time Management
1316,35,4.628571428571429,8,7.428571428571429,79.65714285714286,0.22857142857142856,61.03999999999999,IT,Mid,Communication Skills
1317,22,4.7727272727272725,8,7.636363636363637,77.18181818181819,0.36363636363636365,51.04545454545455,Operations,Mid,Communication Skills
1318,42,4.380952380952381,12,7.476190476190476,80.66666666666667,0.2857142857142857,62.42857142857143,Operations,Mid,Communication Skills
1319,34,5.176470588235294,15,7.323529411764706,80.82352941176471,0.4411764705882353,54.61176470588235,HR,Mid,Time Management
1320,44,5.295454545454546,22,7.4772727272727275,79.93181818181819,0.5,56.57954545454545,HR,Mid,Time Management
1321,36,4.916666666666667,21,7.722222222222222,82.38888888888889,0.5833333333333334,51.61666666666666,HR,Mid,Time Management
1322,42,5.309523809523809,22,7.690476190476191,80.02380952380952,0.5238095238095238,55.09285714285714,Operations,Mid,Time Management
1323,25,5.84,14,7.28,83.48,0.56,48.244,Finance,Mid,Time Management
1324,42,4.571428571428571,17,7.761904761904762,82.0,0.40476190476190477,59.25714285714285,HR,Mid,Time Management
1325,28,5.571428571428571,19,7.392857142857143,77.46428571428571,0.6785714285714286,44.082142857142856,Operations,Mid,Time Management
1326,40,4.9,17,7.625,80.475,0.425,57.3925,Marketing,Mid,Time Management
1327,24,5.958333333333333,12,7.75,78.20833333333333,0.5,48.0625,Marketing,Mid,Time Management
1328,38,5.131578947368421,19,7.421052631578948,79.86842105263158,0.5,54.160526315789475,Finance,Mid,Time Management
1329,40,5.225,17,7.425,77.7,0.425,56.56,Finance,Mid,Time Management
1330,50,5.08,27,7.42,81.48,0.54,58.244,Marketing,Mid,Time Management
1331,44,4.636363636363637,18,7.7272727272727275,79.63636363636364,0.4090909090909091,59.21818181818182,IT,Mid,Time Management
1332,46,4.630434782608695,16,7.521739130434782,79.84782608695652,0.34782608695652173,61.91956521739131,IT,Mid,Communication Skills
1333,42,4.642857142857143,19,7.523809523809524,77.69047619047619,0.4523809523809524,56.535714285714285,HR,Mid,Time Management
1334,20,6.15,13,7.15,75.7,0.65,41.21,HR,Mid,Time Management
1335,46,4.782608695652174,23,7.369565217391305,79.80434782608695,0.5,57.341304347826096,IT,Mid,Time Management
1336,40,5.45,17,7.425,83.85,0.425,58.405,Finance,Mid,Time Management
1337,41,4.634146341463414,13,7.439024390243903,82.51219512195122,0.3170731707317073,61.641463414634146,IT,Mid,Communication Skills
1338,43,5.441860465116279,26,7.5813953488372094,81.69767441860465,0.6046511627906976,53.56976744186046,Finance,Mid,Time Management
1339,39,5.666666666666667,24,7.358974358974359,82.53846153846153,0.6153846153846154,51.9,Marketing,Mid,Time Management
1340,47,4.446808510638298,17,7.170212765957447,77.61702127659575,0.3617021276595745,61.23404255319149,Finance,Mid,Communication Skills
1341,37,5.162162162162162,10,7.675675675675675,80.27027027027027,0.2702702702702703,60.77297297297297,HR,Mid,Communication Skills
1342,33,5.424242424242424,15,7.606060606060606,81.60606060606061,0.45454545454545453,54.04545454545455,Operations,Mid,Time Management
1343,43,5.186046511627907,21,7.465116279069767,81.67441860465117,0.4883720930232558,57.051162790697674,HR,Mid,Time Management
1344,43,5.325581395348837,19,7.465116279069767,75.72093023255815,0.4418604651162791,56.66046511627907,Operations,Mid,Time Management
1345,22,5.045454545454546,11,7.5,82.31818181818181,0.5,48.49545454545454,HR,Mid,Time Management
1346,20,4.75,8,7.1,79.15,0.4,49.745000000000005,Operations,Mid,Communication Skills
1347,36,4.388888888888889,13,7.361111111111111,77.25,0.3611111111111111,56.74166666666666,Operations,Mid,Communication Skills
1348,20,4.6,6,8.15,80.45,0.3,53.135000000000005,Marketing,Mid,Communication Skills
1349,26,4.538461538461538,8,7.384615384615385,79.15384615384616,0.3076923076923077,54.915384615384625,HR,Mid,Communication Skills
1350,36,5.194444444444445,17,7.472222222222222,78.33333333333333,0.4722222222222222,53.733333333333334,Marketing,Mid,Time Management
1351,22,5.2272727272727275,8,7.181818181818182,77.5,0.36363636363636365,51.14090909090909,IT,Mid,Communication Skills
1352,31,5.354838709677419,16,7.870967741935484,81.35483870967742,0.5161290322580645,51.32258064516129,Operations,Mid,Time Management
1353,35,4.285714285714286,13,7.428571428571429,81.11428571428571,0.37142857142857144,57.191428571428574,Operations,Mid,Communication Skills
1354,24,5.166666666666667,9,7.75,79.95833333333333,0.375,52.3375,Marketing,Mid,Communication Skills
1355,48,5.0,18,7.291666666666667,81.58333333333333,0.375,62.425,Operations,Mid,Communication Skills
1356,49,4.653061224489796,22,7.653061224489796,80.36734693877551,0.4489795918367347,60.24081632653061,IT,Mid,Time Management
1357,35,5.257142857142857,15,7.714285714285714,80.91428571428571,0.42857142857142855,55.417142857142856,Operations,Mid,Time Management
1358,42,4.761904761904762,16,7.166666666666667,79.69047619047619,0.38095238095238093,59.278571428571425,Marketing,Mid,Communication Skills
1359,42,4.619047619047619,17,7.690476190476191,80.38095238095238,0.40476190476190477,58.77142857142857,Operations,Mid,Time Management
1360,32,5.03125,12,7.34375,80.53125,0.375,55.709375,Finance,Mid,Communication Skills
1361,40,4.3,17,7.675,77.1,0.425,56.379999999999995,IT,Mid,Time Management
1362,36,5.416666666666667,17,7.222222222222222,80.30555555555556,0.4722222222222222,54.325,HR,Mid,Time Management
1363,45,4.266666666666667,20,7.533333333333333,78.2,0.4444444444444444,58.12666666666667,HR,Mid,Time Management
1364,28,4.928571428571429,11,7.571428571428571,79.60714285714286,0.39285714285714285,53.29642857142858,Finance,Mid,Communication Skills
1365,23,4.304347826086956,9,7.521739130434782,78.56521739130434,0.391304347826087,51.030434782608694,Operations,Mid,Communication Skills
1366,20,5.45,11,7.25,81.5,0.55,45.95,Marketing,Mid,Time Management
1367,41,4.560975609756097,17,7.463414634146342,78.8048780487805,0.4146341463414634,57.60243902439025,Operations,Mid,Time Management
1368,42,5.0,15,7.785714285714286,79.5952380952381,0.35714285714285715,59.96428571428572,HR,Mid,Communication Skills
1369,29,5.206896551724138,11,7.517241379310345,80.82758620689656,0.3793103448275862,54.46896551724138,Finance,Mid,Communication Skills
1370,36,5.166666666666667,19,7.25,78.63888888888889,0.5277777777777778,52.15833333333333,Marketing,Mid,Time Management
1371,20,4.85,11,6.95,80.5,0.55,45.65,Marketing,Mid,Time Management
1372,25,5.64,14,7.4,78.12,0.56,46.635999999999996,HR,Mid,Time Management
1373,49,5.163265306122449,22,7.428571428571429,82.48979591836735,0.4489795918367347,60.87755102040816,Finance,Mid,Time Management
1374,31,4.967741935483871,10,7.709677419354839,81.48387096774194,0.3225806451612903,57.167741935483875,IT,Mid,Communication Skills
1375,40,5.2,18,7.725,78.85,0.45,56.155,Marketing,Mid,Time Management
1376,28,5.107142857142857,10,7.357142857142857,78.53571428571429,0.35714285714285715,54.04642857142858,Operations,Mid,Communication Skills
1377,46,5.282608695652174,24,7.521739130434782,79.47826086956522,0.5217391304347826,56.59130434782608,Operations,Mid,Time Management
1378,33,5.333333333333333,16,7.848484848484849,79.84848484848484,0.48484848484848486,52.60909090909091,Finance,Mid,Time Management
1379,47,4.553191489361702,15,7.76595744680851,83.61702127659575,0.3191489361702128,64.31063829787234,HR,Mid,Communication Skills
1380,36,4.222222222222222,16,7.472222222222222,83.38888888888889,0.4444444444444444,56.083333333333336,Marketing,Mid,Time Management
1381,25,4.84,6,7.6,82.36,0.24,57.507999999999996,IT,Mid,Communication Skills
1382,40,4.475,16,7.775,79.325,0.4,57.7975,Operations,Mid,Communication Skills
1383,27,5.407407407407407,13,7.333333333333333,79.0,0.48148148148148145,50.05555555555556,Finance,Mid,Time Management
1384,42,5.119047619047619,17,7.142857142857143,81.71428571428571,0.40476190476190477,59.17142857142857,Marketing,Mid,Time Management
1385,43,4.744186046511628,20,7.348837209302325,80.11627906976744,0.46511627906976744,57.281395348837215,HR,Mid,Time Management
1386,48,5.0625,28,7.354166666666667,80.33333333333333,0.5833333333333334,55.8,HR,Mid,Time Management
1387,47,5.425531914893617,26,7.468085106382978,79.85106382978724,0.5531914893617021,56.159574468085104,Marketing,Mid,Time Management
1388,35,5.8,20,7.371428571428571,82.85714285714286,0.5714285714285714,51.714285714285715,Marketing,Mid,Time Management
1389,45,4.933333333333334,23,7.355555555555555,81.8,0.5111111111111111,57.20666666666667,Finance,Mid,Time Management
1390,41,5.097560975609756,18,7.634146341463414,79.5609756097561,0.43902439024390244,57.09756097560976,IT,Mid,Time Management
1391,24,4.875,11,7.625,79.58333333333333,0.4583333333333333,49.725,Finance,Mid,Time Management
1392,30,4.5,10,7.466666666666667,80.53333333333333,0.3333333333333333,56.16,IT,Mid,Communication Skills
1393,45,4.933333333333334,19,7.555555555555555,79.84444444444445,0.4222222222222222,59.28666666666666,Operations,Mid,Time Management
1394,29,5.827586206896552,14,7.275862068965517,81.48275862068965,0.4827586206896552,51.56206896551724,Operations,Mid,Time Management
1395,47,4.829787234042553,19,7.1063829787234045,80.57446808510639,0.40425531914893614,60.84468085106383,Marketing,Mid,Time Management
1396,34,5.852941176470588,17,7.5588235294117645,77.52941176470588,0.5,51.858823529411765,HR,Mid,Time Management
1397,50,5.0,24,7.5,78.68,0.48,59.20400000000001,Operations,Mid,Time Management
1398,43,5.325581395348837,19,7.744186046511628,80.69767441860465,0.4418604651162791,58.15348837209302,Marketing,Mid,Time Management
1399,49,5.346938775510204,23,7.3061224489795915,80.51020408163265,0.46938775510204084,59.671428571428564,Marketing,Mid,Time Management
1400,26,4.5,13,7.846153846153846,81.15384615384616,0.5,49.746153846153845,Marketing,Mid,Time Management
1401,35,5.2,19,7.4,79.97142857142858,0.5428571428571428,51.705714285714286,IT,Mid,Time Management
1402,25,4.88,11,7.44,76.84,0.44,49.852000000000004,HR,Mid,Time Management
1403,48,4.5,21,7.375,81.9375,0.4375,60.65625,Operations,Mid,Time Management
1404,21,4.666666666666667,14,7.666666666666667,81.14285714285714,0.6666666666666666,42.74285714285715,IT,Mid,Time Management
1405,20,4.3,8,7.95,81.45,0.4,50.435,Finance,Mid,Communication Skills
1406,35,5.2,16,7.485714285714286,83.51428571428572,0.45714285714285713,55.34,Finance,Mid,Time Management
1407,38,5.131578947368421,17,7.5,81.34210526315789,0.4473684210526316,56.18157894736842,HR,Mid,Time Management
1408,36,5.638888888888889,15,7.555555555555555,79.58333333333333,0.4166666666666667,55.77499999999999,IT,Mid,Time Management
1409,26,5.384615384615385,13,7.3076923076923075,80.03846153846153,0.5,49.411538461538456,Operations,Mid,Time Management
1410,34,5.294117647058823,17,7.382352941176471,81.6470588235294,0.5,53.09411764705882,Operations,Mid,Time Management
1411,49,4.714285714285714,15,7.571428571428571,81.71428571428571,0.30612244897959184,64.93061224489796,HR,Mid,Communication Skills
1412,47,4.382978723404255,15,7.404255319148936,78.04255319148936,0.3191489361702128,62.63829787234043,Finance,Mid,Communication Skills
1413,45,5.5777777777777775,29,7.644444444444445,81.13333333333334,0.6444444444444445,53.00666666666666,Finance,Mid,Time Management
1414,46,5.695652173913044,19,7.434782608695652,78.45652173913044,0.41304347826086957,59.54565217391304,Finance,Mid,Time Management
1415,46,5.065217391304348,21,7.434782608695652,78.54347826086956,0.45652173913043476,58.267391304347825,IT,Mid,Time Management
1416,32,5.1875,14,7.46875,83.0625,0.4375,54.59375,Finance,Mid,Time Management
1417,40,5.425,15,7.25,79.425,0.375,58.5775,IT,Mid,Communication Skills
1418,21,5.571428571428571,13,7.190476190476191,79.57142857142857,0.6190476190476191,43.7,HR,Mid,Time Management
1419,49,5.224489795918367,22,7.6938775510204085,79.75510204081633,0.4489795918367347,60.05714285714286,IT,Mid,Time Management
1420,47,4.680851063829787,19,7.446808510638298,78.25531914893617,0.40425531914893614,60.148936170212764,Operations,Mid,Time Management
1421,46,4.630434782608695,20,7.304347826086956,79.0,0.43478260869565216,59.056521739130446,Marketing,Mid,Time Management
1422,23,5.260869565217392,11,7.391304347826087,77.56521739130434,0.4782608695652174,48.12173913043478,Finance,Mid,Time Management
1423,33,4.696969696969697,12,7.181818181818182,82.18181818181819,0.36363636363636365,56.945454545454545,Marketing,Mid,Communication Skills
1424,48,5.520833333333333,22,7.520833333333333,78.25,0.4583333333333333,58.925,Marketing,Mid,Time Management
1425,43,4.558139534883721,19,7.604651162790698,78.18604651162791,0.4418604651162791,57.400000000000006,IT,Mid,Time Management
1426,48,5.145833333333333,20,7.333333333333333,79.79166666666667,0.4166666666666667,60.6375,IT,Mid,Time Management
1427,49,5.285714285714286,23,7.408163265306122,81.63265306122449,0.46938775510204084,60.00816326530612,HR,Mid,Time Management
1428,44,5.0,19,7.386363636363637,78.86363636363636,0.4318181818181818,58.30454545454545,IT,Mid,Time Management
1429,24,4.166666666666667,11,7.666666666666667,81.33333333333333,0.4583333333333333,50.25,IT,Mid,Time Management
1430,22,5.2272727272727275,10,7.5,80.54545454545455,0.45454545454545453,49.32727272727273,Operations,Mid,Time Management
1431,47,4.51063829787234,18,7.48936170212766,81.0,0.3829787234042553,61.61063829787234,HR,Mid,Communication Skills
1432,35,5.6,15,7.4,81.97142857142858,0.42857142857142855,55.73428571428572,HR,Mid,Time Management
1433,31,4.838709677419355,14,7.516129032258065,81.29032258064517,0.45161290322580644,53.23870967741935,HR,Mid,Time Management
1434,39,5.3076923076923075,17,7.6923076923076925,81.2051282051282,0.4358974358974359,56.88461538461539,Finance,Mid,Time Management
1435,37,4.891891891891892,17,7.351351351351352,80.24324324324324,0.4594594594594595,55.08918918918919,IT,Mid,Time Management
1436,31,4.806451612903226,15,7.129032258064516,79.90322580645162,0.4838709677419355,51.85483870967742,IT,Mid,Time Management
1437,47,5.148936170212766,20,7.595744680851064,80.93617021276596,0.425531914893617,60.314893617021276,Finance,Mid,Time Management
1438,50,5.2,21,7.44,78.4,0.42,60.92,Operations,Mid,Time Management
1439,26,4.730769230769231,12,7.538461538461538,78.65384615384616,0.46153846153846156,50.15,Operations,Mid,Time Management
1440,50,4.86,23,7.4,82.06,0.46,60.818,Marketing,Mid,Time Management
1441,45,4.822222222222222,16,7.644444444444445,76.17777777777778,0.35555555555555557,60.18666666666666,IT,Mid,Communication Skills
1442,47,5.276595744680851,20,7.382978723404255,79.19148936170212,0.425531914893617,59.791489361702126,Marketing,Mid,Time Management
1443,26,5.384615384615385,13,7.269230769230769,79.0,0.5,49.099999999999994,Operations,Mid,Time Management
1444,46,5.8478260869565215,24,7.173913043478261,78.91304347826087,0.5217391304347826,56.42173913043479,Finance,Mid,Time Management
1445,48,4.4375,17,7.708333333333333,78.20833333333333,0.3541666666666667,62.0375,Marketing,Mid,Communication Skills
1446,47,5.468085106382978,24,7.659574468085107,82.87234042553192,0.5106382978723404,58.34255319148936,IT,Mid,Time Management
1447,30,5.3,13,7.433333333333334,77.2,0.43333333333333335,52.16,Operations,Mid,Time Management
1448,47,4.74468085106383,18,7.574468085106383,79.91489361702128,0.3829787234042553,61.285106382978725,Marketing,Mid,Communication Skills
1449,35,4.457142857142857,15,7.3428571428571425,82.77142857142857,0.42857142857142855,55.97428571428571,HR,Mid,Time Management
1450,37,4.756756756756757,17,7.351351351351352,78.24324324324324,0.4594594594594595,54.48918918918919,Finance,Mid,Time Management
1451,49,5.081632653061225,23,7.469387755102041,78.77551020408163,0.46938775510204084,59.15102040816326,HR,Mid,Time Management
1452,32,5.59375,14,7.3125,79.4375,0.4375,53.50625,Marketing,Mid,Time Management
1453,29,4.482758620689655,17,7.793103448275862,80.37931034482759,0.5862068965517241,48.12758620689655,Finance,Mid,Time Management
1454,35,4.8,17,7.514285714285714,78.82857142857142,0.4857142857142857,53.07714285714285,Finance,Mid,Time Management
1455,25,5.88,12,7.48,79.6,0.48,49.480000000000004,Finance,Mid,Time Management
1456,45,4.488888888888889,15,7.333333333333333,79.88888888888889,0.3333333333333333,61.96666666666667,Marketing,Mid,Communication Skills
1457,38,5.078947368421052,15,7.7631578947368425,76.6842105263158,0.39473684210526316,56.363157894736844,Marketing,Mid,Communication Skills
1458,45,5.0,17,7.866666666666666,80.66666666666667,0.37777777777777777,60.866666666666674,HR,Mid,Communication Skills
1459,47,4.638297872340425,14,7.595744680851064,81.17021276595744,0.2978723404255319,64.21489361702127,Operations,Mid,Communication Skills
1460,31,4.741935483870968,11,7.419354838709677,80.03225806451613,0.3548387096774194,55.76451612903226,Finance,Mid,Communication Skills
1461,42,5.5,25,7.476190476190476,78.52380952380952,0.5952380952380952,52.5,Marketing,Mid,Time Management
1462,37,4.972972972972973,17,7.5675675675675675,78.5945945945946,0.4594594594594595,54.5945945945946,Finance,Mid,Time Management
1463,22,4.409090909090909,8,7.2272727272727275,83.54545454545455,0.36363636363636365,52.95454545454545,Finance,Mid,Communication Skills
1464,29,5.206896551724138,15,7.896551724137931,79.03448275862068,0.5172413793103449,49.79310344827586,Finance,Mid,Time Management
1465,26,4.884615384615385,11,7.269230769230769,79.11538461538461,0.4230769230769231,51.44230769230769,Marketing,Mid,Time Management
1466,45,5.0,22,7.622222222222222,83.46666666666667,0.4888888888888889,58.37333333333333,Operations,Mid,Time Management
1467,22,4.2272727272727275,8,7.636363636363637,82.68181818181819,0.36363636363636365,52.695454545454545,IT,Mid,Communication Skills
1468,37,5.405405405405405,19,7.675675675675675,77.05405405405405,0.5135135135135135,52.51081081081081,IT,Mid,Time Management
1469,34,4.352941176470588,14,7.117647058823529,76.94117647058823,0.4117647058823529,54.32941176470588,Finance,Mid,Time Management
1470,29,4.758620689655173,11,7.310344827586207,76.41379310344827,0.3793103448275862,53.144827586206894,Operations,Mid,Communication Skills
1471,21,5.0476190476190474,10,7.238095238095238,78.71428571428571,0.47619047619047616,47.72857142857143,IT,Mid,Time Management
1472,30,5.2,17,7.466666666666667,80.3,0.5666666666666667,49.09,IT,Mid,Time Management
1473,32,4.78125,16,7.40625,83.46875,0.5,52.840625,Operations,Mid,Time Management
1474,35,4.628571428571429,11,7.485714285714286,80.97142857142858,0.3142857142857143,58.86285714285714,IT,Mid,Communication Skills
1475,24,4.458333333333333,9,7.625,75.25,0.375,50.925,Finance,Mid,Communication Skills
1476,25,4.6,10,7.48,77.64,0.4,51.292,IT,Mid,Communication Skills
1477,45,5.177777777777778,21,7.333333333333333,79.4888888888889,0.4666666666666667,57.846666666666664,Operations,Mid,Time Management
1478,27,5.0,13,7.222222222222222,80.62962962962963,0.48148148148148145,50.54444444444445,Marketing,Mid,Time Management
1479,38,5.052631578947368,15,7.2894736842105265,79.10526315789474,0.39473684210526316,57.08947368421053,Operations,Mid,Communication Skills
1480,32,4.78125,16,7.625,75.375,0.5,50.4125,IT,Mid,Time Management
1481,38,4.368421052631579,14,7.421052631578948,84.5,0.3684210526315789,59.49736842105263,Finance,Mid,Communication Skills
1482,45,4.933333333333334,20,7.444444444444445,80.04444444444445,0.4444444444444444,58.68000000000001,Operations,Mid,Time Management
1483,43,5.558139534883721,25,7.6976744186046515,80.90697674418605,0.5813953488372093,54.03023255813953,Operations,Mid,Time Management
1484,42,4.809523809523809,16,7.309523809523809,81.54761904761905,0.38095238095238093,59.83571428571429,Finance,Mid,Communication Skills
1485,41,4.975609756097561,22,7.560975609756097,81.85365853658537,0.5365853658536586,54.858536585365854,Operations,Mid,Time Management
1486,44,4.75,19,7.2272727272727275,79.18181818181819,0.4318181818181818,58.39999999999999,Finance,Mid,Time Management
1487,25,4.2,7,7.44,80.68,0.28,55.804,Finance,Mid,Communication Skills
1488,50,4.98,23,7.42,80.54,0.46,60.36200000000001,Finance,Mid,Time Management
1489,23,5.043478260869565,12,7.6521739130434785,81.3913043478261,0.5217391304347826,47.96521739130435,IT,Mid,Time Management
1490,32,4.40625,8,7.5,83.09375,0.25,60.22812499999999,IT,Mid,Communication Skills
1491,49,4.73469387755102,20,7.26530612244898,82.55102040816327,0.40816326530612246,62.12040816326531,HR,Mid,Time Management
1492,41,4.2439024390243905,13,7.439024390243903,76.2439024390244,0.3170731707317073,59.7609756097561,Finance,Mid,Communication Skills
1493,40,5.15,18,7.575,79.15,0.45,56.245000000000005,Marketing,Mid,Time Management
1494,44,4.886363636363637,20,7.4772727272727275,78.47727272727273,0.45454545454545453,57.50681818181819,Marketing,Mid,Time Management
1495,23,5.826086956521739,17,7.434782608695652,82.6086956521739,0.7391304347826086,41.80869565217391,Finance,Mid,Time Management
1496,50,5.56,30,7.2,78.48,0.6,55.544,Operations,Mid,Time Management
1497,42,4.809523809523809,19,7.761904761904762,83.21428571428571,0.4523809523809524,58.192857142857136,Marketing,Mid,Time Management
1498,50,5.28,23,7.68,79.22,0.46,59.966,IT,Mid,Time Management
1499,43,4.325581395348837,17,7.930232558139535,80.34883720930233,0.3953488372093023,59.44418604651163,Finance,Mid,Communication Skills
1500,21,4.238095238095238,12,7.095238095238095,79.76190476190476,0.5714285714285714,45.18571428571428,HR,Mid,Time Management
1501,23,4.3478260869565215,8,7.478260869565218,79.91304347826087,0.34782608695652173,52.73913043478261,Marketing,Mid,Communication Skills
1502,41,5.024390243902439,17,7.658536585365853,81.46341463414635,0.4146341463414634,58.400000000000006,IT,Mid,Time Management
1503,36,4.472222222222222,13,7.527777777777778,81.77777777777777,0.3611111111111111,58.099999999999994,HR,Mid,Communication Skills
1504,50,4.46,23,7.36,81.44,0.46,60.632000000000005,IT,Mid,Time Management
1505,32,4.8125,11,7.8125,81.9375,0.34375,57.068749999999994,IT,Mid,Communication Skills
1506,42,4.880952380952381,19,7.619047619047619,81.4047619047619,0.4523809523809524,57.64999999999999,HR,Mid,Time Management
1507,46,4.804347826086956,18,7.608695652173913,78.73913043478261,0.391304347826087,60.28260869565218,HR,Mid,Communication Skills
1508,32,5.03125,17,7.53125,80.34375,0.53125,50.965625,Operations,Mid,Time Management
1509,33,4.787878787878788,15,7.363636363636363,76.36363636363636,0.45454545454545453,52.47272727272727,Finance,Mid,Time Management
1510,22,5.409090909090909,9,7.363636363636363,79.77272727272727,0.4090909090909091,50.459090909090904,Marketing,Mid,Time Management
1511,49,5.020408163265306,27,7.326530612244898,80.87755102040816,0.5510204081632653,57.33265306122449,Marketing,Mid,Time Management
1512,28,5.428571428571429,13,7.464285714285714,81.07142857142857,0.4642857142857143,51.59285714285714,Operations,Mid,Time Management
1513,23,5.217391304347826,13,7.6521739130434785,76.34782608695652,0.5652173913043478,45.14782608695652,IT,Mid,Time Management
1514,25,5.52,9,7.44,79.4,0.36,53.019999999999996,Marketing,Mid,Communication Skills
1515,35,5.457142857142857,17,7.485714285714286,79.85714285714286,0.4857142857142857,53.385714285714286,Operations,Mid,Time Management
1516,35,5.3428571428571425,17,7.771428571428571,79.37142857142857,0.4857142857142857,53.239999999999995,Operations,Mid,Time Management
1517,22,4.909090909090909,8,7.818181818181818,79.45454545454545,0.36363636363636365,51.72727272727273,IT,Mid,Communication Skills
1518,40,4.95,17,7.75,77.9,0.425,56.620000000000005,Finance,Mid,Time Management
1519,31,5.580645161290323,16,7.354838709677419,79.51612903225806,0.5161290322580645,50.77096774193548,HR,Mid,Time Management
1520,46,5.043478260869565,20,7.478260869565218,80.5,0.43478260869565216,59.50652173913044,HR,Mid,Time Management
1521,29,4.931034482758621,13,7.689655172413793,77.20689655172414,0.4482758620689655,51.313793103448276,Finance,Mid,Time Management
1522,35,5.314285714285714,13,7.228571428571429,78.17142857142858,0.37142857142857144,56.30857142857143,Finance,Mid,Communication Skills
1523,44,5.136363636363637,20,7.613636363636363,80.75,0.45454545454545453,58.18863636363636,Marketing,Mid,Time Management
1524,40,6.0,23,7.6,78.375,0.575,52.2625,HR,Mid,Time Management
1525,40,5.425,23,7.5,78.075,0.575,52.1725,IT,Mid,Time Management
1526,40,5.075,16,7.25,81.7,0.4,58.510000000000005,Finance,Mid,Communication Skills
1527,22,4.2727272727272725,8,7.818181818181818,78.5,0.36363636363636365,51.44090909090909,Operations,Mid,Communication Skills
1528,21,4.523809523809524,9,7.571428571428571,77.33333333333333,0.42857142857142855,48.74285714285715,Operations,Mid,Time Management
1529,40,4.85,14,7.45,78.975,0.35,59.192499999999995,Marketing,Mid,Communication Skills
1530,45,4.533333333333333,12,7.466666666666667,79.93333333333334,0.26666666666666666,63.980000000000004,Finance,Mid,Communication Skills
1531,43,4.976744186046512,18,7.465116279069767,79.97674418604652,0.4186046511627907,58.63488372093023,Marketing,Mid,Time Management
1532,37,4.621621621621622,13,7.513513513513513,82.02702702702703,0.35135135135135137,58.867567567567576,IT,Mid,Communication Skills
1533,43,5.069767441860465,20,7.465116279069767,77.23255813953489,0.46511627906976744,56.41627906976745,Marketing,Mid,Time Management
1534,36,4.972222222222222,17,7.555555555555555,79.77777777777777,0.4722222222222222,54.166666666666664,HR,Mid,Time Management
1535,43,5.4186046511627906,25,7.651162790697675,81.20930232558139,0.5813953488372093,54.12093023255814,Operations,Mid,Time Management
1536,37,5.1891891891891895,16,7.702702702702703,80.05405405405405,0.43243243243243246,55.843243243243236,Marketing,Mid,Time Management
1537,21,6.0476190476190474,13,7.190476190476191,79.80952380952381,0.6190476190476191,43.77142857142857,Operations,Mid,Time Management
1538,42,5.333333333333333,19,7.309523809523809,81.0,0.4523809523809524,57.528571428571425,Marketing,Mid,Time Management
1539,42,5.023809523809524,18,7.4523809523809526,83.4047619047619,0.42857142857142855,58.96428571428571,Finance,Mid,Time Management
1540,41,5.121951219512195,22,7.829268292682927,81.8780487804878,0.5365853658536586,54.86585365853659,Finance,Mid,Time Management
1541,21,5.142857142857143,11,7.666666666666667,80.42857142857143,0.5238095238095238,46.81428571428572,Operations,Mid,Time Management
1542,46,5.021739130434782,20,7.3478260869565215,80.80434782608695,0.43478260869565216,59.59782608695653,Finance,Mid,Time Management
1543,40,5.4,20,7.575,81.7,0.5,55.510000000000005,HR,Mid,Time Management
1544,31,5.258064516129032,16,7.32258064516129,79.90322580645162,0.5161290322580645,50.88709677419355,Operations,Mid,Time Management
1545,49,4.8979591836734695,22,7.673469387755102,81.87755102040816,0.4489795918367347,60.69387755102041,IT,Mid,Time Management
1546,40,5.475,18,7.55,81.7,0.45,57.010000000000005,Finance,Mid,Time Management
1547,48,4.75,20,7.604166666666667,80.14583333333333,0.4166666666666667,60.743750000000006,HR,Mid,Time Management
1548,25,5.56,11,7.28,78.68,0.44,50.404,Marketing,Mid,Time Management
1549,44,4.7272727272727275,17,7.363636363636363,84.27272727272727,0.38636363636363635,61.290909090909096,Operations,Mid,Communication Skills
1550,49,4.73469387755102,26,7.36734693877551,79.20408163265306,0.5306122448979592,57.44285714285715,IT,Mid,Time Management
1551,36,5.027777777777778,18,7.722222222222222,79.41666666666667,0.5,53.224999999999994,Finance,Mid,Time Management
1552,23,4.434782608695652,12,7.826086956521739,78.47826086956522,0.5217391304347826,47.09130434782609,Finance,Mid,Time Management
1553,31,4.32258064516129,15,7.645161290322581,79.09677419354838,0.4838709677419355,51.61290322580645,Marketing,Mid,Time Management
1554,40,4.775,17,7.6,82.125,0.425,57.8875,HR,Mid,Time Management
1555,47,4.914893617021277,20,7.404255319148936,83.63829787234043,0.425531914893617,61.125531914893614,Operations,Mid,Time Management
1556,46,5.239130434782608,21,7.565217391304348,79.58695652173913,0.45652173913043476,58.58043478260869,Operations,Mid,Time Management
1557,33,4.909090909090909,15,7.787878787878788,80.15151515151516,0.45454545454545453,53.60909090909091,IT,Mid,Time Management
1558,41,4.317073170731708,15,7.341463414634147,80.17073170731707,0.36585365853658536,59.475609756097555,Finance,Mid,Communication Skills
1559,24,5.583333333333333,14,7.625,79.91666666666667,0.5833333333333334,46.075,Operations,Mid,Time Management
1560,46,4.934782608695652,21,7.434782608695652,81.91304347826087,0.45652173913043476,59.278260869565216,HR,Mid,Time Management
1561,21,5.238095238095238,10,7.571428571428571,78.66666666666667,0.47619047619047616,47.714285714285715,Operations,Mid,Time Management
1562,33,4.878787878787879,8,7.666666666666667,83.57575757575758,0.24242424242424243,61.0,Operations,Mid,Communication Skills
1563,36,3.611111111111111,10,7.75,79.52777777777777,0.2777777777777778,59.925,HR,Mid,Communication Skills
1564,30,4.633333333333334,10,7.766666666666667,76.3,0.3333333333333333,54.89,Finance,Mid,Communication Skills
1565,48,4.791666666666667,22,7.333333333333333,80.5,0.4583333333333333,59.6,Finance,Mid,Time Management
1566,40,5.025,21,7.575,81.025,0.525,54.557500000000005,IT,Mid,Time Management
1567,24,4.791666666666667,7,7.458333333333333,76.33333333333333,0.2916666666666667,53.75,Marketing,Mid,Communication Skills
1568,27,6.111111111111111,15,7.888888888888889,77.11111111111111,0.5555555555555556,47.266666666666666,Finance,Mid,Time Management
1569,27,4.814814814814815,11,7.296296296296297,77.29629629629629,0.4074074074074074,51.766666666666666,HR,Mid,Time Management
1570,20,5.7,12,7.3,78.8,0.6,43.64,Marketing,Mid,Time Management
1571,20,5.05,10,7.45,82.6,0.5,47.78,Finance,Mid,Time Management
1572,31,4.838709677419355,16,7.419354838709677,78.48387096774194,0.5161290322580645,50.46129032258064,Operations,Mid,Time Management
1573,46,5.1521739130434785,21,7.369565217391305,79.71739130434783,0.45652173913043476,58.61956521739131,Finance,Mid,Time Management
1574,29,4.517241379310345,10,7.758620689655173,82.89655172413794,0.3448275862068966,56.12413793103448,IT,Mid,Communication Skills
1575,32,5.78125,19,7.90625,79.46875,0.59375,48.828125,HR,Mid,Time Management
1576,41,5.487804878048781,20,7.609756097560975,78.39024390243902,0.4878048780487805,55.28292682926829,Marketing,Mid,Time Management
1577,26,6.0,15,7.769230769230769,78.42307692307692,0.5769230769230769,46.61923076923077,HR,Mid,Time Management
1578,27,4.925925925925926,12,7.666666666666667,79.88888888888889,0.4444444444444444,51.43333333333334,Operations,Mid,Time Management
1579,43,5.5813953488372094,24,7.511627906976744,78.74418604651163,0.5581395348837209,54.079069767441865,Marketing,Mid,Time Management
1580,44,4.7272727272727275,22,7.409090909090909,80.20454545454545,0.5,56.66136363636363,Marketing,Mid,Time Management
1581,34,4.970588235294118,14,7.264705882352941,79.79411764705883,0.4117647058823529,55.18529411764706,Marketing,Mid,Time Management
1582,46,4.434782608695652,18,7.456521739130435,76.45652173913044,0.391304347826087,59.59782608695653,IT,Mid,Communication Skills
1583,32,5.625,17,7.40625,79.6875,0.53125,50.76875,IT,Mid,Time Management
1584,35,5.314285714285714,18,7.514285714285714,81.71428571428571,0.5142857142857142,53.08571428571429,Finance,Mid,Time Management
1585,42,4.523809523809524,14,7.190476190476191,79.97619047619048,0.3333333333333333,60.792857142857144,Finance,Mid,Communication Skills
1586,24,4.625,13,7.291666666666667,81.33333333333333,0.5416666666666666,47.75,Marketing,Mid,Time Management
1587,50,4.7,20,7.64,78.04,0.4,61.412000000000006,HR,Mid,Communication Skills
1588,36,4.416666666666667,11,7.861111111111111,79.08333333333333,0.3055555555555556,58.95833333333333,Operations,Mid,Communication Skills
1589,37,4.702702702702703,9,7.756756756756757,78.86486486486487,0.24324324324324326,61.16216216216216,IT,Mid,Communication Skills
1590,33,5.484848484848484,20,7.363636363636363,77.27272727272727,0.6060606060606061,48.2,IT,Mid,Time Management
1591,37,4.918918918918919,18,7.243243243243243,82.5945945945946,0.4864864864864865,54.983783783783785,Operations,Mid,Time Management
1592,33,5.0606060606060606,13,7.484848484848484,80.84848484848484,0.3939393939393939,55.63636363636364,Operations,Mid,Communication Skills
1593,47,5.638297872340425,23,7.340425531914893,80.91489361702128,0.48936170212765956,58.3936170212766,Finance,Mid,Time Management
1594,43,5.162790697674419,17,7.488372093023256,76.30232558139535,0.3953488372093023,58.230232558139534,Finance,Mid,Communication Skills
1595,42,4.714285714285714,13,7.571428571428571,81.76190476190476,0.30952380952380953,62.042857142857144,IT,Mid,Communication Skills
1596,32,4.78125,18,7.5625,80.4375,0.5625,50.05625,Finance,Mid,Time Management
1597,48,5.541666666666667,27,7.770833333333333,78.9375,0.5625,56.00625,IT,Mid,Time Management
1598,48,5.145833333333333,18,7.604166666666667,80.39583333333333,0.375,62.06875,Marketing,Mid,Communication Skills
1599,33,4.454545454545454,10,7.484848484848484,79.15151515151516,0.30303030303030304,57.85454545454546,IT,Mid,Communication Skills
1600,24,4.333333333333333,10,7.791666666666667,83.41666666666667,0.4166666666666667,52.125,Marketing,Mid,Time Management
1601,31,6.064516129032258,17,7.419354838709677,84.3225806451613,0.5483870967741935,51.245161290322585,Operations,Mid,Time Management
1602,24,4.708333333333333,6,7.666666666666667,83.08333333333333,0.25,57.025,HR,Mid,Communication Skills
1603,43,4.883720930232558,19,7.348837209302325,83.72093023255815,0.4418604651162791,59.060465116279076,Operations,Mid,Time Management
1604,37,5.54054054054054,19,7.594594594594595,80.21621621621621,0.5135135135135135,53.45945945945945,HR,Mid,Time Management
1605,22,4.681818181818182,13,7.090909090909091,78.54545454545455,0.5909090909090909,44.63636363636363,HR,Mid,Time Management
1606,31,4.838709677419355,16,7.580645161290323,78.58064516129032,0.5161290322580645,50.490322580645156,Operations,Mid,Time Management
1607,37,5.27027027027027,17,7.72972972972973,77.89189189189189,0.4594594594594595,54.383783783783784,Finance,Mid,Time Management
1608,39,5.153846153846154,14,7.358974358974359,75.74358974358974,0.358974358974359,57.55384615384615,IT,Mid,Communication Skills
1609,44,5.0227272727272725,12,7.363636363636363,81.97727272727273,0.2727272727272727,64.01136363636364,Marketing,Mid,Communication Skills
1610,29,4.931034482758621,12,7.724137931034483,76.51724137931035,0.41379310344827586,52.14137931034483,HR,Mid,Time Management
1611,45,4.955555555555556,21,7.466666666666667,77.95555555555555,0.4666666666666667,57.38666666666666,Marketing,Mid,Time Management
1612,33,4.515151515151516,15,7.606060606060606,80.81818181818181,0.45454545454545453,53.809090909090905,IT,Mid,Time Management
1613,40,4.925,21,7.55,78.8,0.525,53.89,Marketing,Mid,Time Management
1614,47,5.595744680851064,29,7.723404255319149,79.85106382978724,0.6170212765957447,54.24468085106383,IT,Mid,Time Management
1615,47,5.276595744680851,20,7.638297872340425,82.80851063829788,0.425531914893617,60.876595744680856,HR,Mid,Time Management
1616,47,4.872340425531915,28,7.829787234042553,79.38297872340425,0.5957446808510638,54.742553191489364,Finance,Mid,Time Management
1617,36,5.611111111111111,21,7.916666666666667,77.69444444444444,0.5833333333333334,50.20833333333333,Marketing,Mid,Time Management
1618,31,5.193548387096774,16,7.709677419354839,79.09677419354838,0.5161290322580645,50.64516129032258,HR,Mid,Time Management
1619,22,3.4545454545454546,5,7.454545454545454,78.9090909090909,0.22727272727272727,55.654545454545456,Marketing,Mid,Communication Skills
1620,27,5.851851851851852,15,7.555555555555555,79.18518518518519,0.5555555555555556,47.888888888888886,IT,Mid,Time Management
1621,27,5.666666666666667,14,7.481481481481482,76.33333333333333,0.5185185185185185,48.144444444444446,HR,Mid,Time Management
1622,34,5.411764705882353,13,7.794117647058823,80.3529411764706,0.38235294117647056,56.23529411764706,IT,Mid,Communication Skills
1623,38,4.684210526315789,15,7.421052631578948,78.97368421052632,0.39473684210526316,57.05,Operations,Mid,Communication Skills
1624,44,4.863636363636363,19,7.545454545454546,75.43181818181819,0.4318181818181818,57.27499999999999,IT,Mid,Time Management
1625,23,5.086956521739131,10,7.913043478260869,80.78260869565217,0.43478260869565216,50.39130434782609,Marketing,Mid,Time Management
1626,50,4.94,23,7.46,78.44,0.46,59.732,Marketing,Mid,Time Management
1627,30,5.166666666666667,17,7.4,79.86666666666666,0.5666666666666667,48.959999999999994,HR,Mid,Time Management
1628,42,3.880952380952381,17,7.571428571428571,80.35714285714286,0.40476190476190477,58.76428571428572,Operations,Mid,Time Management
1629,24,5.25,13,7.625,78.91666666666667,0.5416666666666666,47.025000000000006,Finance,Mid,Time Management
1630,42,5.428571428571429,25,7.880952380952381,78.38095238095238,0.5952380952380952,52.457142857142856,Operations,Mid,Time Management
1631,22,4.454545454545454,8,7.2727272727272725,77.31818181818181,0.36363636363636365,51.08636363636363,Finance,Mid,Communication Skills
1632,44,5.113636363636363,14,7.5227272727272725,83.86363636363636,0.3181818181818182,63.21363636363637,Operations,Mid,Communication Skills
1633,46,4.869565217391305,22,7.565217391304348,77.91304347826087,0.4782608695652174,57.42608695652174,Finance,Mid,Time Management
1634,42,5.595238095238095,17,7.9523809523809526,81.78571428571429,0.40476190476190477,59.19285714285715,IT,Mid,Time Management
1635,31,4.67741935483871,14,7.580645161290323,80.45161290322581,0.45161290322580644,52.987096774193546,Finance,Mid,Time Management
1636,38,4.973684210526316,18,7.447368421052632,78.52631578947368,0.47368421052631576,54.54736842105264,Operations,Mid,Time Management
1637,32,4.875,10,7.625,81.40625,0.3125,57.846875,IT,Mid,Communication Skills
1638,40,5.0,17,7.2,80.85,0.425,57.504999999999995,HR,Mid,Time Management
1639,34,4.794117647058823,12,7.294117647058823,79.67647058823529,0.35294117647058826,56.91470588235295,Marketing,Mid,Communication Skills
1640,43,4.744186046511628,18,7.651162790697675,79.74418604651163,0.4186046511627907,58.56511627906977,IT,Mid,Time Management
1641,44,4.818181818181818,23,7.613636363636363,80.43181818181819,0.5227272727272727,56.04772727272727,Operations,Mid,Time Management
1642,23,5.130434782608695,9,7.391304347826087,82.43478260869566,0.391304347826087,52.19130434782609,IT,Mid,Communication Skills
1643,23,4.173913043478261,9,7.173913043478261,80.1304347826087,0.391304347826087,51.5,Marketing,Mid,Communication Skills
1644,29,5.0,11,7.137931034482759,82.17241379310344,0.3793103448275862,54.87241379310345,Finance,Mid,Communication Skills
1645,46,5.5,27,7.434782608695652,78.69565217391305,0.5869565217391305,54.400000000000006,IT,Mid,Time Management
1646,29,4.655172413793103,16,7.172413793103448,83.3103448275862,0.5517241379310345,50.04137931034483,Marketing,Mid,Time Management
1647,34,4.264705882352941,12,7.588235294117647,81.20588235294117,0.35294117647058826,57.37352941176471,HR,Mid,Communication Skills
1648,34,4.764705882352941,16,7.588235294117647,78.3529411764706,0.47058823529411764,52.98823529411765,Operations,Mid,Time Management
1649,37,4.702702702702703,16,7.5675675675675675,79.8108108108108,0.43243243243243246,55.77027027027027,Finance,Mid,Time Management
1650,27,4.407407407407407,12,7.407407407407407,80.81481481481481,0.4444444444444444,51.71111111111111,HR,Mid,Time Management
1651,48,5.145833333333333,23,7.604166666666667,82.14583333333333,0.4791666666666667,59.46875,HR,Mid,Time Management
1652,31,4.903225806451613,19,7.548387096774194,80.51612903225806,0.6129032258064516,48.167741935483875,Finance,Mid,Time Management
1653,24,4.625,10,7.625,80.16666666666667,0.4166666666666667,51.15,Operations,Mid,Time Management
1654,32,5.78125,16,7.53125,82.875,0.5,52.6625,HR,Mid,Time Management
1655,46,5.6521739130434785,35,7.391304347826087,78.02173913043478,0.7608695652173914,48.9804347826087,IT,Mid,Time Management
1656,50,5.0,24,7.62,80.54,0.48,59.762,Finance,Mid,Time Management
1657,35,4.314285714285714,11,7.4,81.57142857142857,0.3142857142857143,59.042857142857144,Marketing,Mid,Communication Skills
1658,20,5.35,9,7.55,79.7,0.45,48.41,IT,Mid,Time Management
1659,41,5.317073170731708,20,7.585365853658536,81.65853658536585,0.4878048780487805,56.26341463414634,IT,Mid,Time Management
1660,49,4.551020408163265,21,7.775510204081633,79.81632653061224,0.42857142857142855,60.687755102040825,IT,Mid,Time Management
1661,50,4.7,16,7.26,78.6,0.32,63.98,HR,Mid,Communication Skills
1662,33,5.212121212121212,15,7.666666666666667,74.57575757575758,0.45454545454545453,51.93636363636364,Operations,Mid,Time Management
1663,34,5.147058823529412,17,7.294117647058823,77.91176470588235,0.5,51.9735294117647,IT,Mid,Time Management
1664,27,5.333333333333333,15,7.703703703703703,80.0,0.5555555555555556,48.13333333333333,IT,Mid,Time Management
1665,40,5.275,19,7.75,81.975,0.475,56.3425,HR,Mid,Time Management
1666,35,4.685714285714286,15,7.685714285714286,77.25714285714285,0.42857142857142855,54.31999999999999,Marketing,Mid,Time Management
1667,50,4.94,21,7.4,77.06,0.42,60.518,HR,Mid,Time Management
1668,39,5.0256410256410255,13,7.410256410256411,78.3076923076923,0.3333333333333333,59.0923076923077,Operations,Mid,Communication Skills
1669,24,3.7916666666666665,10,7.916666666666667,81.54166666666667,0.4166666666666667,51.5625,Operations,Mid,Time Management
1670,24,6.0,13,7.416666666666667,77.29166666666667,0.5416666666666666,46.5375,Marketing,Mid,Time Management
1671,42,5.404761904761905,21,7.714285714285714,79.33333333333333,0.5,55.599999999999994,IT,Mid,Time Management
1672,23,4.739130434782608,7,7.304347826086956,82.65217391304348,0.30434782608695654,54.865217391304355,HR,Mid,Communication Skills
1673,21,5.904761904761905,12,7.380952380952381,78.14285714285714,0.5714285714285714,44.7,Marketing,Mid,Time Management
1674,39,3.948717948717949,10,7.641025641025641,80.0,0.2564102564102564,61.90769230769231,HR,Mid,Communication Skills
1675,49,4.857142857142857,22,7.673469387755102,79.6938775510204,0.4489795918367347,60.03877551020408,IT,Mid,Time Management
1676,49,5.122448979591836,22,7.489795918367347,82.16326530612245,0.4489795918367347,60.779591836734696,Operations,Mid,Time Management
1677,47,5.1063829787234045,22,7.404255319148936,78.55319148936171,0.46808510638297873,58.32340425531915,Finance,Mid,Time Management
1678,38,4.473684210526316,17,7.2368421052631575,79.55263157894737,0.4473684210526316,55.64473684210526,HR,Mid,Time Management
1679,20,5.65,9,7.6,77.35,0.45,47.705,Finance,Mid,Time Management
1680,44,4.840909090909091,23,7.5227272727272725,81.04545454545455,0.5227272727272727,56.231818181818184,Finance,Mid,Time Management
1681,25,4.6,10,7.36,78.0,0.4,51.4,Marketing,Mid,Communication Skills
1682,45,5.133333333333334,22,7.7555555555555555,77.97777777777777,0.4888888888888889,56.72666666666666,Marketing,Mid,Time Management
1683,41,4.463414634146342,14,7.439024390243903,78.02439024390245,0.34146341463414637,59.56341463414634,Marketing,Mid,Communication Skills
1684,26,5.3076923076923075,12,7.5,77.76923076923077,0.46153846153846156,49.88461538461539,IT,Mid,Time Management
1685,29,4.206896551724138,7,7.379310344827586,76.34482758620689,0.2413793103448276,57.26206896551723,HR,Mid,Communication Skills
1686,44,4.818181818181818,21,7.568181818181818,78.1590909090909,0.4772727272727273,56.72954545454545,Marketing,Mid,Time Management
1687,35,5.3428571428571425,15,7.6571428571428575,80.17142857142858,0.42857142857142855,55.19428571428571,Finance,Mid,Time Management
1688,28,5.321428571428571,13,7.785714285714286,80.28571428571429,0.4642857142857143,51.35714285714286,IT,Mid,Time Management
1689,46,5.065217391304348,20,7.934782608695652,78.5,0.43478260869565216,58.90652173913044,HR,Mid,Time Management
1690,26,5.384615384615385,12,7.461538461538462,74.96153846153847,0.46153846153846156,49.04230769230769,HR,Mid,Time Management
1691,38,4.921052631578948,17,7.684210526315789,81.94736842105263,0.4473684210526316,56.363157894736844,HR,Mid,Time Management
1692,47,5.723404255319149,23,7.595744680851064,79.87234042553192,0.48936170212765956,58.0808510638298,Marketing,Mid,Time Management
1693,32,4.90625,11,7.5625,80.34375,0.34375,56.590624999999996,Finance,Mid,Communication Skills
1694,39,4.9743589743589745,17,7.717948717948718,79.61538461538461,0.4358974358974359,56.407692307692315,Finance,Mid,Time Management
1695,28,5.785714285714286,15,7.571428571428571,81.14285714285714,0.5357142857142857,49.471428571428575,Operations,Mid,Time Management
1696,26,5.384615384615385,13,7.230769230769231,80.46153846153847,0.5,49.53846153846153,IT,Mid,Time Management
1697,41,4.902439024390244,20,7.7560975609756095,78.95121951219512,0.4878048780487805,55.451219512195124,Finance,Mid,Time Management
1698,50,4.98,18,7.72,78.94,0.36,62.882000000000005,Finance,Mid,Communication Skills
1699,42,5.142857142857143,22,7.642857142857143,79.66666666666667,0.5238095238095238,54.98571428571429,HR,Mid,Time Management
1700,46,5.043478260869565,19,7.608695652173913,77.8913043478261,0.41304347826086957,59.37608695652174,Operations,Mid,Time Management
1701,25,4.2,7,7.44,82.76,0.28,56.428,IT,Mid,Communication Skills
1702,36,5.166666666666667,13,7.722222222222222,82.63888888888889,0.3611111111111111,58.35833333333333,Finance,Mid,Communication Skills
1703,35,4.714285714285714,10,7.628571428571429,80.37142857142857,0.2857142857142857,59.54,IT,Mid,Communication Skills
1704,46,5.173913043478261,23,7.282608695652174,78.58695652173913,0.5,56.97608695652174,Marketing,Mid,Time Management
1705,38,4.421052631578948,16,7.631578947368421,82.21052631578948,0.42105263157894735,57.23157894736842,Finance,Mid,Time Management
1706,46,4.543478260869565,22,7.326086956521739,79.8913043478261,0.4782608695652174,58.01956521739131,HR,Mid,Time Management
1707,41,5.048780487804878,11,7.2926829268292686,77.09756097560975,0.2682926829268293,61.48048780487805,Finance,Mid,Communication Skills
1708,34,4.9411764705882355,17,7.5,82.73529411764706,0.5,53.42058823529412,Operations,Mid,Time Management
1709,34,5.4411764705882355,15,7.529411764705882,79.8529411764706,0.4411764705882353,54.320588235294125,Finance,Mid,Time Management
1710,23,5.043478260869565,12,7.217391304347826,79.26086956521739,0.5217391304347826,47.326086956521735,Finance,Mid,Time Management
1711,40,5.375,16,7.7,81.45,0.4,58.435,Marketing,Mid,Communication Skills
1712,37,5.486486486486487,22,7.648648648648648,81.89189189189189,0.5945945945945946,51.52972972972972,HR,Mid,Time Management
1713,36,4.277777777777778,13,7.472222222222222,79.27777777777777,0.3611111111111111,57.349999999999994,HR,Mid,Communication Skills
1714,34,4.323529411764706,16,7.617647058823529,78.5,0.47058823529411764,53.03235294117647,HR,Mid,Time Management
1715,49,5.877551020408164,26,7.63265306122449,79.81632653061224,0.5306122448979592,57.626530612244906,Finance,Mid,Time Management
1716,21,5.0,10,7.809523809523809,76.28571428571429,0.47619047619047616,47.0,Finance,Mid,Time Management
1717,36,5.361111111111111,17,7.333333333333333,77.41666666666667,0.4722222222222222,53.458333333333336,Finance,Mid,Time Management
1718,22,5.636363636363637,12,7.590909090909091,80.54545454545455,0.5454545454545454,46.6,HR,Mid,Time Management
1719,32,4.9375,13,7.84375,81.21875,0.40625,54.978125,Finance,Mid,Time Management
1720,23,5.478260869565218,12,7.565217391304348,80.30434782608695,0.5217391304347826,47.63913043478261,Operations,Mid,Time Management
1721,48,4.8125,18,7.666666666666667,76.89583333333333,0.375,61.01875,Finance,Mid,Communication Skills
1722,28,4.285714285714286,6,7.142857142857143,78.82142857142857,0.21428571428571427,58.417857142857144,Finance,Mid,Communication Skills
1723,27,6.111111111111111,18,7.851851851851852,73.18518518518519,0.6666666666666666,42.75555555555556,IT,Mid,Time Management
1724,21,4.809523809523809,8,7.333333333333333,85.04761904761905,0.38095238095238093,52.485714285714295,HR,Mid,Communication Skills
1725,44,5.068181818181818,19,7.5,79.02272727272727,0.4318181818181818,58.35227272727272,HR,Mid,Time Management
1726,22,4.181818181818182,7,7.363636363636363,77.27272727272727,0.3181818181818182,52.43636363636364,Marketing,Mid,Communication Skills
1727,31,5.838709677419355,13,7.645161290322581,77.80645161290323,0.41935483870967744,53.16129032258065,Operations,Mid,Time Management
1728,34,4.588235294117647,11,7.411764705882353,78.20588235294117,0.3235294117647059,57.35588235294118,HR,Mid,Communication Skills
1729,39,4.897435897435898,17,7.410256410256411,78.92307692307692,0.4358974358974359,56.2,Finance,Mid,Time Management
1730,41,4.902439024390244,18,7.7073170731707314,82.29268292682927,0.43902439024390244,57.91707317073171,HR,Mid,Time Management
1731,41,4.829268292682927,23,7.609756097560975,78.73170731707317,0.5609756097560976,53.19024390243902,IT,Mid,Time Management
1732,29,4.344827586206897,12,7.448275862068965,82.03448275862068,0.41379310344827586,53.79655172413793,IT,Mid,Time Management
1733,21,4.619047619047619,6,7.666666666666667,76.61904761904762,0.2857142857142857,52.81428571428572,Marketing,Mid,Communication Skills
1734,42,4.9523809523809526,18,7.666666666666667,78.16666666666667,0.42857142857142855,57.39285714285714,Finance,Mid,Time Management
1735,34,4.970588235294118,17,7.294117647058823,79.76470588235294,0.5,52.529411764705884,HR,Mid,Time Management
1736,24,4.5,14,7.541666666666667,82.54166666666667,0.5833333333333334,46.8625,Marketing,Mid,Time Management
1737,39,5.0,17,7.384615384615385,82.35897435897436,0.4358974358974359,57.23076923076924,Marketing,Mid,Time Management
1738,27,4.703703703703703,9,7.518518518518518,80.0,0.3333333333333333,54.800000000000004,IT,Mid,Communication Skills
1739,50,4.42,17,7.56,79.14,0.34,63.542,Marketing,Mid,Communication Skills
1740,47,4.808510638297872,20,7.170212765957447,77.31914893617021,0.425531914893617,59.22978723404255,Marketing,Mid,Time Management
1741,48,4.6875,17,7.25,81.72916666666667,0.3541666666666667,63.09375,Operations,Mid,Communication Skills
1742,34,5.294117647058823,15,7.294117647058823,79.73529411764706,0.4411764705882353,54.285294117647055,HR,Mid,Time Management
1743,23,5.173913043478261,10,7.434782608695652,79.91304347826087,0.43478260869565216,50.1304347826087,Marketing,Mid,Time Management
1744,50,4.1,14,7.18,82.36,0.28,66.30799999999999,Finance,Mid,Communication Skills
1745,42,5.380952380952381,16,7.380952380952381,80.0,0.38095238095238093,59.371428571428574,HR,Mid,Communication Skills
1746,33,4.878787878787879,12,7.181818181818182,81.24242424242425,0.36363636363636365,56.663636363636364,HR,Mid,Communication Skills
1747,37,5.081081081081081,13,7.648648648648648,82.5945945945946,0.35135135135135137,59.03783783783784,Marketing,Mid,Communication Skills
1748,36,4.611111111111111,14,7.75,79.86111111111111,0.3888888888888889,56.69166666666666,Operations,Mid,Communication Skills
1749,50,5.42,21,7.36,82.12,0.42,62.036,Operations,Mid,Time Management
1750,30,5.433333333333334,13,7.133333333333334,80.26666666666667,0.43333333333333335,53.08,IT,Mid,Time Management
1751,28,4.214285714285714,10,7.821428571428571,79.67857142857143,0.35714285714285715,54.38928571428572,Finance,Mid,Communication Skills
1752,43,5.069767441860465,20,7.627906976744186,76.67441860465117,0.46511627906976744,56.24883720930234,Finance,Mid,Time Management
1753,49,4.857142857142857,18,7.408163265306122,78.24489795918367,0.3673469387755102,62.053061224489795,Operations,Mid,Communication Skills
1754,29,4.793103448275862,13,7.310344827586207,82.58620689655173,0.4482758620689655,52.92758620689656,Marketing,Mid,Time Management
1755,26,4.730769230769231,11,7.6923076923076925,80.61538461538461,0.4230769230769231,51.89230769230769,IT,Mid,Time Management
1756,48,4.958333333333333,22,7.458333333333333,79.54166666666667,0.4583333333333333,59.3125,IT,Mid,Time Management
1757,37,4.54054054054054,10,8.054054054054054,82.24324324324324,0.2702702702702703,61.36486486486486,HR,Mid,Communication Skills
1758,40,5.475,16,7.175,81.35,0.4,58.405,Finance,Mid,Communication Skills
1759,45,4.022222222222222,15,7.311111111111111,77.26666666666667,0.3333333333333333,61.18,HR,Mid,Communication Skills
1760,31,4.580645161290323,12,7.483870967741935,80.61290322580645,0.3870967741935484,54.97096774193548,Operations,Mid,Communication Skills
1761,46,4.782608695652174,22,7.630434782608695,79.56521739130434,0.4782608695652174,57.92173913043479,HR,Mid,Time Management
1762,22,4.909090909090909,10,7.2272727272727275,77.04545454545455,0.45454545454545453,48.27727272727273,IT,Mid,Time Management
1763,35,3.742857142857143,14,7.514285714285714,79.54285714285714,0.4,55.86285714285714,HR,Mid,Communication Skills
1764,30,5.733333333333333,15,7.6,77.1,0.5,50.129999999999995,Operations,Mid,Time Management
1765,24,4.458333333333333,11,7.791666666666667,79.45833333333333,0.4583333333333333,49.6875,HR,Mid,Time Management
1766,34,4.764705882352941,19,7.5,75.05882352941177,0.5588235294117647,49.352941176470594,Marketing,Mid,Time Management
1767,24,4.25,9,7.625,77.16666666666667,0.375,51.5,Finance,Mid,Communication Skills
1768,43,5.372093023255814,21,7.255813953488372,77.97674418604652,0.4883720930232558,55.94186046511628,IT,Mid,Time Management
1769,35,5.514285714285714,20,7.457142857142857,82.77142857142857,0.5714285714285714,51.68857142857143,Finance,Mid,Time Management
1770,32,5.53125,16,7.5625,82.28125,0.5,52.484375,IT,Mid,Time Management
1771,26,4.576923076923077,11,7.730769230769231,81.88461538461539,0.4230769230769231,52.27307692307692,Operations,Mid,Time Management
1772,31,5.032258064516129,15,7.645161290322581,80.80645161290323,0.4838709677419355,52.1258064516129,IT,Mid,Time Management
1773,25,5.2,10,7.88,82.48,0.4,52.744,Finance,Mid,Communication Skills
1774,26,5.115384615384615,9,7.269230769230769,82.11538461538461,0.34615384615384615,54.650000000000006,Finance,Mid,Communication Skills
1775,23,5.217391304347826,12,7.260869565217392,80.56521739130434,0.5217391304347826,47.71739130434783,HR,Mid,Time Management
1776,35,5.4,17,7.771428571428571,80.94285714285714,0.4857142857142857,53.71142857142857,Finance,Mid,Time Management
1777,24,5.083333333333333,13,7.708333333333333,76.75,0.5416666666666666,46.375,HR,Mid,Time Management
1778,27,4.148148148148148,14,7.555555555555555,77.85185185185185,0.5185185185185185,48.6,Operations,Mid,Time Management
1779,40,5.075,18,7.5,76.35,0.45,55.405,HR,Mid,Time Management
1780,27,5.962962962962963,16,7.2592592592592595,77.70370370370371,0.5925925925925926,46.33333333333334,HR,Mid,Time Management
1781,24,4.291666666666667,8,7.791666666666667,77.0,0.3333333333333333,52.7,Marketing,Mid,Communication Skills
1782,35,5.828571428571428,18,7.571428571428571,77.82857142857142,0.5142857142857142,51.92,Operations,Mid,Time Management
1783,25,4.84,9,7.56,82.92,0.36,54.076,HR,Mid,Communication Skills
1784,36,5.25,18,7.388888888888889,82.25,0.5,54.075,Operations,Mid,Time Management
1785,43,4.767441860465116,17,7.534883720930233,79.5813953488372,0.3953488372093023,59.21395348837209,HR,Mid,Communication Skills
1786,34,5.5588235294117645,14,7.5,81.52941176470588,0.4117647058823529,55.705882352941174,Operations,Mid,Time Management
1787,23,5.434782608695652,9,7.6521739130434785,83.3913043478261,0.391304347826087,52.47826086956522,Operations,Mid,Communication Skills
1788,41,5.317073170731708,21,7.585365853658536,79.1219512195122,0.5121951219512195,54.770731707317076,Marketing,Mid,Time Management
1789,23,5.086956521739131,8,7.043478260869565,82.43478260869566,0.34782608695652173,53.495652173913044,HR,Mid,Communication Skills
1790,49,4.510204081632653,18,7.673469387755102,82.38775510204081,0.3673469387755102,63.295918367346935,Finance,Mid,Communication Skills
1791,42,4.666666666666667,18,7.4523809523809526,78.0952380952381,0.42857142857142855,57.371428571428574,IT,Mid,Time Management
1792,36,5.083333333333333,17,7.555555555555555,81.55555555555556,0.4722222222222222,54.7,Marketing,Mid,Time Management
1793,50,4.56,23,7.4,81.24,0.46,60.572,Operations,Mid,Time Management
1794,45,4.777777777777778,15,7.488888888888889,82.26666666666667,0.3333333333333333,62.68,IT,Mid,Communication Skills
1795,23,4.608695652173913,8,7.304347826086956,81.78260869565217,0.34782608695652173,53.3,Operations,Mid,Communication Skills
1796,29,4.758620689655173,15,7.793103448275862,79.58620689655173,0.5172413793103449,49.95862068965518,Marketing,Mid,Time Management
1797,20,4.45,4,7.0,83.3,0.2,56.989999999999995,Marketing,Mid,Communication Skills
1798,44,4.613636363636363,16,7.090909090909091,79.13636363636364,0.36363636363636365,60.43181818181818,Operations,Mid,Communication Skills
1799,31,4.709677419354839,16,7.419354838709677,77.83870967741936,0.5161290322580645,50.26774193548387,Operations,Mid,Time Management
1800,45,4.733333333333333,16,7.5777777777777775,82.0,0.35555555555555557,61.93333333333332,Marketing,Mid,Communication Skills
1801,23,5.217391304347826,8,7.521739130434782,79.69565217391305,0.34782608695652173,52.673913043478265,Finance,Mid,Communication Skills
1802,30,5.233333333333333,11,7.5,81.76666666666667,0.36666666666666664,55.53,Marketing,Mid,Communication Skills
1803,25,5.24,8,7.16,78.24,0.32,53.872,Finance,Mid,Communication Skills
1804,22,4.2727272727272725,8,7.2272727272727275,83.36363636363636,0.36363636363636365,52.9,Operations,Mid,Communication Skills
1805,47,5.0,23,7.468085106382978,77.70212765957447,0.48936170212765956,57.429787234042564,Operations,Mid,Time Management
1806,32,5.0,19,7.125,77.78125,0.59375,48.321875,Operations,Mid,Time Management
1807,29,5.241379310344827,12,7.137931034482759,81.62068965517241,0.41379310344827586,53.67241379310345,Marketing,Mid,Time Management
1808,24,4.041666666666667,11,7.791666666666667,74.70833333333333,0.4583333333333333,48.2625,Operations,Mid,Time Management
1809,45,4.977777777777778,23,7.4222222222222225,80.28888888888889,0.5111111111111111,56.75333333333334,Marketing,Mid,Time Management
1810,47,4.829787234042553,21,7.574468085106383,82.61702127659575,0.44680851063829785,60.18085106382979,Marketing,Mid,Time Management
1811,37,5.243243243243243,18,7.1891891891891895,77.97297297297297,0.4864864864864865,53.5972972972973,HR,Mid,Time Management
1812,30,5.166666666666667,15,7.6,77.0,0.5,50.099999999999994,Finance,Mid,Time Management
1813,38,5.2368421052631575,20,7.684210526315789,78.21052631578948,0.5263157894736842,52.87368421052632,Operations,Mid,Time Management
1814,48,4.916666666666667,22,7.5625,80.3125,0.4583333333333333,59.54375,Finance,Mid,Time Management
1815,25,4.8,8,7.08,82.2,0.32,55.06,Finance,Mid,Communication Skills
1816,24,3.7916666666666665,6,7.416666666666667,78.70833333333333,0.25,55.7125,Finance,Mid,Communication Skills
1817,39,5.0256410256410255,21,7.3076923076923075,78.61538461538461,0.5384615384615384,53.03076923076923,Marketing,Mid,Time Management
1818,47,5.0,17,7.531914893617022,81.29787234042553,0.3617021276595745,62.338297872340426,Finance,Mid,Communication Skills
1819,41,4.804878048780488,21,7.634146341463414,82.41463414634147,0.5121951219512195,55.75853658536586,Marketing,Mid,Time Management
1820,50,4.78,19,7.38,77.88,0.38,61.964,HR,Mid,Communication Skills
1821,23,4.913043478260869,10,7.3478260869565215,78.1304347826087,0.43478260869565216,49.59565217391305,Marketing,Mid,Time Management
1822,32,5.21875,14,7.59375,85.09375,0.4375,55.203125,Finance,Mid,Time Management
1823,29,5.0344827586206895,9,7.517241379310345,80.55172413793103,0.3103448275862069,56.45517241379311,Finance,Mid,Communication Skills
1824,47,4.382978723404255,15,7.617021276595745,77.0,0.3191489361702128,62.32553191489362,Operations,Mid,Communication Skills
1825,45,5.111111111111111,22,7.444444444444445,76.68888888888888,0.4888888888888889,56.33999999999999,IT,Mid,Time Management
1826,48,4.6875,22,7.125,78.97916666666667,0.4583333333333333,59.143750000000004,IT,Mid,Time Management
1827,41,4.902439024390244,16,7.560975609756097,80.17073170731707,0.3902439024390244,58.743902439024396,Operations,Mid,Communication Skills
1828,36,5.305555555555555,17,7.388888888888889,82.05555555555556,0.4722222222222222,54.85,Finance,Mid,Time Management
1829,25,5.12,11,7.24,79.8,0.44,50.739999999999995,HR,Mid,Time Management
1830,42,4.976190476190476,20,7.809523809523809,79.54761904761905,0.47619047619047616,56.37857142857143,Marketing,Mid,Time Management
1831,30,4.466666666666667,15,7.833333333333333,79.36666666666666,0.5,50.81,IT,Mid,Time Management
1832,23,5.130434782608695,10,7.391304347826087,80.08695652173913,0.43478260869565216,50.18260869565218,Finance,Mid,Time Management
1833,48,4.791666666666667,19,7.458333333333333,80.60416666666667,0.3958333333333333,61.50625000000001,HR,Mid,Communication Skills
1834,47,5.085106382978723,24,7.340425531914893,78.51063829787235,0.5106382978723404,57.0340425531915,HR,Mid,Time Management
1835,43,5.465116279069767,22,7.883720930232558,78.62790697674419,0.5116279069767442,55.439534883720924,Operations,Mid,Time Management
1836,22,4.909090909090909,9,7.409090909090909,81.54545454545455,0.4090909090909091,50.99090909090909,HR,Mid,Time Management
1837,34,5.588235294117647,18,7.352941176470588,77.0,0.5294117647058824,50.817647058823525,Finance,Mid,Time Management
1838,25,4.72,10,7.48,80.28,0.4,52.084,Operations,Mid,Communication Skills
1839,26,4.961538461538462,12,7.538461538461538,80.61538461538461,0.46153846153846156,50.738461538461536,Operations,Mid,Time Management
1840,21,5.619047619047619,10,7.571428571428571,82.04761904761905,0.47619047619047616,48.72857142857143,HR,Mid,Time Management
1841,28,4.571428571428571,13,7.285714285714286,75.67857142857143,0.4642857142857143,49.975,Operations,Mid,Time Management
1842,42,5.214285714285714,19,7.523809523809524,81.45238095238095,0.4523809523809524,57.66428571428571,IT,Mid,Time Management
1843,44,4.931818181818182,22,7.75,83.04545454545455,0.5,57.513636363636365,Marketing,Mid,Time Management
1844,28,5.178571428571429,13,7.321428571428571,80.21428571428571,0.4642857142857143,51.33571428571429,HR,Mid,Time Management
1845,44,4.363636363636363,17,7.454545454545454,79.81818181818181,0.38636363636363635,59.95454545454545,Operations,Mid,Communication Skills
1846,46,5.108695652173913,22,7.6521739130434785,81.73913043478261,0.4782608695652174,58.573913043478264,Operations,Mid,Time Management
1847,20,6.35,12,7.35,80.75,0.6,44.224999999999994,IT,Mid,Time Management
1848,46,5.369565217391305,23,7.565217391304348,79.76086956521739,0.5,57.32826086956523,Finance,Mid,Time Management
1849,29,5.413793103448276,10,7.551724137931035,80.0,0.3448275862068966,55.255172413793105,HR,Mid,Communication Skills
1850,45,5.288888888888889,21,7.644444444444445,77.93333333333334,0.4666666666666667,57.379999999999995,Marketing,Mid,Time Management
1851,38,5.026315789473684,17,7.473684210526316,81.0,0.4473684210526316,56.078947368421055,IT,Mid,Time Management
1852,20,4.7,6,7.3,82.85,0.3,53.855,Operations,Mid,Communication Skills
1853,42,5.0,19,7.523809523809524,77.35714285714286,0.4523809523809524,56.43571428571428,Finance,Mid,Time Management
1854,27,4.111111111111111,8,7.7407407407407405,75.51851851851852,0.2962962962962963,54.56666666666666,HR,Mid,Communication Skills
1855,41,5.024390243902439,13,7.2926829268292686,83.41463414634147,0.3170731707317073,61.91219512195123,IT,Mid,Communication Skills
1856,27,4.481481481481482,11,7.444444444444445,77.11111111111111,0.4074074074074074,51.71111111111111,IT,Mid,Time Management
1857,32,5.21875,13,7.78125,81.28125,0.40625,54.996875,IT,Mid,Time Management
1858,23,4.043478260869565,9,7.739130434782608,80.43478260869566,0.391304347826087,51.59130434782609,Operations,Mid,Communication Skills
1859,44,5.045454545454546,20,7.409090909090909,79.18181818181819,0.45454545454545453,57.71818181818182,Marketing,Mid,Time Management
1860,45,5.266666666666667,19,7.4,80.42222222222222,0.4222222222222222,59.459999999999994,Operations,Mid,Time Management
1861,35,5.685714285714286,17,7.457142857142857,81.0,0.4857142857142857,53.72857142857143,Operations,Mid,Time Management
1862,33,5.090909090909091,13,7.333333333333333,80.0909090909091,0.3939393939393939,55.40909090909091,Marketing,Mid,Communication Skills
1863,22,5.181818181818182,11,7.7727272727272725,80.31818181818181,0.5,47.89545454545454,Finance,Mid,Time Management
1864,39,4.897435897435898,20,7.410256410256411,81.38461538461539,0.5128205128205128,54.63076923076923,IT,Mid,Time Management
1865,20,6.0,13,7.5,84.6,0.65,43.879999999999995,Finance,Mid,Time Management
1866,29,4.793103448275862,14,7.586206896551724,79.24137931034483,0.4827586206896552,50.88965517241379,Finance,Mid,Time Management
1867,44,5.295454545454546,23,7.25,79.93181818181819,0.5227272727272727,55.89772727272728,Operations,Mid,Time Management
1868,42,4.761904761904762,16,7.357142857142857,79.38095238095238,0.38095238095238093,59.18571428571428,HR,Mid,Communication Skills
1869,27,3.814814814814815,9,7.592592592592593,76.48148148148148,0.3333333333333333,53.74444444444445,HR,Mid,Communication Skills
1870,25,5.16,12,7.28,77.72,0.48,48.916,Operations,Mid,Time Management
1871,21,5.285714285714286,13,7.476190476190476,87.28571428571429,0.6190476190476191,46.01428571428572,IT,Mid,Time Management
1872,28,5.071428571428571,14,7.714285714285714,76.17857142857143,0.5,49.05357142857143,HR,Mid,Time Management
1873,20,3.8,6,7.75,80.1,0.3,53.03,HR,Mid,Communication Skills
1874,37,5.648648648648648,18,7.513513513513513,80.70270270270271,0.4864864864864865,54.41621621621622,Operations,Mid,Time Management
1875,26,4.769230769230769,9,7.769230769230769,83.11538461538461,0.34615384615384615,54.95,Finance,Mid,Communication Skills
1876,22,4.545454545454546,10,7.545454545454546,77.68181818181819,0.45454545454545453,48.46818181818182,Marketing,Mid,Time Management
1877,49,5.081632653061225,21,7.428571428571429,80.18367346938776,0.42857142857142855,60.79795918367347,IT,Mid,Time Management
1878,28,5.25,13,7.392857142857143,78.78571428571429,0.4642857142857143,50.90714285714286,Marketing,Mid,Time Management
1879,23,5.304347826086956,9,7.608695652173913,76.56521739130434,0.391304347826087,50.4304347826087,IT,Mid,Communication Skills
1880,43,4.883720930232558,17,7.325581395348837,78.25581395348837,0.3953488372093023,58.81627906976744,Operations,Mid,Communication Skills
1881,41,4.634146341463414,14,7.317073170731708,79.78048780487805,0.34146341463414637,60.09024390243903,Marketing,Mid,Communication Skills
1882,39,5.358974358974359,22,7.333333333333333,78.35897435897436,0.5641025641025641,52.184615384615384,HR,Mid,Time Management
1883,50,4.36,15,7.8,77.64,0.3,64.292,Operations,Mid,Communication Skills
1884,20,5.65,10,7.25,77.6,0.5,46.28,Finance,Mid,Time Management
1885,47,4.957446808510638,16,7.680851063829787,80.17021276595744,0.3404255319148936,62.638297872340424,HR,Mid,Communication Skills
1886,48,5.020833333333333,23,7.458333333333333,80.39583333333333,0.4791666666666667,58.94375,Marketing,Mid,Time Management
1887,28,3.892857142857143,8,7.75,80.67857142857143,0.2857142857142857,56.83214285714286,Operations,Mid,Communication Skills
1888,32,4.59375,15,7.3125,81.4375,0.46875,53.16875,Marketing,Mid,Time Management
1889,28,4.857142857142857,12,7.714285714285714,81.85714285714286,0.42857142857142855,52.9,IT,Mid,Time Management
1890,46,4.086956521739131,14,7.913043478260869,77.56521739130434,0.30434782608695654,62.53913043478261,Marketing,Mid,Communication Skills
1891,24,4.5,8,7.291666666666667,78.91666666666667,0.3333333333333333,53.275000000000006,HR,Mid,Communication Skills
1892,25,5.44,15,7.44,81.8,0.6,46.54,Marketing,Mid,Time Management
1893,48,5.125,22,7.6875,80.47916666666667,0.4583333333333333,59.59375,Operations,Mid,Time Management
1894,37,5.324324324324325,20,7.378378378378378,79.32432432432432,0.5405405405405406,52.38108108108108,Finance,Mid,Time Management
1895,39,5.0,17,7.6923076923076925,76.6923076923077,0.4358974358974359,55.53076923076924,Finance,Mid,Time Management
1896,45,5.333333333333333,20,7.4,80.71111111111111,0.4444444444444444,58.88,IT,Mid,Time Management
1897,43,4.976744186046512,21,7.325581395348837,80.16279069767442,0.4883720930232558,56.597674418604655,IT,Mid,Time Management
1898,30,5.0,14,7.633333333333334,80.0,0.4666666666666667,52.0,HR,Mid,Time Management
1899,41,4.414634146341464,17,7.463414634146342,79.97560975609755,0.4146341463414634,57.953658536585365,Operations,Mid,Time Management
1900,49,4.836734693877551,22,7.551020408163265,82.18367346938776,0.4489795918367347,60.78571428571429,IT,Mid,Time Management
1901,21,4.714285714285714,8,7.523809523809524,79.42857142857143,0.38095238095238093,50.800000000000004,Finance,Mid,Communication Skills
1902,41,5.2439024390243905,15,7.463414634146342,79.78048780487805,0.36585365853658536,59.358536585365854,Marketing,Mid,Communication Skills
1903,24,5.291666666666667,11,7.041666666666667,81.54166666666667,0.4583333333333333,50.31250000000001,Marketing,Mid,Time Management
1904,48,5.0625,20,7.583333333333333,78.9375,0.4166666666666667,60.38125,Operations,Mid,Time Management
1905,39,5.0,17,7.358974358974359,79.02564102564102,0.4358974358974359,56.23076923076923,HR,Mid,Time Management
1906,40,4.475,17,7.625,77.875,0.425,56.6125,Finance,Mid,Time Management
1907,28,4.821428571428571,14,7.142857142857143,78.46428571428571,0.5,49.739285714285714,Finance,Mid,Time Management
1908,32,4.875,15,7.375,79.15625,0.46875,52.484375,Operations,Mid,Time Management
1909,32,4.46875,11,7.71875,80.90625,0.34375,56.75937499999999,Finance,Mid,Communication Skills
1910,25,4.92,8,7.56,80.28,0.32,54.483999999999995,IT,Mid,Communication Skills
1911,47,5.276595744680851,24,7.787234042553192,81.06382978723404,0.5106382978723404,57.8,HR,Mid,Time Management
1912,26,4.576923076923077,11,7.576923076923077,78.65384615384616,0.4230769230769231,51.30384615384615,HR,Mid,Time Management
1913,47,5.340425531914893,22,7.595744680851064,83.57446808510639,0.46808510638297873,59.829787234042556,Marketing,Mid,Time Management
1914,25,5.36,10,7.4,78.68,0.4,51.604,IT,Mid,Communication Skills
1915,35,5.457142857142857,18,7.428571428571429,75.4,0.5142857142857142,51.191428571428574,HR,Mid,Time Management
1916,40,4.625,19,7.475,80.65,0.475,55.945,Finance,Mid,Time Management
1917,48,5.229166666666667,27,7.666666666666667,81.29166666666667,0.5625,56.712500000000006,Marketing,Mid,Time Management
1918,28,5.642857142857143,17,7.785714285714286,78.39285714285714,0.6071428571428571,46.50357142857143,IT,Mid,Time Management
1919,37,5.135135135135135,14,7.783783783783784,81.13513513513513,0.3783783783783784,57.78918918918919,Operations,Mid,Communication Skills
1920,25,4.96,14,7.44,82.72,0.56,48.016,HR,Mid,Time Management
1921,31,4.258064516129032,9,7.354838709677419,84.0,0.2903225806451613,58.89032258064516,IT,Mid,Communication Skills
1922,44,4.659090909090909,15,7.431818181818182,82.18181818181819,0.3409090909090909,62.02727272727273,Operations,Mid,Communication Skills
1923,33,4.515151515151516,12,7.363636363636363,77.81818181818181,0.36363636363636365,55.63636363636363,Operations,Mid,Communication Skills
1924,37,4.918918918918919,18,7.783783783783784,83.62162162162163,0.4864864864864865,55.29189189189189,HR,Mid,Time Management
1925,45,5.2,20,7.555555555555555,78.5111111111111,0.4444444444444444,58.22,Operations,Mid,Time Management
1926,42,5.261904761904762,22,7.261904761904762,78.16666666666667,0.5238095238095238,54.535714285714285,IT,Mid,Time Management
1927,26,4.884615384615385,16,7.5,81.38461538461539,0.6153846153846154,46.35384615384615,HR,Mid,Time Management
1928,38,5.2368421052631575,15,7.578947368421052,82.86842105263158,0.39473684210526316,58.21842105263158,Finance,Mid,Communication Skills
1929,35,5.371428571428571,20,7.742857142857143,79.48571428571428,0.5714285714285714,50.70285714285714,HR,Mid,Time Management
1930,33,4.484848484848484,16,7.545454545454546,77.78787878787878,0.48484848484848486,51.990909090909085,Marketing,Mid,Time Management
1931,22,5.0,8,7.7272727272727275,80.27272727272727,0.36363636363636365,51.97272727272727,Finance,Mid,Communication Skills
1932,38,5.394736842105263,18,7.605263157894737,78.52631578947368,0.47368421052631576,54.54736842105264,Finance,Mid,Time Management
1933,26,4.653846153846154,6,7.269230769230769,77.34615384615384,0.23076923076923078,56.68076923076922,Marketing,Mid,Communication Skills
1934,31,4.354838709677419,11,7.129032258064516,81.48387096774194,0.3548387096774194,56.2,Operations,Mid,Communication Skills
1935,25,5.36,13,7.12,80.32,0.52,48.495999999999995,Marketing,Mid,Time Management
1936,29,5.206896551724138,15,7.344827586206897,78.34482758620689,0.5172413793103449,49.58620689655172,IT,Mid,Time Management
1937,48,4.666666666666667,17,7.4375,82.25,0.3541666666666667,63.25,Marketing,Mid,Communication Skills
1938,34,5.0588235294117645,15,7.617647058823529,78.8529411764706,0.4411764705882353,54.02058823529412,Operations,Mid,Time Management
1939,45,5.688888888888889,22,7.6,77.53333333333333,0.4888888888888889,56.59333333333333,Finance,Mid,Time Management
1940,21,5.619047619047619,10,7.619047619047619,81.14285714285714,0.47619047619047616,48.457142857142856,Operations,Mid,Time Management
1941,28,4.642857142857143,11,7.428571428571429,77.35714285714286,0.39285714285714285,52.62142857142858,HR,Mid,Communication Skills
1942,30,4.733333333333333,12,7.466666666666667,83.36666666666666,0.4,55.01,Finance,Mid,Communication Skills
1943,25,5.4,16,7.24,82.68,0.64,45.604,IT,Mid,Time Management
1944,27,5.296296296296297,14,7.814814814814815,81.85185185185185,0.5185185185185185,49.8,IT,Mid,Time Management
1945,23,5.869565217391305,9,7.434782608695652,79.34782608695652,0.391304347826087,51.26521739130435,IT,Mid,Communication Skills
1946,32,5.0,16,7.625,78.28125,0.5,51.284375,Finance,Mid,Time Management
1947,43,5.116279069767442,19,7.604651162790698,81.81395348837209,0.4418604651162791,58.48837209302326,Finance,Mid,Time Management
1948,33,5.606060606060606,19,7.575757575757576,78.33333333333333,0.5757575757575758,49.42727272727272,IT,Mid,Time Management
1949,32,5.09375,11,7.40625,79.96875,0.34375,56.47812499999999,Operations,Mid,Communication Skills
1950,39,5.128205128205129,15,7.3076923076923075,84.43589743589743,0.38461538461538464,59.39230769230769,Finance,Mid,Communication Skills
1951,45,5.733333333333333,20,7.6,80.62222222222222,0.4444444444444444,58.85333333333334,IT,Mid,Time Management
1952,20,5.25,4,7.6,79.35,0.2,55.80499999999999,Marketing,Mid,Communication Skills
1953,47,5.0212765957446805,21,7.702127659574468,80.74468085106383,0.44680851063829785,59.61914893617022,HR,Mid,Time Management
1954,27,4.851851851851852,15,7.592592592592593,82.22222222222223,0.5555555555555556,48.8,HR,Mid,Time Management
1955,25,4.52,12,7.68,80.0,0.48,49.6,Marketing,Mid,Time Management
1956,49,4.938775510204081,23,7.448979591836735,80.77551020408163,0.46938775510204084,59.75102040816326,HR,Mid,Time Management
1957,32,4.59375,14,7.65625,80.40625,0.4375,53.796875,Operations,Mid,Time Management
1958,31,5.580645161290323,13,7.161290322580645,80.48387096774194,0.41935483870967744,53.96451612903226,HR,Mid,Time Management
1959,42,4.761904761904762,15,7.119047619047619,77.69047619047619,0.35714285714285715,59.392857142857146,IT,Mid,Communication Skills
1960,40,4.95,20,7.4,79.225,0.5,54.7675,Operations,Mid,Time Management
1961,49,5.061224489795919,21,7.387755102040816,79.51020408163265,0.42857142857142855,60.59591836734694,Finance,Mid,Time Management
1962,28,5.357142857142857,13,7.428571428571429,77.57142857142857,0.4642857142857143,50.542857142857144,IT,Mid,Time Management
1963,25,4.24,11,7.36,80.52,0.44,50.956,Operations,Mid,Time Management
1964,22,5.2272727272727275,11,7.045454545454546,77.72727272727273,0.5,47.118181818181824,Marketing,Mid,Time Management
1965,25,4.28,8,7.68,74.96,0.32,52.88799999999999,IT,Mid,Communication Skills
1966,37,4.621621621621622,14,7.8108108108108105,82.8108108108108,0.3783783783783784,58.29189189189189,IT,Mid,Communication Skills
1967,33,4.96969696969697,17,7.696969696969697,77.36363636363636,0.5151515151515151,50.95454545454545,Operations,Mid,Time Management
1968,29,4.827586206896552,14,7.758620689655173,81.55172413793103,0.4827586206896552,51.58275862068965,Marketing,Mid,Time Management
1969,41,5.097560975609756,17,7.7317073170731705,81.92682926829268,0.4146341463414634,58.53902439024391,HR,Mid,Time Management
1970,33,4.606060606060606,12,7.303030303030303,80.42424242424242,0.36363636363636365,56.418181818181814,HR,Mid,Communication Skills
1971,46,5.043478260869565,26,7.5,79.80434782608695,0.5652173913043478,55.38478260869566,Finance,Mid,Time Management
1972,46,4.630434782608695,18,7.369565217391305,79.21739130434783,0.391304347826087,60.42608695652174,IT,Mid,Communication Skills
1973,23,4.913043478260869,11,7.434782608695652,78.82608695652173,0.4782608695652174,48.5,Operations,Mid,Time Management
1974,36,4.527777777777778,13,7.416666666666667,78.75,0.3611111111111111,57.19166666666666,Marketing,Mid,Communication Skills
1975,33,5.484848484848484,15,7.787878787878788,79.27272727272727,0.45454545454545453,53.345454545454544,HR,Mid,Time Management
1976,40,5.1,24,7.375,79.9,0.6,51.97,IT,Mid,Time Management
1977,36,5.083333333333333,16,7.555555555555555,79.80555555555556,0.4444444444444444,55.00833333333334,Marketing,Mid,Time Management
1978,22,5.2272727272727275,10,7.636363636363637,81.22727272727273,0.45454545454545453,49.53181818181818,IT,Mid,Time Management
1979,29,5.172413793103448,12,7.448275862068965,80.44827586206897,0.41379310344827586,53.320689655172416,Finance,Mid,Time Management
1980,35,4.571428571428571,13,7.6,78.08571428571429,0.37142857142857144,56.28285714285715,IT,Mid,Communication Skills
1981,21,5.761904761904762,13,7.714285714285714,80.61904761904762,0.6190476190476191,44.01428571428572,Finance,Mid,Time Management
1982,45,4.822222222222222,21,7.733333333333333,80.08888888888889,0.4666666666666667,58.02666666666667,Marketing,Mid,Time Management
1983,28,5.5,18,7.571428571428571,79.39285714285714,0.6428571428571429,45.732142857142854,Finance,Mid,Time Management
1984,38,4.842105263157895,21,7.605263157894737,81.5,0.5526315789473685,53.07105263157895,HR,Mid,Time Management
1985,42,4.904761904761905,23,7.476190476190476,81.52380952380952,0.5476190476190477,54.82857142857142,Operations,Mid,Time Management
1986,49,5.122448979591836,20,7.653061224489796,79.95918367346938,0.40816326530612246,61.34285714285714,IT,Mid,Time Management
1987,38,5.7105263157894735,20,7.473684210526316,78.8157894736842,0.5263157894736842,53.055263157894736,HR,Mid,Time Management
1988,32,5.15625,16,7.40625,78.4375,0.5,51.33125,Operations,Mid,Time Management
1989,30,4.4,8,7.566666666666666,81.8,0.26666666666666666,58.54,IT,Mid,Communication Skills
1990,41,5.512195121951219,21,7.609756097560975,83.14634146341463,0.5121951219512195,55.9780487804878,HR,Mid,Time Management
1991,20,4.4,9,7.6,81.4,0.45,48.92,Finance,Mid,Time Management
1992,33,5.2727272727272725,19,7.424242424242424,80.45454545454545,0.5757575757575758,50.06363636363636,Finance,Mid,Time Management
1993,31,4.161290322580645,12,7.548387096774194,78.45161290322581,0.3870967741935484,54.322580645161295,Operations,Mid,Communication Skills
1994,36,4.638888888888889,16,7.388888888888889,83.19444444444444,0.4444444444444444,56.025000000000006,IT,Mid,Time Management
1995,48,4.708333333333333,23,7.5625,84.20833333333333,0.4791666666666667,60.087500000000006,Finance,Mid,Time Management
1996,26,5.115384615384615,11,7.730769230769231,76.38461538461539,0.4230769230769231,50.62307692307692,Operations,Mid,Time Management
1997,25,5.28,8,7.4,78.76,0.32,54.028,Marketing,Mid,Communication Skills
1998,39,5.282051282051282,16,7.282051282051282,81.82051282051282,0.41025641025641024,57.838461538461544,HR,Mid,Time Management
1999,32,5.75,17,7.1875,80.96875,0.53125,51.153125,Operations,Mid,Time Management
2000,35,5.485714285714286,20,7.314285714285714,79.34285714285714,0.5714285714285714,50.66,Operations,Mid,Time Management
2001,37,5.0,20,7.324324324324325,80.75675675675676,0.5405405405405406,52.81081081081081,Marketing,Mid,Time Management
2002,46,4.934782608695652,21,7.760869565217392,79.8913043478261,0.45652173913043476,58.67173913043479,IT,Mid,Time Management
2003,29,5.482758620689655,14,7.517241379310345,76.65517241379311,0.4827586206896552,50.11379310344827,Finance,Mid,Time Management
2004,37,4.891891891891892,17,7.351351351351352,81.0,0.4594594594594595,55.31621621621622,IT,Mid,Time Management
2005,22,4.681818181818182,6,7.545454545454546,82.36363636363636,0.2727272727272727,55.32727272727273,Finance,Mid,Communication Skills
2006,49,4.816326530612245,24,7.387755102040816,77.3061224489796,0.4897959183673469,58.09795918367347,IT,Mid,Time Management
2007,47,5.085106382978723,24,7.468085106382978,79.65957446808511,0.5106382978723404,57.378723404255325,HR,Mid,Time Management
2008,49,4.448979591836735,16,7.530612244897959,82.10204081632654,0.32653061224489793,64.43469387755103,HR,Mid,Communication Skills
2009,27,5.074074074074074,15,7.407407407407407,80.22222222222223,0.5555555555555556,48.2,IT,Mid,Time Management
2010,39,4.743589743589744,14,7.3076923076923075,81.46153846153847,0.358974358974359,59.269230769230774,Marketing,Mid,Communication Skills
2011,21,4.523809523809524,9,7.095238095238095,75.23809523809524,0.42857142857142855,48.114285714285714,Finance,Mid,Time Management
2012,32,5.46875,13,7.25,79.75,0.40625,54.5375,IT,Mid,Time Management
2013,47,5.127659574468085,23,7.553191489361702,79.12765957446808,0.48936170212765956,57.857446808510645,Operations,Mid,Time Management
2014,20,4.75,6,7.8,83.0,0.3,53.9,Finance,Mid,Communication Skills
2015,24,4.958333333333333,9,7.625,81.0,0.375,52.650000000000006,HR,Mid,Communication Skills
2016,45,5.288888888888889,21,7.711111111111111,80.86666666666666,0.4666666666666667,58.26,HR,Mid,Time Management
2017,41,5.0,19,7.487804878048781,81.14634146341463,0.4634146341463415,56.84146341463415,Marketing,Mid,Time Management
2018,49,5.020408163265306,21,7.408163265306122,77.83673469387755,0.42857142857142855,60.09387755102041,Operations,Mid,Time Management
2019,36,5.611111111111111,18,7.388888888888889,81.72222222222223,0.5,53.91666666666667,HR,Mid,Time Management
2020,48,5.666666666666667,25,7.520833333333333,80.3125,0.5208333333333334,57.66875,IT,Mid,Time Management
2021,20,4.85,8,6.7,81.4,0.4,50.42,Finance,Mid,Communication Skills
2022,49,4.591836734693878,20,7.653061224489796,80.0,0.40816326530612246,61.35510204081633,Finance,Mid,Time Management
2023,36,4.972222222222222,17,7.611111111111111,77.38888888888889,0.4722222222222222,53.45,IT,Mid,Time Management
2024,44,5.25,23,7.204545454545454,83.81818181818181,0.5227272727272727,57.06363636363636,Finance,Mid,Time Management
2025,25,5.28,10,7.76,76.96,0.4,51.087999999999994,IT,Mid,Communication Skills
2026,33,4.515151515151516,16,7.424242424242424,82.63636363636364,0.48484848484848486,53.44545454545455,Finance,Mid,Time Management
2027,32,4.6875,9,7.40625,78.90625,0.28125,58.034375,Marketing,Mid,Communication Skills
2028,26,5.5,12,7.538461538461538,81.6923076923077,0.46153846153846156,51.06153846153846,HR,Mid,Time Management
2029,20,3.95,3,7.25,82.25,0.15,58.175,Marketing,Mid,Communication Skills
2030,23,4.869565217391305,7,7.260869565217392,80.56521739130434,0.30434782608695654,54.23913043478261,Operations,Mid,Communication Skills
2031,23,5.0,9,7.217391304347826,84.43478260869566,0.391304347826087,52.791304347826085,Operations,Mid,Communication Skills
2032,37,5.405405405405405,18,7.5675675675675675,80.72972972972973,0.4864864864864865,54.424324324324324,Marketing,Mid,Time Management
2033,43,4.837209302325581,23,7.27906976744186,81.46511627906976,0.5348837209302325,55.59302325581395,Marketing,Mid,Time Management
2034,34,5.382352941176471,14,7.470588235294118,76.94117647058823,0.4117647058823529,54.32941176470588,Finance,Mid,Time Management
2035,46,5.282608695652174,20,7.413043478260869,82.8913043478261,0.43478260869565216,60.22391304347827,Marketing,Mid,Time Management
2036,41,4.780487804878049,13,7.317073170731708,83.17073170731707,0.3170731707317073,61.83902439024391,Operations,Mid,Communication Skills
2037,33,5.575757575757576,13,7.96969696969697,80.57575757575758,0.3939393939393939,55.554545454545455,Finance,Mid,Communication Skills
2038,28,4.892857142857143,12,7.5,79.39285714285714,0.42857142857142855,52.16071428571428,HR,Mid,Time Management
2039,21,4.476190476190476,7,7.571428571428571,79.95238095238095,0.3333333333333333,52.385714285714286,IT,Mid,Communication Skills
2040,33,4.696969696969697,13,7.878787878787879,80.6969696969697,0.3939393939393939,55.59090909090909,HR,Mid,Communication Skills
2041,38,5.184210526315789,17,7.394736842105263,84.26315789473684,0.4473684210526316,57.0578947368421,IT,Mid,Time Management
2042,29,5.0,13,7.620689655172414,80.10344827586206,0.4482758620689655,52.182758620689654,HR,Mid,Time Management
2043,38,5.184210526315789,16,7.368421052631579,78.78947368421052,0.42105263157894735,56.205263157894734,HR,Mid,Time Management
2044,47,5.276595744680851,29,7.680851063829787,78.42553191489361,0.6170212765957447,53.81702127659574,Operations,Mid,Time Management
2045,34,5.294117647058823,15,7.529411764705882,77.23529411764706,0.4411764705882353,53.535294117647055,Marketing,Mid,Time Management
2046,38,5.315789473684211,16,7.421052631578948,78.57894736842105,0.42105263157894735,56.142105263157895,Marketing,Mid,Time Management
2047,23,4.826086956521739,8,7.173913043478261,77.73913043478261,0.34782608695652173,52.086956521739125,Operations,Mid,Communication Skills
2048,27,5.777777777777778,11,7.62962962962963,80.29629629629629,0.4074074074074074,52.666666666666664,Operations,Mid,Time Management
2049,41,4.560975609756097,15,8.0,80.85365853658537,0.36585365853658536,59.68048780487805,HR,Mid,Communication Skills
2050,49,5.224489795918367,20,7.510204081632653,82.38775510204081,0.40816326530612246,62.07142857142857,HR,Mid,Time Management
2051,43,4.651162790697675,17,7.5813953488372094,81.44186046511628,0.3953488372093023,59.77209302325581,IT,Mid,Communication Skills
2052,33,5.363636363636363,20,7.424242424242424,79.51515151515152,0.6060606060606061,48.872727272727275,Marketing,Mid,Time Management
2053,29,5.379310344827586,14,7.275862068965517,83.20689655172414,0.4827586206896552,52.07931034482759,Operations,Mid,Time Management
2054,50,4.5,18,7.6,82.44,0.36,63.932,HR,Mid,Communication Skills
2055,29,5.379310344827586,11,7.586206896551724,78.3103448275862,0.3793103448275862,53.713793103448275,IT,Mid,Communication Skills
2056,21,5.0,8,7.666666666666667,78.52380952380952,0.38095238095238093,50.528571428571425,Finance,Mid,Communication Skills
2057,25,5.28,10,7.56,78.6,0.4,51.58,HR,Mid,Communication Skills
2058,47,5.361702127659575,22,7.51063829787234,76.44680851063829,0.46808510638297873,57.691489361702125,Operations,Mid,Time Management
2059,27,4.62962962962963,11,7.481481481481482,78.81481481481481,0.4074074074074074,52.22222222222222,IT,Mid,Time Management
2060,34,4.676470588235294,12,7.647058823529412,79.58823529411765,0.35294117647058826,56.88823529411765,IT,Mid,Communication Skills
2061,49,5.040816326530612,25,7.530612244897959,78.46938775510205,0.5102040816326531,57.83469387755102,Operations,Mid,Time Management
2062,22,4.181818181818182,10,7.363636363636363,77.45454545454545,0.45454545454545453,48.4,HR,Mid,Time Management
2063,28,4.214285714285714,8,7.571428571428571,79.25,0.2857142857142857,56.40357142857143,HR,Mid,Communication Skills
2064,21,5.095238095238095,8,7.190476190476191,81.95238095238095,0.38095238095238093,51.557142857142864,Marketing,Mid,Communication Skills
2065,36,5.472222222222222,19,7.75,79.52777777777777,0.5277777777777778,52.425,Finance,Mid,Time Management
2066,31,4.774193548387097,13,7.258064516129032,81.87096774193549,0.41935483870967744,54.380645161290325,Finance,Mid,Time Management
2067,46,5.326086956521739,19,7.5,80.52173913043478,0.41304347826086957,60.165217391304346,Marketing,Mid,Time Management
2068,26,4.538461538461538,7,7.3076923076923075,78.73076923076923,0.2692307692307692,55.94230769230769,IT,Mid,Communication Skills
2069,44,4.704545454545454,18,7.5227272727272725,82.04545454545455,0.4090909090909091,59.94090909090909,Operations,Mid,Time Management
2070,32,3.78125,10,7.53125,76.0625,0.3125,56.24374999999999,Operations,Mid,Communication Skills
2071,25,4.72,7,7.56,80.6,0.28,55.779999999999994,Operations,Mid,Communication Skills
2072,47,4.51063829787234,22,7.446808510638298,82.0,0.46808510638297873,59.35744680851063,Operations,Mid,Time Management
2073,24,4.833333333333333,8,7.625,79.54166666666667,0.3333333333333333,53.462500000000006,Operations,Mid,Communication Skills
2074,48,4.854166666666667,22,7.291666666666667,81.91666666666667,0.4583333333333333,60.025000000000006,HR,Mid,Time Management
2075,32,5.75,15,7.90625,81.09375,0.46875,53.065625,HR,Mid,Time Management
2076,43,4.790697674418604,16,7.534883720930233,78.79069767441861,0.37209302325581395,59.674418604651166,Marketing,Mid,Communication Skills
2077,25,4.68,11,7.8,80.96,0.44,51.087999999999994,HR,Mid,Time Management
2078,27,5.592592592592593,15,7.592592592592593,79.33333333333333,0.5555555555555556,47.93333333333333,HR,Mid,Time Management
2079,24,4.958333333333333,13,7.083333333333333,80.83333333333333,0.5416666666666666,47.599999999999994,Marketing,Mid,Time Management
2080,43,5.534883720930233,25,7.558139534883721,80.25581395348837,0.5813953488372093,53.83488372093023,Operations,Mid,Time Management
2081,47,5.127659574468085,20,7.702127659574468,81.59574468085107,0.425531914893617,60.51276595744681,Marketing,Mid,Time Management
2082,31,5.709677419354839,19,7.354838709677419,79.74193548387096,0.6129032258064516,47.935483870967744,HR,Mid,Time Management
2083,50,5.6,30,7.28,79.3,0.6,55.79,Marketing,Mid,Time Management
2084,21,5.380952380952381,9,7.809523809523809,87.66666666666667,0.42857142857142855,51.84285714285714,Operations,Mid,Time Management
2085,42,5.238095238095238,17,7.119047619047619,82.35714285714286,0.40476190476190477,59.364285714285714,Operations,Mid,Time Management
2086,41,4.487804878048781,20,7.560975609756097,80.07317073170732,0.4878048780487805,55.78780487804879,HR,Mid,Time Management
2087,31,4.580645161290323,16,7.387096774193548,79.74193548387096,0.5161290322580645,50.838709677419345,Finance,Mid,Time Management
2088,37,5.027027027027027,13,7.4324324324324325,81.62162162162163,0.35135135135135137,58.74594594594595,Finance,Mid,Communication Skills
2089,36,4.444444444444445,15,7.694444444444445,78.55555555555556,0.4166666666666667,55.46666666666667,Operations,Mid,Time Management
2090,41,5.097560975609756,15,7.2439024390243905,81.21951219512195,0.36585365853658536,59.790243902439016,HR,Mid,Communication Skills
2091,29,5.172413793103448,10,7.379310344827586,83.58620689655173,0.3448275862068966,56.331034482758625,Marketing,Mid,Communication Skills
2092,43,5.441860465116279,21,7.813953488372093,76.93023255813954,0.4883720930232558,55.627906976744185,Finance,Mid,Time Management
2093,27,5.666666666666667,16,7.518518518518518,76.62962962962963,0.5925925925925926,46.01111111111112,Marketing,Mid,Time Management
2094,30,4.033333333333333,13,7.7,77.96666666666667,0.43333333333333335,52.39,Marketing,Mid,Time Management
2095,50,4.9,25,7.42,79.68,0.5,58.903999999999996,Marketing,Mid,Time Management
2096,35,4.571428571428571,20,7.4,80.05714285714286,0.5714285714285714,50.87428571428572,Marketing,Mid,Time Management
2097,42,4.142857142857143,15,7.285714285714286,79.21428571428571,0.35714285714285715,59.85,HR,Mid,Communication Skills
2098,40,4.675,16,7.375,79.875,0.4,57.9625,Marketing,Mid,Communication Skills
2099,21,4.761904761904762,6,7.285714285714286,81.47619047619048,0.2857142857142857,54.27142857142857,Finance,Mid,Communication Skills
2100,31,4.838709677419355,10,7.548387096774194,81.06451612903226,0.3225806451612903,57.04193548387097,Finance,Mid,Communication Skills
2101,32,4.75,9,7.40625,82.375,0.28125,59.074999999999996,IT,Mid,Communication Skills
2102,33,5.212121212121212,17,7.303030303030303,79.48484848484848,0.5151515151515151,51.59090909090909,HR,Mid,Time Management
2103,27,4.7407407407407405,10,7.703703703703703,81.18518518518519,0.37037037037037035,54.04444444444445,Marketing,Mid,Communication Skills
2104,49,4.877551020408164,26,7.795918367346939,79.87755102040816,0.5306122448979592,57.64489795918368,Operations,Mid,Time Management
2105,26,5.230769230769231,12,7.3076923076923075,81.03846153846153,0.46153846153846156,50.86538461538461,IT,Mid,Time Management
2106,20,4.3,9,7.4,78.0,0.45,47.9,Marketing,Mid,Time Management
2107,32,5.125,16,7.59375,80.46875,0.5,51.940625,Operations,Mid,Time Management
2108,36,4.5,16,8.027777777777779,79.13888888888889,0.4444444444444444,54.80833333333334,IT,Mid,Time Management
2109,38,5.342105263157895,13,7.526315789473684,82.07894736842105,0.34210526315789475,59.560526315789474,Finance,Mid,Communication Skills
2110,37,4.594594594594595,16,7.4324324324324325,77.35135135135135,0.43243243243243246,55.03243243243243,Finance,Mid,Time Management
2111,21,4.761904761904762,8,7.095238095238095,79.38095238095238,0.38095238095238093,50.78571428571429,IT,Mid,Communication Skills
2112,45,5.177777777777778,21,7.5777777777777775,78.75555555555556,0.4666666666666667,57.626666666666665,Operations,Mid,Time Management
2113,20,5.8,13,7.3,82.6,0.65,43.28,Finance,Mid,Time Management
2114,44,5.25,21,7.454545454545454,79.25,0.4772727272727273,57.05681818181818,Operations,Mid,Time Management
2115,37,4.648648648648648,18,7.486486486486487,83.10810810810811,0.4864864864864865,55.137837837837836,IT,Mid,Time Management
2116,29,4.758620689655173,13,7.310344827586207,78.72413793103448,0.4482758620689655,51.768965517241384,IT,Mid,Time Management
2117,43,4.767441860465116,22,7.744186046511628,82.20930232558139,0.5116279069767442,56.51395348837209,Marketing,Mid,Time Management
2118,39,4.615384615384615,12,7.512820512820513,84.05128205128206,0.3076923076923077,61.58461538461539,Finance,Mid,Communication Skills
2119,23,5.391304347826087,10,7.304347826086956,83.91304347826087,0.43478260869565216,51.330434782608705,IT,Mid,Time Management
2120,39,5.666666666666667,23,7.461538461538462,78.74358974358974,0.5897435897435898,51.530769230769224,IT,Mid,Time Management
2121,35,4.6,12,7.8,79.02857142857142,0.34285714285714286,57.42285714285714,IT,Mid,Communication Skills
2122,33,5.03030303030303,19,7.787878787878788,80.27272727272727,0.5757575757575758,50.00909090909091,Operations,Mid,Time Management
2123,23,5.260869565217392,11,6.956521739130435,78.34782608695652,0.4782608695652174,48.35652173913043,Operations,Mid,Time Management
2124,30,5.266666666666667,18,7.533333333333333,76.2,0.6,46.86,Operations,Mid,Time Management
2125,40,5.125,21,7.375,81.0,0.525,54.55,Finance,Mid,Time Management
2126,37,4.513513513513513,16,7.675675675675675,83.86486486486487,0.43243243243243246,56.986486486486484,Marketing,Mid,Time Management
2127,30,5.0,13,7.433333333333334,80.3,0.43333333333333335,53.09,Marketing,Mid,Time Management
2128,47,5.0638297872340425,16,7.404255319148936,79.25531914893617,0.3404255319148936,62.36382978723404,Operations,Mid,Communication Skills
2129,33,4.818181818181818,15,7.363636363636363,83.21212121212122,0.45454545454545453,54.52727272727273,HR,Mid,Time Management
2130,39,4.641025641025641,15,7.3076923076923075,78.7948717948718,0.38461538461538464,57.7,Operations,Mid,Communication Skills
2131,22,4.954545454545454,10,7.409090909090909,78.0,0.45454545454545453,48.56363636363636,IT,Mid,Time Management
2132,21,4.857142857142857,9,7.476190476190476,76.04761904761905,0.42857142857142855,48.35714285714286,Operations,Mid,Time Management
2133,24,4.583333333333333,12,7.541666666666667,82.33333333333333,0.5,49.3,HR,Mid,Time Management
2134,37,4.702702702702703,19,7.675675675675675,76.91891891891892,0.5135135135135135,52.47027027027027,IT,Mid,Time Management
2135,44,5.590909090909091,22,7.5,77.63636363636364,0.5,55.89090909090909,Finance,Mid,Time Management
2136,42,5.190476190476191,24,7.5476190476190474,81.11904761904762,0.5714285714285714,53.99285714285715,IT,Mid,Time Management
2137,41,5.536585365853658,25,7.365853658536586,80.85365853658537,0.6097560975609756,52.363414634146345,IT,Mid,Time Management
2138,33,4.7272727272727275,11,7.393939393939394,79.66666666666667,0.3333333333333333,57.10000000000001,IT,Mid,Communication Skills
2139,30,4.566666666666666,10,7.4,78.66666666666667,0.3333333333333333,55.6,Marketing,Mid,Communication Skills
2140,27,4.814814814814815,13,7.333333333333333,81.37037037037037,0.48148148148148145,50.766666666666666,Operations,Mid,Time Management
2141,24,4.75,9,7.416666666666667,78.41666666666667,0.375,51.875,Marketing,Mid,Communication Skills
2142,28,4.892857142857143,14,7.571428571428571,76.96428571428571,0.5,49.28928571428571,IT,Mid,Time Management
2143,33,5.393939393939394,17,7.303030303030303,83.75757575757575,0.5151515151515151,52.872727272727275,Marketing,Mid,Time Management
2144,49,4.959183673469388,30,7.938775510204081,80.57142857142857,0.6122448979591837,55.40408163265306,Finance,Mid,Time Management
2145,44,4.7727272727272725,21,7.431818181818182,80.13636363636364,0.4772727272727273,57.32272727272728,IT,Mid,Time Management
2146,23,4.695652173913044,8,7.478260869565218,78.3913043478261,0.34782608695652173,52.28260869565217,Marketing,Mid,Communication Skills
2147,42,4.857142857142857,20,7.357142857142857,78.64285714285714,0.47619047619047616,56.10714285714286,Finance,Mid,Time Management
2148,29,4.275862068965517,11,7.379310344827586,76.62068965517241,0.3793103448275862,53.20689655172414,IT,Mid,Communication Skills
2149,49,5.1020408163265305,25,7.63265306122449,78.40816326530613,0.5102040816326531,57.816326530612244,Marketing,Mid,Time Management
2150,33,5.666666666666667,16,7.909090909090909,77.87878787878788,0.48484848484848486,52.018181818181816,Marketing,Mid,Time Management
2151,38,5.131578947368421,15,7.368421052631579,79.39473684210526,0.39473684210526316,57.17631578947368,Finance,Mid,Communication Skills
2152,26,5.115384615384615,11,7.653846153846154,79.15384615384616,0.4230769230769231,51.45384615384616,Operations,Mid,Time Management
2153,28,4.964285714285714,13,7.678571428571429,80.25,0.4642857142857143,51.346428571428575,HR,Mid,Time Management
2154,32,5.21875,13,7.8125,79.9375,0.40625,54.59375,Operations,Mid,Time Management
2155,40,5.125,19,7.375,81.625,0.475,56.2375,IT,Mid,Time Management
2156,33,5.393939393939394,18,7.696969696969697,80.24242424242425,0.5454545454545454,50.90909090909091,Operations,Mid,Time Management
2157,47,4.957446808510638,20,7.48936170212766,75.40425531914893,0.425531914893617,58.65531914893617,Finance,Mid,Time Management
2158,34,4.588235294117647,16,7.9411764705882355,81.20588235294117,0.47058823529411764,53.84411764705882,HR,Mid,Time Management
2159,27,5.074074074074074,12,7.407407407407407,78.48148148148148,0.4444444444444444,51.01111111111111,Operations,Mid,Time Management
2160,33,4.363636363636363,13,7.636363636363637,81.27272727272727,0.3939393939393939,55.763636363636365,HR,Mid,Communication Skills
2161,35,4.285714285714286,11,7.485714285714286,79.65714285714286,0.3142857142857143,58.46857142857142,IT,Mid,Communication Skills
2162,32,4.09375,9,7.28125,78.875,0.28125,58.02499999999999,Finance,Mid,Communication Skills
2163,39,4.82051282051282,16,7.564102564102564,81.76923076923077,0.41025641025641024,57.823076923076925,HR,Mid,Time Management
2164,24,5.208333333333333,13,7.791666666666667,81.79166666666667,0.5416666666666666,47.8875,Marketing,Mid,Time Management
2165,37,5.081081081081081,16,7.45945945945946,80.29729729729729,0.43243243243243246,55.91621621621621,IT,Mid,Time Management
2166,21,5.857142857142857,12,7.666666666666667,75.61904761904762,0.5714285714285714,43.94285714285715,Operations,Mid,Time Management
2167,42,4.976190476190476,20,7.595238095238095,80.0,0.47619047619047616,56.51428571428572,Operations,Mid,Time Management
2168,37,4.8108108108108105,13,7.4324324324324325,80.54054054054055,0.35135135135135137,58.421621621621625,IT,Mid,Communication Skills
2169,22,5.454545454545454,10,7.545454545454546,80.68181818181819,0.45454545454545453,49.368181818181824,Finance,Mid,Time Management
2170,42,5.476190476190476,19,6.880952380952381,80.9047619047619,0.4523809523809524,57.5,Marketing,Mid,Time Management
2171,44,4.659090909090909,20,7.863636363636363,77.56818181818181,0.45454545454545453,57.23409090909091,Finance,Mid,Time Management
2172,27,4.7407407407407405,14,7.555555555555555,82.51851851851852,0.5185185185185185,50.0,HR,Mid,Time Management
2173,50,5.62,26,7.74,80.28,0.52,58.483999999999995,Finance,Mid,Time Management
2174,32,4.0625,12,7.28125,83.28125,0.375,56.534375,HR,Mid,Communication Skills
2175,35,4.942857142857143,14,7.228571428571429,79.51428571428572,0.4,55.854285714285716,Operations,Mid,Communication Skills
2176,22,5.5,11,7.7272727272727275,81.13636363636364,0.5,48.14090909090909,IT,Mid,Time Management
2177,30,5.033333333333333,13,7.266666666666667,80.9,0.43333333333333335,53.269999999999996,Operations,Mid,Time Management
2178,35,4.371428571428571,17,7.428571428571429,77.91428571428571,0.4857142857142857,52.802857142857135,HR,Mid,Time Management
2179,49,4.857142857142857,19,7.63265306122449,77.65306122448979,0.3877551020408163,61.26326530612245,HR,Mid,Communication Skills
2180,44,4.409090909090909,17,7.659090909090909,78.4090909090909,0.38636363636363635,59.53181818181818,HR,Mid,Communication Skills
2181,44,5.659090909090909,26,7.545454545454546,80.1590909090909,0.5909090909090909,53.92045454545455,Finance,Mid,Time Management
2182,34,5.147058823529412,15,7.794117647058823,81.20588235294117,0.4411764705882353,54.726470588235294,Operations,Mid,Time Management
2183,32,5.125,13,7.375,78.6875,0.40625,54.21875,HR,Mid,Time Management
2184,44,5.113636363636363,19,7.295454545454546,83.97727272727273,0.4318181818181818,59.83863636363636,HR,Mid,Time Management
2185,35,5.085714285714285,13,7.371428571428571,81.62857142857143,0.37142857142857144,57.345714285714294,Operations,Mid,Communication Skills
2186,27,5.296296296296297,13,7.333333333333333,80.70370370370371,0.48148148148148145,50.56666666666667,IT,Mid,Time Management
2187,46,5.086956521739131,20,7.195652173913044,79.28260869565217,0.43478260869565216,59.14130434782609,Operations,Mid,Time Management
2188,48,4.895833333333333,22,7.458333333333333,78.1875,0.4583333333333333,58.90625,Operations,Mid,Time Management
2189,42,5.357142857142857,16,7.761904761904762,80.45238095238095,0.38095238095238093,59.50714285714285,IT,Mid,Communication Skills
2190,45,4.888888888888889,16,7.488888888888889,78.91111111111111,0.35555555555555557,61.00666666666666,Finance,Mid,Communication Skills
2191,37,4.4324324324324325,15,7.918918918918919,78.86486486486487,0.40540540540540543,56.29729729729729,Operations,Mid,Time Management
2192,45,5.333333333333333,20,7.133333333333334,77.8,0.4444444444444444,58.006666666666675,Marketing,Mid,Time Management
2193,50,4.78,17,7.32,79.1,0.34,63.529999999999994,Finance,Mid,Communication Skills
2194,41,4.634146341463414,20,7.2439024390243905,82.90243902439025,0.4878048780487805,56.63658536585366,Finance,Mid,Time Management
2195,38,5.078947368421052,20,7.184210526315789,81.89473684210526,0.5263157894736842,53.97894736842105,IT,Mid,Time Management
2196,24,5.541666666666667,8,7.375,78.25,0.3333333333333333,53.075,IT,Mid,Communication Skills
2197,20,4.85,10,7.65,80.25,0.5,47.075,Operations,Mid,Time Management
2198,24,6.0,13,7.458333333333333,78.66666666666667,0.5416666666666666,46.95,HR,Mid,Time Management
2199,26,5.461538461538462,13,7.384615384615385,84.96153846153847,0.5,50.88846153846154,Finance,Mid,Time Management
2200,32,5.0,15,7.59375,79.75,0.46875,52.6625,IT,Mid,Time Management
2201,32,5.375,18,7.40625,81.6875,0.5625,50.43125,Marketing,Mid,Time Management
2202,20,4.95,11,7.45,77.4,0.55,44.72,Marketing,Mid,Time Management
2203,29,5.310344827586207,10,7.275862068965517,80.96551724137932,0.3448275862068966,55.5448275862069,Finance,Mid,Communication Skills
2204,23,4.565217391304348,9,7.304347826086956,80.04347826086956,0.391304347826087,51.47391304347826,Marketing,Mid,Communication Skills
2205,30,5.166666666666667,14,7.533333333333333,78.06666666666666,0.4666666666666667,51.42,IT,Mid,Time Management
2206,22,5.409090909090909,11,7.636363636363637,79.4090909090909,0.5,47.622727272727275,Marketing,Mid,Time Management
2207,34,4.9411764705882355,13,7.088235294117647,79.94117647058823,0.38235294117647056,56.11176470588235,Marketing,Mid,Communication Skills
2208,48,5.3125,26,7.791666666666667,80.72916666666667,0.5416666666666666,57.16875,Operations,Mid,Time Management
2209,24,5.708333333333333,16,8.0,82.58333333333333,0.6666666666666666,44.375,Operations,Mid,Time Management
2210,30,4.7,10,7.2,80.96666666666667,0.3333333333333333,56.29,IT,Mid,Communication Skills
2211,25,4.04,7,7.08,81.28,0.28,55.983999999999995,Marketing,Mid,Communication Skills
2212,43,4.8604651162790695,19,7.511627906976744,81.30232558139535,0.4418604651162791,58.334883720930236,Finance,Mid,Time Management
2213,36,5.861111111111111,18,7.666666666666667,79.27777777777777,0.5,53.18333333333333,HR,Mid,Time Management
2214,29,6.241379310344827,20,7.793103448275862,80.37931034482759,0.6896551724137931,45.02413793103449,IT,Mid,Time Management
2215,28,4.928571428571429,10,7.642857142857143,78.82142857142857,0.35714285714285715,54.13214285714285,Operations,Mid,Communication Skills
2216,43,4.465116279069767,15,7.4186046511627906,80.4186046511628,0.3488372093023256,60.86046511627907,IT,Mid,Communication Skills
2217,35,5.228571428571429,14,7.771428571428571,80.37142857142857,0.4,56.11142857142857,Operations,Mid,Communication Skills
2218,44,4.795454545454546,20,7.295454545454546,81.31818181818181,0.45454545454545453,58.35909090909091,Marketing,Mid,Time Management
2219,21,5.0476190476190474,9,7.619047619047619,77.38095238095238,0.42857142857142855,48.75714285714285,Marketing,Mid,Time Management
2220,39,5.102564102564102,15,7.205128205128205,76.46153846153847,0.38461538461538464,57.0,IT,Mid,Communication Skills
2221,39,5.256410256410256,17,7.461538461538462,82.74358974358974,0.4358974358974359,57.346153846153854,Marketing,Mid,Time Management
2222,36,4.75,15,7.555555555555555,82.61111111111111,0.4166666666666667,56.68333333333334,Operations,Mid,Time Management
2223,44,5.0,15,7.568181818181818,80.68181818181819,0.3409090909090909,61.57727272727273,IT,Mid,Communication Skills
2224,37,4.5675675675675675,18,7.5675675675675675,83.02702702702703,0.4864864864864865,55.11351351351352,IT,Mid,Time Management
2225,31,5.161290322580645,19,7.645161290322581,80.45161290322581,0.6129032258064516,48.1483870967742,Finance,Mid,Time Management
2226,33,5.545454545454546,16,7.666666666666667,79.0909090909091,0.48484848484848486,52.38181818181818,Finance,Mid,Time Management
2227,33,4.454545454545454,15,7.696969696969697,85.15151515151516,0.45454545454545453,55.10909090909091,Operations,Mid,Time Management
2228,50,5.78,32,7.5,76.62,0.64,53.786,Marketing,Mid,Time Management
2229,40,4.65,15,7.125,78.775,0.375,58.3825,IT,Mid,Communication Skills
2230,36,5.055555555555555,16,7.527777777777778,83.25,0.4444444444444444,56.04166666666667,Operations,Mid,Time Management
2231,22,5.363636363636363,12,7.7727272727272725,75.95454545454545,0.5454545454545454,45.22272727272727,Marketing,Mid,Time Management
2232,38,4.947368421052632,18,7.2894736842105265,80.3157894736842,0.47368421052631576,55.084210526315786,IT,Mid,Time Management
2233,27,5.074074074074074,16,6.925925925925926,79.11111111111111,0.5925925925925926,46.75555555555556,Operations,Mid,Time Management
2234,31,4.806451612903226,13,7.32258064516129,78.45161290322581,0.41935483870967744,53.35483870967742,Finance,Mid,Time Management
2235,39,4.871794871794871,20,7.410256410256411,82.58974358974359,0.5128205128205128,54.99230769230769,Operations,Mid,Time Management
2236,27,5.333333333333333,9,7.777777777777778,80.70370370370371,0.3333333333333333,55.01111111111112,HR,Mid,Communication Skills
2237,20,5.4,9,7.2,77.55,0.45,47.765,Operations,Mid,Time Management
2238,39,4.846153846153846,18,7.358974358974359,80.46153846153847,0.46153846153846156,55.892307692307696,Finance,Mid,Time Management
2239,20,5.25,11,7.4,83.4,0.55,46.519999999999996,Operations,Mid,Time Management
2240,32,5.0,17,7.5,81.6875,0.53125,51.36875,Marketing,Mid,Time Management
2241,31,4.806451612903226,12,7.709677419354839,76.12903225806451,0.3870967741935484,53.6258064516129,Operations,Mid,Communication Skills
2242,42,4.738095238095238,20,7.476190476190476,82.04761904761905,0.47619047619047616,57.12857142857143,Marketing,Mid,Time Management
2243,39,4.717948717948718,17,7.282051282051282,80.02564102564102,0.4358974358974359,56.53076923076924,Finance,Mid,Time Management
2244,40,4.775,18,7.45,81.05,0.45,56.815,Operations,Mid,Time Management
2245,40,5.2,17,7.8,76.875,0.425,56.3125,Operations,Mid,Time Management
2246,32,4.90625,13,7.28125,81.3125,0.40625,55.00625,Marketing,Mid,Time Management
2247,22,4.7727272727272725,7,7.545454545454546,79.18181818181819,0.3181818181818182,53.009090909090915,Finance,Mid,Communication Skills
2248,41,5.219512195121951,18,7.536585365853658,81.53658536585365,0.43902439024390244,57.69024390243902,Marketing,Mid,Time Management
2249,25,5.12,12,7.52,79.2,0.48,49.36,Finance,Mid,Time Management
2250,40,4.875,22,7.5,78.975,0.55,53.192499999999995,Marketing,Mid,Time Management
2251,20,4.3,9,7.8,83.2,0.45,49.46,IT,Mid,Time Management
2252,44,4.5227272727272725,14,7.409090909090909,78.13636363636364,0.3181818181818182,61.49545454545455,HR,Mid,Communication Skills
2253,45,5.8,24,7.555555555555555,80.86666666666666,0.5333333333333333,56.26,IT,Mid,Time Management
2254,32,4.71875,15,7.28125,81.59375,0.46875,53.215625,Finance,Mid,Time Management
2255,20,4.7,8,7.55,79.25,0.4,49.775,HR,Mid,Communication Skills
2256,30,4.5,13,7.366666666666666,80.16666666666667,0.43333333333333335,53.05,IT,Mid,Time Management
2257,35,4.8,16,7.4,82.25714285714285,0.45714285714285713,54.962857142857146,Operations,Mid,Time Management
2258,40,5.1,16,7.375,77.85,0.4,57.355,HR,Mid,Communication Skills
2259,34,4.647058823529412,12,7.323529411764706,75.88235294117646,0.35294117647058826,55.7764705882353,Operations,Mid,Communication Skills
2260,27,4.814814814814815,8,7.592592592592593,79.37037037037037,0.2962962962962963,55.72222222222222,Marketing,Mid,Communication Skills
2261,49,5.142857142857143,26,7.530612244897959,77.91836734693878,0.5306122448979592,57.057142857142864,Marketing,Mid,Time Management
2262,32,4.125,14,7.78125,78.65625,0.4375,53.271875,Finance,Mid,Time Management
2263,39,4.923076923076923,16,7.435897435897436,79.58974358974359,0.41025641025641024,57.16923076923077,Finance,Mid,Time Management
2264,47,5.276595744680851,19,7.25531914893617,79.53191489361703,0.40425531914893614,60.53191489361702,Operations,Mid,Time Management
2265,33,4.424242424242424,12,7.484848484848484,78.45454545454545,0.36363636363636365,55.82727272727273,Operations,Mid,Communication Skills
2266,48,4.916666666666667,20,7.8125,80.08333333333333,0.4166666666666667,60.725,IT,Mid,Time Management
2267,45,5.0,20,7.666666666666667,80.42222222222222,0.4444444444444444,58.79333333333334,Finance,Mid,Time Management
2268,40,5.45,19,7.5,79.675,0.475,55.6525,Operations,Mid,Time Management
2269,39,4.923076923076923,17,7.846153846153846,78.02564102564102,0.4358974358974359,55.93076923076923,IT,Mid,Time Management
2270,47,5.042553191489362,22,7.574468085106383,81.48936170212765,0.46808510638297873,59.20425531914893,IT,Mid,Time Management
2271,34,5.647058823529412,21,7.5588235294117645,79.3529411764706,0.6176470588235294,48.87647058823529,Marketing,Mid,Time Management
2272,50,5.2,24,7.76,79.18,0.48,59.354,Finance,Mid,Time Management
2273,41,5.097560975609756,18,7.341463414634147,78.1951219512195,0.43902439024390244,56.68780487804878,Finance,Mid,Time Management
2274,25,4.72,10,7.24,78.8,0.4,51.64,Marketing,Mid,Communication Skills
2275,42,4.9523809523809526,22,7.619047619047619,77.85714285714286,0.5238095238095238,54.44285714285714,HR,Mid,Time Management
2276,40,4.8,17,7.45,77.05,0.425,56.364999999999995,Operations,Mid,Time Management
2277,41,5.536585365853658,25,7.317073170731708,84.07317073170732,0.6097560975609756,53.329268292682926,Operations,Mid,Time Management
2278,30,4.733333333333333,13,7.566666666666666,81.83333333333333,0.43333333333333335,53.55,Finance,Mid,Time Management
2279,32,4.6875,15,7.25,79.46875,0.46875,52.578125,Marketing,Mid,Time Management
2280,33,4.181818181818182,11,7.363636363636363,80.21212121212122,0.3333333333333333,57.263636363636365,Finance,Mid,Communication Skills
2281,26,4.730769230769231,10,7.5,79.5,0.38461538461538464,52.71153846153847,Finance,Mid,Communication Skills
2282,43,5.3023255813953485,19,7.441860465116279,78.81395348837209,0.4418604651162791,57.58837209302326,Marketing,Mid,Time Management
2283,26,5.346153846153846,11,7.538461538461538,76.0,0.4230769230769231,50.50769230769231,Marketing,Mid,Time Management
2284,46,4.8478260869565215,20,7.3478260869565215,80.17391304347827,0.43478260869565216,59.40869565217392,Marketing,Mid,Time Management
2285,24,4.583333333333333,12,7.625,81.95833333333333,0.5,49.1875,Operations,Mid,Time Management
2286,49,4.877551020408164,24,7.6938775510204085,80.91836734693878,0.4897959183673469,59.18163265306123,Finance,Mid,Time Management
2287,26,5.8076923076923075,11,7.576923076923077,79.07692307692308,0.4230769230769231,51.43076923076923,IT,Mid,Time Management
2288,35,4.714285714285714,12,7.371428571428571,80.45714285714286,0.34285714285714286,57.85142857142857,IT,Mid,Communication Skills
2289,22,3.6818181818181817,6,7.590909090909091,83.18181818181819,0.2727272727272727,55.57272727272728,IT,Mid,Communication Skills
2290,50,4.46,25,7.42,78.7,0.5,58.61,Marketing,Mid,Time Management
2291,33,4.181818181818182,12,7.363636363636363,75.57575757575758,0.36363636363636365,54.96363636363636,IT,Mid,Communication Skills
2292,44,4.659090909090909,21,7.636363636363637,80.18181818181819,0.4772727272727273,57.336363636363636,Finance,Mid,Time Management
2293,28,4.107142857142857,7,7.107142857142857,77.82142857142857,0.25,57.04642857142858,Operations,Mid,Communication Skills
2294,46,5.934782608695652,23,7.630434782608695,81.30434782608695,0.5,57.79130434782609,IT,Mid,Time Management
2295,23,5.130434782608695,11,7.695652173913044,78.0,0.4782608695652174,48.25217391304348,Finance,Mid,Time Management
2296,50,4.84,20,7.34,79.88,0.4,61.964,Operations,Mid,Communication Skills
2297,25,5.32,13,7.32,79.2,0.52,48.16,Operations,Mid,Time Management
2298,41,4.975609756097561,16,7.878048780487805,80.48780487804878,0.3902439024390244,58.83902439024391,HR,Mid,Communication Skills
2299,42,4.619047619047619,20,7.285714285714286,79.35714285714286,0.47619047619047616,56.32142857142858,Finance,Mid,Time Management
2300,41,5.146341463414634,20,7.658536585365853,79.1951219512195,0.4878048780487805,55.52439024390244,HR,Mid,Time Management
2301,32,4.59375,13,7.21875,79.15625,0.40625,54.359375,Marketing,Mid,Time Management
2302,31,5.129032258064516,11,7.548387096774194,77.61290322580645,0.3548387096774194,55.038709677419355,IT,Mid,Communication Skills
2303,45,5.111111111111111,22,7.555555555555555,81.57777777777778,0.4888888888888889,57.80666666666666,Finance,Mid,Time Management
2304,50,5.46,24,7.5,82.6,0.48,60.379999999999995,Operations,Mid,Time Management
2305,21,5.714285714285714,14,7.428571428571429,78.85714285714286,0.6666666666666666,42.057142857142864,Operations,Mid,Time Management
2306,23,4.608695652173913,10,7.6521739130434785,77.17391304347827,0.43478260869565216,49.308695652173924,Operations,Mid,Time Management
2307,47,4.617021276595745,16,7.74468085106383,81.97872340425532,0.3404255319148936,63.18085106382979,Finance,Mid,Communication Skills
2308,40,5.75,15,7.625,81.425,0.375,59.177499999999995,Operations,Mid,Communication Skills
2309,49,4.6938775510204085,23,7.408163265306122,80.91836734693878,0.46938775510204084,59.79387755102041,IT,Mid,Time Management
2310,32,5.25,14,7.25,81.0,0.4375,53.975,Operations,Mid,Time Management
2311,35,5.171428571428572,17,7.771428571428571,80.37142857142857,0.4857142857142857,53.53999999999999,IT,Mid,Time Management
2312,50,5.54,26,7.32,81.76,0.52,58.928,Marketing,Mid,Time Management
2313,25,4.68,12,7.24,78.84,0.48,49.252,Operations,Mid,Time Management
2314,47,4.723404255319149,22,7.297872340425532,80.70212765957447,0.46808510638297873,58.96808510638297,Finance,Mid,Time Management
2315,26,5.384615384615385,14,7.961538461538462,78.57692307692308,0.5384615384615384,47.81923076923077,IT,Mid,Time Management
2316,40,5.075,16,7.475,79.05,0.4,57.715,Marketing,Mid,Communication Skills
2317,39,4.512820512820513,14,7.410256410256411,80.0,0.358974358974359,58.830769230769235,IT,Mid,Communication Skills
2318,47,4.51063829787234,19,7.638297872340425,83.48936170212765,0.40425531914893614,61.719148936170214,Operations,Mid,Time Management
2319,47,5.319148936170213,25,7.297872340425532,79.0,0.5319148936170213,56.54255319148936,HR,Mid,Time Management
2320,30,4.833333333333333,14,7.466666666666667,77.46666666666667,0.4666666666666667,51.239999999999995,HR,Mid,Time Management
2321,43,4.651162790697675,16,7.488372093023256,79.67441860465117,0.37209302325581395,59.939534883720924,Marketing,Mid,Communication Skills
2322,31,4.709677419354839,13,7.129032258064516,77.64516129032258,0.41935483870967744,53.11290322580645,IT,Mid,Time Management
2323,24,5.375,13,8.083333333333334,76.375,0.5416666666666666,46.2625,Operations,Mid,Time Management
2324,47,5.0,15,7.404255319148936,82.97872340425532,0.3191489361702128,64.11914893617022,Operations,Mid,Communication Skills
2325,48,4.5,20,7.4375,78.33333333333333,0.4166666666666667,60.2,HR,Mid,Time Management
2326,27,5.888888888888889,13,7.518518518518518,82.55555555555556,0.48148148148148145,51.12222222222222,Finance,Mid,Time Management
2327,33,5.878787878787879,20,7.484848484848484,80.03030303030303,0.6060606060606061,49.02727272727273,IT,Mid,Time Management
2328,39,5.435897435897436,21,7.17948717948718,81.07692307692308,0.5384615384615384,53.769230769230774,Finance,Mid,Time Management
2329,42,4.785714285714286,18,7.690476190476191,80.88095238095238,0.42857142857142855,58.207142857142856,IT,Mid,Time Management
2330,42,4.428571428571429,18,7.380952380952381,80.23809523809524,0.42857142857142855,58.01428571428572,IT,Mid,Time Management
2331,25,3.44,7,7.2,82.28,0.28,56.284,IT,Mid,Communication Skills
2332,38,5.2368421052631575,18,7.5,75.5,0.47368421052631576,53.63947368421053,Finance,Mid,Time Management
2333,40,6.125,24,7.275,79.45,0.6,51.835,Finance,Mid,Time Management
2334,33,5.181818181818182,16,7.606060606060606,77.33333333333333,0.48484848484848486,51.85454545454546,Operations,Mid,Time Management
2335,50,5.06,22,7.54,79.76,0.44,60.727999999999994,Operations,Mid,Time Management
2336,33,5.181818181818182,15,7.636363636363637,79.63636363636364,0.45454545454545453,53.45454545454545,Finance,Mid,Time Management
2337,39,5.0256410256410255,14,7.153846153846154,78.58974358974359,0.358974358974359,58.407692307692315,Finance,Mid,Communication Skills
2338,21,4.190476190476191,4,7.095238095238095,76.95238095238095,0.19047619047619047,55.77142857142857,IT,Mid,Communication Skills
2339,25,4.4,8,7.84,84.48,0.32,55.744,Marketing,Mid,Communication Skills
2340,29,5.241379310344827,16,7.103448275862069,83.65517241379311,0.5517241379310345,50.1448275862069,HR,Mid,Time Management
2341,23,4.739130434782608,7,7.478260869565218,78.1304347826087,0.30434782608695654,53.50869565217391,HR,Mid,Communication Skills
2342,39,4.512820512820513,17,7.589743589743589,82.05128205128206,0.4358974358974359,57.13846153846154,IT,Mid,Time Management
2343,37,6.027027027027027,24,7.648648648648648,85.51351351351352,0.6486486486486487,50.994594594594595,Marketing,Mid,Time Management
2344,39,4.512820512820513,20,7.0256410256410255,79.84615384615384,0.5128205128205128,54.169230769230765,Marketing,Mid,Time Management
2345,42,6.023809523809524,23,7.428571428571429,84.57142857142857,0.5476190476190477,55.74285714285714,IT,Mid,Time Management
2346,29,5.862068965517241,15,7.482758620689655,79.62068965517241,0.5172413793103449,49.96896551724138,Marketing,Mid,Time Management
2347,21,4.857142857142857,7,7.619047619047619,79.42857142857143,0.3333333333333333,52.228571428571435,Operations,Mid,Communication Skills
2348,42,5.785714285714286,21,7.476190476190476,80.0952380952381,0.5,55.82857142857143,IT,Mid,Time Management
2349,23,5.478260869565218,11,7.173913043478261,82.34782608695652,0.4782608695652174,49.55652173913043,Operations,Mid,Time Management
2350,48,5.270833333333333,22,7.645833333333333,82.72916666666667,0.4583333333333333,60.268750000000004,Finance,Mid,Time Management
2351,38,4.842105263157895,20,7.7631578947368425,80.0,0.5263157894736842,53.410526315789475,Marketing,Mid,Time Management
2352,31,4.774193548387097,10,7.516129032258065,80.29032258064517,0.3225806451612903,56.80967741935484,Marketing,Mid,Communication Skills
2353,42,5.666666666666667,25,7.571428571428571,78.42857142857143,0.5952380952380952,52.471428571428575,Operations,Mid,Time Management
2354,47,4.340425531914893,11,7.340425531914893,82.12765957446808,0.23404255319148937,66.41702127659573,Finance,Mid,Communication Skills
2355,31,5.645161290322581,14,7.516129032258065,79.64516129032258,0.45161290322580644,52.74516129032258,Finance,Mid,Time Management
2356,20,5.6,10,7.8,76.8,0.5,46.04,Marketing,Mid,Time Management
2357,46,5.260869565217392,25,7.3478260869565215,81.8695652173913,0.5434782608695652,56.65652173913043,Marketing,Mid,Time Management
2358,33,4.393939393939394,14,7.484848484848484,81.39393939393939,0.42424242424242425,54.89090909090909,Finance,Mid,Time Management
2359,20,4.7,10,7.2,83.1,0.5,47.92999999999999,Operations,Mid,Time Management
2360,45,5.488888888888889,26,7.4,80.75555555555556,0.5777777777777777,54.89333333333333,Operations,Mid,Time Management
2361,23,5.695652173913044,13,7.695652173913044,80.52173913043478,0.5652173913043478,46.4,HR,Mid,Time Management
2362,22,5.7272727272727275,13,7.454545454545454,78.36363636363636,0.5909090909090909,44.58181818181818,Operations,Mid,Time Management
2363,24,5.5,12,7.791666666666667,77.04166666666667,0.5,47.712500000000006,Marketing,Mid,Time Management
2364,50,4.82,14,7.44,78.62,0.28,65.18599999999999,IT,Mid,Communication Skills
2365,31,4.774193548387097,11,7.419354838709677,80.29032258064517,0.3548387096774194,55.84193548387097,IT,Mid,Communication Skills
2366,39,4.743589743589744,17,7.589743589743589,79.76923076923077,0.4358974358974359,56.45384615384616,Marketing,Mid,Time Management
2367,36,4.666666666666667,12,7.527777777777778,81.55555555555556,0.3333333333333333,58.866666666666674,Finance,Mid,Communication Skills
2368,35,5.6,21,7.6571428571428575,79.71428571428571,0.6,49.91428571428571,Marketing,Mid,Time Management
2369,48,5.291666666666667,27,7.604166666666667,78.85416666666667,0.5625,55.98125,Finance,Mid,Time Management
2370,33,5.242424242424242,15,7.242424242424242,80.0909090909091,0.45454545454545453,53.59090909090909,Finance,Mid,Time Management
2371,32,4.625,12,7.40625,80.03125,0.375,55.559375,Operations,Mid,Communication Skills
2372,43,5.651162790697675,23,7.348837209302325,79.76744186046511,0.5348837209302325,55.08372093023256,Finance,Mid,Time Management
2373,47,4.638297872340425,19,7.25531914893617,79.59574468085107,0.40425531914893614,60.55106382978724,Finance,Mid,Time Management
2374,42,4.857142857142857,17,7.5476190476190474,81.0,0.40476190476190477,58.957142857142856,Marketing,Mid,Time Management
2375,41,5.853658536585366,25,7.951219512195122,78.95121951219512,0.6097560975609756,51.79268292682927,Finance,Mid,Time Management
2376,45,5.088888888888889,15,7.533333333333333,79.44444444444444,0.3333333333333333,61.83333333333333,IT,Mid,Communication Skills
2377,44,5.2272727272727275,21,7.545454545454546,81.20454545454545,0.4772727272727273,57.643181818181816,Finance,Mid,Time Management
2378,31,4.806451612903226,13,7.645161290322581,78.70967741935483,0.41935483870967744,53.43225806451613,HR,Mid,Time Management
2379,44,4.840909090909091,18,7.681818181818182,79.79545454545455,0.4090909090909091,59.26590909090909,IT,Mid,Time Management
2380,38,5.342105263157895,21,7.7368421052631575,77.15789473684211,0.5526315789473685,51.76842105263158,Finance,Mid,Time Management
2381,48,5.166666666666667,26,7.520833333333333,79.54166666666667,0.5416666666666666,56.8125,Finance,Mid,Time Management
2382,30,5.166666666666667,13,7.333333333333333,77.8,0.43333333333333335,52.34,Marketing,Mid,Time Management
2383,24,4.041666666666667,6,7.25,80.83333333333333,0.25,56.349999999999994,Finance,Mid,Communication Skills
2384,22,5.136363636363637,7,7.818181818181818,79.04545454545455,0.3181818181818182,52.96818181818182,IT,Mid,Communication Skills
2385,44,5.068181818181818,21,7.590909090909091,80.52272727272727,0.4772727272727273,57.43863636363636,Operations,Mid,Time Management
2386,44,4.954545454545454,17,7.545454545454546,78.29545454545455,0.38636363636363635,59.497727272727275,Finance,Mid,Communication Skills
2387,35,4.914285714285715,13,7.628571428571429,82.57142857142857,0.37142857142857144,57.62857142857143,Marketing,Mid,Communication Skills
2388,21,5.142857142857143,9,7.9523809523809526,83.47619047619048,0.42857142857142855,50.58571428571429,Marketing,Mid,Time Management
2389,35,5.714285714285714,15,7.6571428571428575,76.05714285714286,0.42857142857142855,53.96,Finance,Mid,Time Management
2390,23,4.391304347826087,12,7.391304347826087,82.26086956521739,0.5217391304347826,48.22608695652174,Marketing,Mid,Time Management
2391,35,5.4,15,7.628571428571429,80.2,0.42857142857142855,55.20285714285714,Operations,Mid,Time Management
2392,37,4.378378378378378,10,7.648648648648648,80.51351351351352,0.2702702702702703,60.84594594594594,Finance,Mid,Communication Skills
2393,43,4.906976744186046,21,7.395348837209302,79.11627906976744,0.4883720930232558,56.28372093023256,Finance,Mid,Time Management
2394,45,4.8,21,7.6,78.75555555555556,0.4666666666666667,57.626666666666665,IT,Mid,Time Management
2395,42,4.857142857142857,17,7.404761904761905,84.11904761904762,0.40476190476190477,59.89285714285714,IT,Mid,Time Management
2396,47,4.872340425531915,20,7.276595744680851,77.72340425531915,0.425531914893617,59.351063829787236,Operations,Mid,Time Management
2397,37,5.216216216216216,14,7.891891891891892,79.24324324324324,0.3783783783783784,57.22162162162162,IT,Mid,Communication Skills
2398,42,5.119047619047619,16,7.761904761904762,75.69047619047619,0.38095238095238093,58.07857142857143,Finance,Mid,Communication Skills
2399,37,5.216216216216216,19,7.594594594594595,77.94594594594595,0.5135135135135135,52.77837837837838,Marketing,Mid,Time Management
2400,30,4.9,14,7.533333333333333,82.53333333333333,0.4666666666666667,52.76,Finance,Mid,Time Management
2401,24,4.625,10,7.75,84.25,0.4166666666666667,52.375,HR,Mid,Time Management
2402,33,4.878787878787879,15,7.696969696969697,79.60606060606061,0.45454545454545453,53.445454545454545,Marketing,Mid,Time Management
2403,44,5.295454545454546,21,7.704545454545454,81.27272727272727,0.4772727272727273,57.66363636363636,Marketing,Mid,Time Management
2404,25,5.0,11,7.68,79.28,0.44,50.584,Operations,Mid,Time Management
2405,25,5.36,12,7.16,75.76,0.48,48.328,HR,Mid,Time Management
2406,34,5.176470588235294,19,7.529411764705882,80.52941176470588,0.5588235294117647,50.99411764705883,Finance,Mid,Time Management
2407,36,5.055555555555555,16,7.583333333333333,79.47222222222223,0.4444444444444444,54.90833333333334,IT,Mid,Time Management
2408,27,4.037037037037037,8,7.592592592592593,78.03703703703704,0.2962962962962963,55.32222222222222,Marketing,Mid,Communication Skills
2409,22,3.8636363636363638,9,7.318181818181818,79.27272727272727,0.4090909090909091,50.309090909090905,Operations,Mid,Time Management
2410,38,5.131578947368421,15,7.315789473684211,80.65789473684211,0.39473684210526316,57.55526315789474,Finance,Mid,Communication Skills
2411,28,5.035714285714286,11,7.107142857142857,81.32142857142857,0.39285714285714285,53.81071428571428,HR,Mid,Communication Skills
2412,26,5.0,13,7.423076923076923,83.42307692307692,0.5,50.426923076923075,HR,Mid,Time Management
2413,25,5.56,14,7.4,80.6,0.56,47.379999999999995,Finance,Mid,Time Management
2414,21,5.0476190476190474,7,7.761904761904762,83.71428571428571,0.3333333333333333,53.51428571428572,Operations,Mid,Communication Skills
2415,21,6.0476190476190474,14,7.571428571428571,81.38095238095238,0.6666666666666666,42.81428571428572,Marketing,Mid,Time Management
2416,46,5.021739130434782,20,7.6521739130434785,81.06521739130434,0.43478260869565216,59.67608695652174,IT,Mid,Time Management
2417,29,6.344827586206897,18,7.137931034482759,78.51724137931035,0.6206896551724138,46.5344827586207,Finance,Mid,Time Management
2418,46,5.478260869565218,23,7.434782608695652,79.1304347826087,0.5,57.139130434782615,Finance,Mid,Time Management
2419,48,4.666666666666667,20,7.520833333333333,77.77083333333333,0.4166666666666667,60.03125,Marketing,Mid,Time Management
2420,47,4.9787234042553195,24,7.574468085106383,79.93617021276596,0.5106382978723404,57.46170212765958,Marketing,Mid,Time Management
2421,27,5.814814814814815,12,7.666666666666667,78.22222222222223,0.4444444444444444,50.93333333333334,Finance,Mid,Time Management
2422,34,4.411764705882353,15,7.735294117647059,79.05882352941177,0.4411764705882353,54.082352941176474,HR,Mid,Time Management
2423,34,4.9411764705882355,17,7.4411764705882355,81.20588235294117,0.5,52.96176470588235,IT,Mid,Time Management
2424,24,4.583333333333333,9,7.625,80.58333333333333,0.375,52.525,Marketing,Mid,Communication Skills
2425,49,4.714285714285714,21,7.448979591836735,78.81632653061224,0.42857142857142855,60.38775510204082,HR,Mid,Time Management
2426,38,5.342105263157895,17,7.815789473684211,81.57894736842105,0.4473684210526316,56.252631578947366,Operations,Mid,Time Management
2427,33,5.0,17,7.333333333333333,82.60606060606061,0.5151515151515151,52.52727272727273,Operations,Mid,Time Management
2428,27,5.296296296296297,14,7.555555555555555,78.66666666666667,0.5185185185185185,48.84444444444445,Operations,Mid,Time Management
2429,48,5.458333333333333,20,7.708333333333333,77.20833333333333,0.4166666666666667,59.8625,Marketing,Mid,Time Management
2430,33,4.363636363636363,11,7.484848484848484,80.0,0.3333333333333333,57.2,Marketing,Mid,Communication Skills
2431,36,5.194444444444445,17,7.25,79.75,0.4722222222222222,54.15833333333333,IT,Mid,Time Management
2432,41,5.170731707317073,19,7.170731707317073,80.29268292682927,0.4634146341463415,56.585365853658544,Finance,Mid,Time Management
2433,45,4.7555555555555555,24,7.911111111111111,77.97777777777777,0.5333333333333333,55.39333333333333,HR,Mid,Time Management
2434,39,5.076923076923077,18,7.461538461538462,76.25641025641026,0.46153846153846156,54.63076923076923,HR,Mid,Time Management
2435,21,5.285714285714286,10,7.666666666666667,81.04761904761905,0.47619047619047616,48.42857142857143,Operations,Mid,Time Management
2436,26,4.846153846153846,8,7.923076923076923,80.96153846153847,0.3076923076923077,55.45769230769231,Marketing,Mid,Communication Skills
2437,50,5.14,20,7.54,81.52,0.4,62.456,Operations,Mid,Communication Skills
2438,32,4.875,16,7.5,77.53125,0.5,51.059375,HR,Mid,Time Management
2439,50,4.62,20,7.48,79.94,0.4,61.982,Finance,Mid,Communication Skills
2440,39,4.717948717948718,19,7.384615384615385,81.05128205128206,0.48717948717948717,55.3,Finance,Mid,Time Management
2441,21,4.190476190476191,7,7.428571428571429,79.38095238095238,0.3333333333333333,52.21428571428572,IT,Mid,Communication Skills
2442,44,5.568181818181818,17,7.5227272727272725,78.81818181818181,0.38636363636363635,59.654545454545456,Operations,Mid,Communication Skills
2443,34,5.5,21,7.382352941176471,79.11764705882354,0.6176470588235294,48.80588235294118,HR,Mid,Time Management
2444,43,4.511627906976744,20,7.325581395348837,79.27906976744185,0.46511627906976744,57.03023255813954,Finance,Mid,Time Management
2445,40,5.2,16,7.425,78.875,0.4,57.662499999999994,Finance,Mid,Communication Skills
2446,48,5.833333333333333,30,7.375,80.77083333333333,0.625,54.681250000000006,Finance,Mid,Time Management
2447,44,5.0,20,7.545454545454546,78.9090909090909,0.45454545454545453,57.63636363636364,Finance,Mid,Time Management
2448,45,5.355555555555555,24,7.644444444444445,79.31111111111112,0.5333333333333333,55.79333333333334,Marketing,Mid,Time Management
2449,20,4.8,9,7.55,74.8,0.45,46.94,Finance,Mid,Time Management
2450,49,4.530612244897959,17,7.530612244897959,79.57142857142857,0.3469387755102041,63.063265306122446,IT,Mid,Communication Skills
2451,26,4.8076923076923075,12,7.5,84.23076923076923,0.46153846153846156,51.82307692307692,Finance,Mid,Time Management
2452,48,4.729166666666667,24,7.270833333333333,80.58333333333333,0.5,58.375,Operations,Mid,Time Management
2453,37,4.4324324324324325,18,7.783783783783784,79.62162162162163,0.4864864864864865,54.09189189189189,HR,Mid,Time Management
2454,43,5.395348837209302,21,7.4186046511627906,83.06976744186046,0.4883720930232558,57.46976744186047,IT,Mid,Time Management
2455,45,5.444444444444445,20,7.688888888888889,77.02222222222223,0.4444444444444444,57.77333333333334,IT,Mid,Time Management
2456,41,5.365853658536586,20,7.512195121951219,79.1219512195122,0.4878048780487805,55.50243902439025,Finance,Mid,Time Management
2457,24,4.75,11,7.416666666666667,78.54166666666667,0.4583333333333333,49.41250000000001,Marketing,Mid,Time Management
2458,31,4.451612903225806,11,7.451612903225806,78.80645161290323,0.3548387096774194,55.396774193548396,Operations,Mid,Communication Skills
2459,40,5.2,18,7.525,80.0,0.45,56.5,IT,Mid,Time Management
2460,47,4.9361702127659575,22,7.425531914893617,80.1063829787234,0.46808510638297873,58.78936170212766,Marketing,Mid,Time Management
2461,50,5.16,27,7.46,77.8,0.54,57.14,IT,Mid,Time Management
2462,23,4.565217391304348,9,7.695652173913044,77.3913043478261,0.391304347826087,50.67826086956522,IT,Mid,Communication Skills
2463,34,4.647058823529412,10,7.588235294117647,77.70588235294117,0.29411764705882354,58.08823529411765,Operations,Mid,Communication Skills
2464,33,5.848484848484849,19,7.303030303030303,77.63636363636364,0.5757575757575758,49.21818181818182,HR,Mid,Time Management
2465,46,5.521739130434782,23,7.586956521739131,81.52173913043478,0.5,57.85652173913044,Operations,Mid,Time Management
2466,20,5.85,9,7.55,81.8,0.45,49.04,Marketing,Mid,Time Management
2467,40,4.625,14,7.7,82.775,0.35,60.332499999999996,Operations,Mid,Communication Skills
2468,20,4.7,8,7.4,80.35,0.4,50.105,Operations,Mid,Communication Skills
2469,27,4.62962962962963,11,7.333333333333333,78.96296296296296,0.4074074074074074,52.266666666666666,Finance,Mid,Time Management
2470,28,5.285714285714286,14,7.321428571428571,82.39285714285714,0.5,50.917857142857144,HR,Mid,Time Management
2471,38,4.868421052631579,19,7.394736842105263,80.0,0.5,54.2,Finance,Mid,Time Management
2472,36,4.888888888888889,15,7.5,82.11111111111111,0.4166666666666667,56.53333333333333,Marketing,Mid,Time Management
2473,50,4.66,18,7.42,79.62,0.36,63.086,IT,Mid,Communication Skills
2474,28,4.607142857142857,12,7.428571428571429,76.75,0.42857142857142855,51.36785714285714,Operations,Mid,Time Management
2475,36,4.861111111111111,16,7.694444444444445,81.08333333333333,0.4444444444444444,55.391666666666666,Finance,Mid,Time Management
2476,40,4.8,16,7.825,81.2,0.4,58.36,IT,Mid,Communication Skills
2477,20,4.7,7,7.75,77.1,0.35,50.629999999999995,Operations,Mid,Communication Skills
2478,21,4.714285714285714,9,7.761904761904762,77.0952380952381,0.42857142857142855,48.67142857142858,Operations,Mid,Time Management
2479,38,5.078947368421052,15,7.5,77.36842105263158,0.39473684210526316,56.56842105263158,IT,Mid,Communication Skills
2480,29,4.896551724137931,14,7.482758620689655,79.96551724137932,0.4827586206896552,51.106896551724134,Operations,Mid,Time Management
2481,30,5.066666666666666,17,7.766666666666667,82.86666666666666,0.5666666666666667,49.86,Finance,Mid,Time Management
2482,25,5.68,14,7.6,83.0,0.56,48.099999999999994,IT,Mid,Time Management
2483,24,4.583333333333333,10,7.625,84.29166666666667,0.4166666666666667,52.3875,IT,Mid,Time Management
2484,35,5.285714285714286,15,7.6571428571428575,78.28571428571429,0.42857142857142855,54.62857142857143,IT,Mid,Time Management
2485,44,5.5227272727272725,23,7.704545454545454,79.0909090909091,0.5227272727272727,55.64545454545455,Finance,Mid,Time Management
2486,25,5.56,14,7.6,78.08,0.56,46.623999999999995,HR,Mid,Time Management
2487,27,4.407407407407407,8,7.37037037037037,82.4074074074074,0.2962962962962963,56.63333333333333,IT,Mid,Communication Skills
2488,27,5.037037037037037,12,7.518518518518518,77.0,0.4444444444444444,50.56666666666666,Marketing,Mid,Time Management
2489,36,4.083333333333333,13,7.361111111111111,81.61111111111111,0.3611111111111111,58.05,Marketing,Mid,Communication Skills
2490,36,5.222222222222222,15,7.75,80.33333333333333,0.4166666666666667,56.0,IT,Mid,Time Management
2491,31,4.548387096774194,9,7.67741935483871,82.2258064516129,0.2903225806451613,58.35806451612903,Finance,Mid,Communication Skills
2492,22,4.681818181818182,10,7.863636363636363,81.81818181818181,0.45454545454545453,49.709090909090904,Marketing,Mid,Time Management
2493,37,5.351351351351352,19,7.324324324324325,81.78378378378379,0.5135135135135135,53.92972972972973,IT,Mid,Time Management
2494,25,4.64,12,7.56,85.36,0.48,51.208,HR,Mid,Time Management
2495,25,4.44,9,7.52,78.64,0.36,52.792,HR,Mid,Communication Skills
2496,42,5.404761904761905,21,7.380952380952381,80.9047619047619,0.5,56.07142857142857,Marketing,Mid,Time Management
2497,33,5.2727272727272725,17,7.363636363636363,81.03030303030303,0.5151515151515151,52.05454545454546,HR,Mid,Time Management
2498,47,4.446808510638298,13,7.170212765957447,79.06382978723404,0.2765957446808511,64.22127659574468,IT,Mid,Communication Skills
2499,28,5.821428571428571,13,7.25,81.78571428571429,0.4642857142857143,51.807142857142864,Marketing,Mid,Time Management
2500,36,4.861111111111111,15,7.555555555555555,78.19444444444444,0.4166666666666667,55.358333333333334,IT,Mid,Time Management
2501,30,4.233333333333333,10,7.733333333333333,83.96666666666667,0.3333333333333333,57.19,Marketing,Mid,Communication Skills
2502,26,4.884615384615385,12,7.884615384615385,79.38461538461539,0.46153846153846156,50.36923076923077,Marketing,Mid,Time Management
2503,40,4.75,17,7.525,80.45,0.425,57.385000000000005,Marketing,Mid,Time Management
2504,38,4.684210526315789,16,7.447368421052632,82.05263157894737,0.42105263157894735,57.18421052631579,IT,Mid,Time Management
2505,32,5.65625,18,7.6875,82.9375,0.5625,50.80625,Operations,Mid,Time Management
2506,38,5.315789473684211,16,7.605263157894737,79.92105263157895,0.42105263157894735,56.544736842105266,HR,Mid,Time Management
2507,27,5.851851851851852,17,7.37037037037037,82.96296296296296,0.6296296296296297,46.8,Finance,Mid,Time Management
2508,39,5.538461538461538,16,7.102564102564102,78.97435897435898,0.41025641025641024,56.98461538461539,HR,Mid,Time Management
2509,33,5.96969696969697,14,7.636363636363637,80.0909090909091,0.42424242424242425,54.5,IT,Mid,Time Management
2510,48,4.479166666666667,20,7.25,78.8125,0.4166666666666667,60.34375,Finance,Mid,Time Management
2511,43,5.255813953488372,21,7.744186046511628,79.72093023255815,0.4883720930232558,56.465116279069775,HR,Mid,Time Management
2512,41,4.804878048780488,18,7.560975609756097,80.7560975609756,0.43902439024390244,57.45609756097561,Marketing,Mid,Time Management
2513,20,5.55,7,6.85,78.1,0.35,50.92999999999999,Marketing,Mid,Communication Skills
2514,34,5.323529411764706,13,7.470588235294118,79.79411764705883,0.38235294117647056,56.06764705882353,Operations,Mid,Communication Skills
2515,22,4.181818181818182,7,7.909090909090909,77.31818181818181,0.3181818181818182,52.45,Finance,Mid,Communication Skills
2516,21,5.761904761904762,9,7.666666666666667,80.14285714285714,0.42857142857142855,49.58571428571429,Operations,Mid,Time Management
2517,32,5.15625,15,7.375,78.03125,0.46875,52.146875,HR,Mid,Time Management
2518,46,4.913043478260869,21,7.478260869565218,80.17391304347827,0.45652173913043476,58.756521739130434,HR,Mid,Time Management
2519,31,5.645161290322581,15,7.580645161290323,80.35483870967742,0.4838709677419355,51.990322580645156,Marketing,Mid,Time Management
2520,49,5.469387755102041,29,7.63265306122449,78.83673469387755,0.5918367346938775,55.49591836734694,Marketing,Mid,Time Management
2521,22,5.136363636363637,11,7.363636363636363,81.13636363636364,0.5,48.14090909090909,Marketing,Mid,Time Management
2522,37,4.1891891891891895,16,7.594594594594595,80.75675675675676,0.43243243243243246,56.05405405405405,Marketing,Mid,Time Management
2523,30,5.3,13,7.8,82.53333333333333,0.43333333333333335,53.76,IT,Mid,Time Management
2524,50,4.66,16,7.52,77.68,0.32,63.704,Finance,Mid,Communication Skills
2525,31,4.774193548387097,12,7.67741935483871,77.45161290322581,0.3870967741935484,54.02258064516129,IT,Mid,Communication Skills
2526,20,4.9,8,8.05,79.95,0.4,49.985,Operations,Mid,Communication Skills
2527,45,5.133333333333334,28,7.711111111111111,78.75555555555556,0.6222222222222222,52.96,Marketing,Mid,Time Management
2528,39,5.3076923076923075,21,7.589743589743589,82.35897435897436,0.5384615384615384,54.15384615384616,Operations,Mid,Time Management
2529,23,4.869565217391305,8,7.3478260869565215,80.56521739130434,0.34782608695652173,52.93478260869565,Finance,Mid,Communication Skills
2530,45,4.733333333333333,18,7.488888888888889,78.17777777777778,0.4,59.45333333333333,Marketing,Mid,Communication Skills
2531,32,5.40625,17,7.34375,75.625,0.53125,49.55,IT,Mid,Time Management
2532,24,5.333333333333333,9,7.541666666666667,76.70833333333333,0.375,51.3625,HR,Mid,Communication Skills
2533,40,5.55,15,7.55,79.475,0.375,58.5925,HR,Mid,Communication Skills
2534,41,4.658536585365853,19,7.365853658536586,81.90243902439025,0.4634146341463415,57.06829268292683,Finance,Mid,Time Management
2535,21,5.333333333333333,10,7.190476190476191,78.23809523809524,0.47619047619047616,47.58571428571429,Operations,Mid,Time Management
2536,48,5.083333333333333,19,7.291666666666667,80.125,0.3958333333333333,61.3625,IT,Mid,Communication Skills
2537,22,4.5,6,7.545454545454546,82.63636363636364,0.2727272727272727,55.409090909090914,Finance,Mid,Communication Skills
2538,34,5.588235294117647,17,7.529411764705882,80.41176470588235,0.5,52.7235294117647,Operations,Mid,Time Management
2539,49,4.612244897959184,15,7.408163265306122,82.22448979591837,0.30612244897959184,65.08367346938776,HR,Mid,Communication Skills
2540,45,5.488888888888889,20,7.511111111111111,78.4888888888889,0.4444444444444444,58.21333333333334,HR,Mid,Time Management
2541,23,4.869565217391305,7,7.3478260869565215,79.0,0.30434782608695654,53.7695652173913,Finance,Mid,Communication Skills
2542,27,5.222222222222222,14,7.444444444444445,80.18518518518519,0.5185185185185185,49.300000000000004,Marketing,Mid,Time Management
2543,32,5.375,13,7.65625,79.3125,0.40625,54.40625,Finance,Mid,Time Management
2544,22,4.636363636363637,8,7.545454545454546,76.95454545454545,0.36363636363636365,50.97727272727273,IT,Mid,Communication Skills
2545,32,5.28125,14,7.71875,82.09375,0.4375,54.303125,HR,Mid,Time Management
2546,37,5.45945945945946,17,7.72972972972973,81.75675675675676,0.4594594594594595,55.543243243243246,Finance,Mid,Time Management
2547,22,5.2272727272727275,13,7.5,78.13636363636364,0.5909090909090909,44.513636363636365,HR,Mid,Time Management
2548,22,5.681818181818182,10,7.454545454545454,76.68181818181819,0.45454545454545453,48.16818181818182,HR,Mid,Time Management
2549,37,4.783783783783784,11,7.675675675675675,81.16216216216216,0.2972972972972973,60.229729729729726,Marketing,Mid,Communication Skills
2550,27,4.962962962962963,9,7.777777777777778,80.22222222222223,0.3333333333333333,54.866666666666674,Finance,Mid,Communication Skills
2551,37,4.972972972972973,16,7.243243243243243,77.10810810810811,0.43243243243243246,54.95945945945946,HR,Mid,Time Management
2552,49,5.040816326530612,22,7.163265306122449,78.63265306122449,0.4489795918367347,59.720408163265304,IT,Mid,Time Management
2553,40,4.7,15,7.675,80.1,0.375,58.78,IT,Mid,Communication Skills
2554,49,5.469387755102041,21,7.571428571428571,78.9795918367347,0.42857142857142855,60.436734693877554,IT,Mid,Time Management
2555,50,4.86,19,7.16,78.64,0.38,62.192,Operations,Mid,Communication Skills
2556,45,4.7555555555555555,20,7.533333333333333,81.5111111111111,0.4444444444444444,59.120000000000005,Marketing,Mid,Time Management
2557,49,5.26530612244898,24,7.63265306122449,80.34693877551021,0.4897959183673469,59.01020408163266,HR,Mid,Time Management
2558,39,5.256410256410256,18,7.6923076923076925,78.23076923076923,0.46153846153846156,55.22307692307692,Finance,Mid,Time Management
2559,46,5.195652173913044,23,7.586956521739131,80.6086956521739,0.5,57.582608695652176,IT,Mid,Time Management
2560,44,4.4772727272727275,17,7.454545454545454,78.43181818181819,0.38636363636363635,59.53863636363637,Operations,Mid,Communication Skills
2561,39,4.538461538461538,15,7.435897435897436,75.56410256410257,0.38461538461538464,56.730769230769226,Operations,Mid,Communication Skills
2562,32,5.1875,14,7.5,80.90625,0.4375,53.946875,Finance,Mid,Time Management
2563,23,5.391304347826087,12,7.434782608695652,78.26086956521739,0.5217391304347826,47.02608695652174,Finance,Mid,Time Management
2564,38,4.473684210526316,16,7.552631578947368,80.10526315789474,0.42105263157894735,56.599999999999994,Finance,Mid,Time Management
2565,48,4.854166666666667,20,7.3125,80.75,0.4166666666666667,60.925,Operations,Mid,Time Management
2566,30,5.233333333333333,17,7.033333333333333,78.3,0.5666666666666667,48.489999999999995,Marketing,Mid,Time Management
2567,43,4.953488372093023,20,7.465116279069767,80.46511627906976,0.46511627906976744,57.38604651162791,HR,Mid,Time Management
2568,30,5.166666666666667,14,7.633333333333334,79.63333333333334,0.4666666666666667,51.89,Finance,Mid,Time Management
2569,47,5.148936170212766,24,7.404255319148936,81.23404255319149,0.5106382978723404,57.851063829787236,Operations,Mid,Time Management
2570,36,5.361111111111111,19,7.305555555555555,81.55555555555556,0.5277777777777778,53.03333333333333,Finance,Mid,Time Management
2571,31,5.709677419354839,17,7.32258064516129,79.41935483870968,0.5483870967741935,49.7741935483871,Operations,Mid,Time Management
2572,21,5.0476190476190474,8,7.571428571428571,75.9047619047619,0.38095238095238093,49.74285714285715,IT,Mid,Communication Skills
2573,47,5.468085106382978,26,7.553191489361702,80.02127659574468,0.5531914893617021,56.210638297872336,Marketing,Mid,Time Management
2574,36,5.194444444444445,16,7.25,81.25,0.4444444444444444,55.44166666666667,IT,Mid,Time Management
2575,36,5.472222222222222,19,7.5,78.66666666666667,0.5277777777777778,52.16666666666667,Operations,Mid,Time Management
2576,37,4.756756756756757,14,7.45945945945946,77.5945945945946,0.3783783783783784,56.72702702702703,Finance,Mid,Communication Skills
2577,32,5.0625,18,7.28125,79.1875,0.5625,49.68125,Operations,Mid,Time Management
2578,33,5.151515151515151,16,7.575757575757576,78.60606060606061,0.48484848484848486,52.236363636363635,Operations,Mid,Time Management
2579,28,4.535714285714286,9,7.428571428571429,79.14285714285714,0.32142857142857145,55.3,HR,Mid,Communication Skills
2580,46,4.543478260869565,19,7.543478260869565,78.80434782608695,0.41304347826086957,59.65,Finance,Mid,Time Management
2581,46,5.130434782608695,22,7.434782608695652,79.76086956521739,0.4782608695652174,57.9804347826087,Finance,Mid,Time Management
2582,40,4.75,18,7.35,79.5,0.45,56.349999999999994,Marketing,Mid,Time Management
2583,40,5.125,18,7.425,78.475,0.45,56.0425,Finance,Mid,Time Management
2584,38,4.578947368421052,16,7.368421052631579,79.86842105263158,0.42105263157894735,56.52894736842105,HR,Mid,Time Management
2585,23,5.304347826086956,12,7.608695652173913,76.47826086956522,0.5217391304347826,46.49130434782609,IT,Mid,Time Management
2586,28,4.821428571428571,10,7.607142857142857,78.53571428571429,0.35714285714285715,54.04642857142858,IT,Mid,Communication Skills
2587,24,4.041666666666667,9,7.166666666666667,76.91666666666667,0.375,51.425,Operations,Mid,Communication Skills
2588,44,5.5,21,7.25,77.77272727272727,0.4772727272727273,56.61363636363636,HR,Mid,Time Management
2589,20,4.85,6,7.8,82.05,0.3,53.614999999999995,HR,Mid,Communication Skills
2590,37,5.486486486486487,21,7.54054054054054,81.56756756756756,0.5675675675675675,52.24324324324324,IT,Mid,Time Management
2591,38,5.473684210526316,16,7.368421052631579,82.42105263157895,0.42105263157894735,57.294736842105266,Marketing,Mid,Time Management
2592,43,4.4186046511627906,17,7.534883720930233,80.06976744186046,0.3953488372093023,59.36046511627907,Operations,Mid,Communication Skills
2593,35,5.142857142857143,15,7.685714285714286,78.68571428571428,0.42857142857142855,54.748571428571424,HR,Mid,Time Management
2594,29,5.137931034482759,17,7.448275862068965,80.89655172413794,0.5862068965517241,48.28275862068966,Marketing,Mid,Time Management
2595,45,4.777777777777778,19,7.622222222222222,78.91111111111111,0.4222222222222222,59.00666666666666,Finance,Mid,Time Management
2596,21,5.0476190476190474,8,7.761904761904762,82.23809523809524,0.38095238095238093,51.642857142857146,Marketing,Mid,Communication Skills
2597,47,5.23404255319149,27,7.787234042553192,78.74468085106383,0.574468085106383,55.189361702127655,Operations,Mid,Time Management
2598,22,5.454545454545454,9,7.454545454545454,80.86363636363636,0.4090909090909091,50.78636363636363,Operations,Mid,Time Management
2599,46,4.695652173913044,18,7.5,78.3695652173913,0.391304347826087,60.17173913043479,Marketing,Mid,Communication Skills
2600,40,5.075,14,7.25,78.775,0.35,59.1325,Finance,Mid,Communication Skills
2601,24,5.375,13,7.791666666666667,78.20833333333333,0.5416666666666666,46.8125,HR,Mid,Time Management
2602,50,4.92,20,7.5,79.28,0.4,61.784,IT,Mid,Communication Skills
2603,27,4.7407407407407405,12,7.444444444444445,80.25925925925925,0.4444444444444444,51.544444444444444,HR,Mid,Time Management
2604,26,4.769230769230769,13,7.8076923076923075,78.1923076923077,0.5,48.857692307692304,Marketing,Mid,Time Management
2605,47,4.957446808510638,18,7.425531914893617,81.14893617021276,0.3829787234042553,61.65531914893617,Finance,Mid,Communication Skills
2606,47,4.9361702127659575,18,7.638297872340425,79.31914893617021,0.3829787234042553,61.1063829787234,HR,Mid,Communication Skills
2607,40,4.55,15,7.45,80.525,0.375,58.9075,Finance,Mid,Communication Skills
2608,31,5.064516129032258,15,7.32258064516129,78.48387096774194,0.4838709677419355,51.42903225806451,Marketing,Mid,Time Management
2609,23,4.260869565217392,9,7.739130434782608,83.26086956521739,0.391304347826087,52.43913043478261,Marketing,Mid,Communication Skills
2610,36,5.861111111111111,18,7.472222222222222,80.61111111111111,0.5,53.58333333333333,Marketing,Mid,Time Management
2611,29,5.137931034482759,13,7.482758620689655,81.17241379310344,0.4482758620689655,52.50344827586207,Operations,Mid,Time Management
2612,31,4.258064516129032,8,7.612903225806452,80.3225806451613,0.25806451612903225,58.754838709677415,HR,Mid,Communication Skills
2613,29,5.206896551724138,14,7.620689655172414,80.72413793103448,0.4827586206896552,51.33448275862068,Marketing,Mid,Time Management
2614,26,5.6923076923076925,15,7.346153846153846,75.73076923076923,0.5769230769230769,45.81153846153846,Operations,Mid,Time Management
2615,41,5.219512195121951,20,7.585365853658536,75.7560975609756,0.4878048780487805,54.49268292682927,IT,Mid,Time Management
2616,30,4.4,15,7.633333333333334,78.96666666666667,0.5,50.69,Finance,Mid,Time Management
2617,49,5.387755102040816,26,7.714285714285714,76.0,0.5306122448979592,56.481632653061226,HR,Mid,Time Management
2618,34,5.235294117647059,18,7.382352941176471,80.76470588235294,0.5294117647058824,51.94705882352942,IT,Mid,Time Management
2619,30,4.833333333333333,14,7.633333333333334,78.3,0.4666666666666667,51.489999999999995,IT,Mid,Time Management
2620,40,4.825,17,7.325,79.6,0.425,57.129999999999995,IT,Mid,Time Management
2621,32,4.6875,18,7.65625,80.4375,0.5625,50.05625,Operations,Mid,Time Management
2622,27,4.814814814814815,13,7.777777777777778,80.37037037037037,0.48148148148148145,50.46666666666667,Marketing,Mid,Time Management
2623,48,5.1875,22,7.416666666666667,81.5,0.4583333333333333,59.900000000000006,IT,Mid,Time Management
2624,44,4.931818181818182,16,7.431818181818182,80.61363636363636,0.36363636363636365,60.875,HR,Mid,Communication Skills
2625,37,4.675675675675675,13,8.162162162162161,79.08108108108108,0.35135135135135137,57.98378378378379,Finance,Mid,Communication Skills
2626,50,5.36,24,7.26,78.76,0.48,59.228,Operations,Mid,Time Management
2627,26,5.3076923076923075,11,7.230769230769231,82.57692307692308,0.4230769230769231,52.480769230769226,Marketing,Mid,Time Management
2628,45,4.6,20,7.355555555555555,81.08888888888889,0.4444444444444444,58.99333333333334,Operations,Mid,Time Management
2629,27,5.481481481481482,14,7.555555555555555,79.70370370370371,0.5185185185185185,49.15555555555556,HR,Mid,Time Management
2630,42,5.571428571428571,23,7.357142857142857,79.14285714285714,0.5476190476190477,54.114285714285714,IT,Mid,Time Management
2631,45,4.844444444444444,20,7.488888888888889,81.26666666666667,0.4444444444444444,59.04666666666667,HR,Mid,Time Management
2632,21,5.428571428571429,10,7.142857142857143,79.28571428571429,0.47619047619047616,47.900000000000006,Finance,Mid,Time Management
2633,32,5.46875,18,7.5625,78.84375,0.5625,49.578125,IT,Mid,Time Management
2634,24,5.291666666666667,13,7.666666666666667,80.25,0.5416666666666666,47.425,HR,Mid,Time Management
2635,22,4.909090909090909,8,7.363636363636363,82.68181818181819,0.36363636363636365,52.695454545454545,Finance,Mid,Communication Skills
2636,36,4.527777777777778,13,7.361111111111111,82.63888888888889,0.3611111111111111,58.35833333333333,HR,Mid,Communication Skills
2637,49,4.612244897959184,19,7.63265306122449,82.34693877551021,0.3877551020408163,62.67142857142858,Finance,Mid,Communication Skills
2638,27,4.703703703703703,7,7.703703703703703,80.37037037037037,0.25925925925925924,57.13333333333334,Operations,Mid,Communication Skills
2639,37,4.4324324324324325,12,7.297297297297297,79.48648648648648,0.32432432432432434,58.91621621621621,Finance,Mid,Communication Skills
2640,46,4.3478260869565215,14,7.413043478260869,79.84782608695652,0.30434782608695654,63.22391304347826,Marketing,Mid,Communication Skills
2641,46,4.978260869565218,21,7.369565217391305,80.1086956521739,0.45652173913043476,58.73695652173913,Marketing,Mid,Time Management
2642,35,4.457142857142857,16,7.714285714285714,79.82857142857142,0.45714285714285713,54.23428571428572,Finance,Mid,Time Management
2643,24,6.291666666666667,14,7.583333333333333,86.79166666666667,0.5833333333333334,48.1375,Finance,Mid,Time Management
2644,40,5.4,19,7.375,81.325,0.475,56.1475,Marketing,Mid,Time Management
2645,37,4.756756756756757,15,7.486486486486487,80.54054054054055,0.40540540540540543,56.8,HR,Mid,Time Management
2646,25,4.52,6,7.72,81.16,0.24,57.147999999999996,HR,Mid,Communication Skills
2647,38,4.078947368421052,12,7.184210526315789,82.78947368421052,0.3157894736842105,60.56315789473685,Operations,Mid,Communication Skills
2648,44,4.636363636363637,17,7.818181818181818,80.06818181818181,0.38636363636363635,60.029545454545456,HR,Mid,Communication Skills
2649,20,4.95,9,7.55,81.5,0.45,48.95,IT,Mid,Time Management
2650,36,5.361111111111111,21,7.416666666666667,80.30555555555556,0.5833333333333334,50.99166666666666,IT,Mid,Time Management
2651,25,5.12,14,7.48,81.56,0.56,47.668,IT,Mid,Time Management
2652,26,4.769230769230769,10,7.423076923076923,79.42307692307692,0.38461538461538464,52.68846153846154,HR,Mid,Communication Skills
2653,40,4.8,19,7.825,77.9,0.475,55.120000000000005,Finance,Mid,Time Management
2654,33,4.606060606060606,13,7.696969696969697,79.21212121212122,0.3939393939393939,55.14545454545455,HR,Mid,Communication Skills
2655,39,4.769230769230769,17,7.564102564102564,76.3076923076923,0.4358974358974359,55.415384615384625,Finance,Mid,Time Management
2656,38,4.157894736842105,16,7.631578947368421,77.8157894736842,0.42105263157894735,55.91315789473684,IT,Mid,Time Management
2657,45,5.266666666666667,23,7.511111111111111,80.5111111111111,0.5111111111111111,56.82000000000001,HR,Mid,Time Management
2658,28,5.392857142857143,13,7.892857142857143,81.28571428571429,0.4642857142857143,51.65714285714286,Operations,Mid,Time Management
2659,21,5.095238095238095,10,7.333333333333333,74.57142857142857,0.47619047619047616,46.48571428571428,Operations,Mid,Time Management
2660,26,5.038461538461538,11,7.846153846153846,81.11538461538461,0.4230769230769231,52.04230769230769,Operations,Mid,Time Management
2661,33,5.121212121212121,14,7.545454545454546,79.60606060606061,0.42424242424242425,54.35454545454545,Operations,Mid,Time Management
2662,23,4.086956521739131,7,7.3478260869565215,76.6086956521739,0.30434782608695654,53.052173913043475,Operations,Mid,Communication Skills
2663,50,5.18,25,7.62,83.38,0.5,60.013999999999996,HR,Mid,Time Management
2664,35,4.142857142857143,12,7.571428571428571,81.37142857142857,0.34285714285714286,58.12571428571428,HR,Mid,Communication Skills
2665,39,4.717948717948718,15,7.358974358974359,78.46153846153847,0.38461538461538464,57.6,IT,Mid,Communication Skills
2666,48,5.0,20,7.75,78.72916666666667,0.4166666666666667,60.31875000000001,Operations,Mid,Time Management
2667,24,5.708333333333333,15,7.541666666666667,79.04166666666667,0.625,44.5625,Operations,Mid,Time Management
2668,30,4.933333333333334,10,7.433333333333334,79.06666666666666,0.3333333333333333,55.72,Operations,Mid,Communication Skills
2669,24,5.291666666666667,14,7.208333333333333,77.125,0.5833333333333334,45.2375,Operations,Mid,Time Management
2670,39,4.846153846153846,18,7.512820512820513,77.84615384615384,0.46153846153846156,55.107692307692304,IT,Mid,Time Management
2671,25,5.32,13,7.48,77.0,0.52,47.5,Marketing,Mid,Time Management
2672,29,4.551724137931035,13,7.344827586206897,80.65517241379311,0.4482758620689655,52.348275862068974,HR,Mid,Time Management
2673,43,5.348837209302325,24,7.627906976744186,77.69767441860465,0.5581395348837209,53.76511627906977,Operations,Mid,Time Management
2674,22,5.545454545454546,14,7.545454545454546,81.95454545454545,0.6363636363636364,44.29545454545455,HR,Mid,Time Management
2675,35,5.828571428571428,18,7.457142857142857,78.68571428571428,0.5142857142857142,52.177142857142854,Operations,Mid,Time Management
2676,43,5.604651162790698,23,7.395348837209302,82.65116279069767,0.5348837209302325,55.948837209302326,Marketing,Mid,Time Management
2677,39,4.564102564102564,16,7.564102564102564,74.0,0.41025641025641024,55.49230769230769,Operations,Mid,Time Management
2678,31,5.548387096774194,17,7.129032258064516,78.83870967741936,0.5483870967741935,49.60000000000001,HR,Mid,Time Management
2679,36,4.777777777777778,15,7.388888888888889,80.41666666666667,0.4166666666666667,56.025,Operations,Mid,Time Management
2680,25,4.92,10,7.64,81.08,0.4,52.324,Operations,Mid,Communication Skills
2681,35,5.428571428571429,17,7.6,78.05714285714286,0.4857142857142857,52.84571428571429,HR,Mid,Time Management
2682,34,4.323529411764706,12,7.323529411764706,78.8529411764706,0.35294117647058826,56.66764705882353,Operations,Mid,Communication Skills
2683,22,3.6363636363636362,7,7.7727272727272725,79.5,0.3181818181818182,53.10454545454546,HR,Mid,Communication Skills
2684,41,5.048780487804878,16,7.121951219512195,77.07317073170732,0.3902439024390244,57.81463414634146,Finance,Mid,Communication Skills
2685,36,4.888888888888889,12,7.305555555555555,81.33333333333333,0.3333333333333333,58.800000000000004,Marketing,Mid,Communication Skills
2686,34,4.647058823529412,12,7.411764705882353,77.6470588235294,0.35294117647058826,56.30588235294118,Operations,Mid,Communication Skills
2687,41,4.7317073170731705,18,7.439024390243903,80.60975609756098,0.43902439024390244,57.41219512195123,Marketing,Mid,Time Management
2688,34,4.0588235294117645,13,7.735294117647059,77.52941176470588,0.38235294117647056,55.38823529411765,HR,Mid,Communication Skills
2689,26,5.230769230769231,16,7.846153846153846,81.3076923076923,0.6153846153846154,46.330769230769235,Finance,Mid,Time Management
2690,44,4.863636363636363,24,7.613636363636363,83.61363636363636,0.5454545454545454,56.320454545454545,Marketing,Mid,Time Management
2691,46,4.586956521739131,20,7.195652173913044,78.02173913043478,0.43478260869565216,58.763043478260876,Operations,Mid,Time Management
2692,23,5.086956521739131,7,7.608695652173913,81.47826086956522,0.30434782608695654,54.51304347826087,Operations,Mid,Communication Skills
2693,49,5.551020408163265,23,7.346938775510204,81.51020408163265,0.46938775510204084,59.97142857142857,Finance,Mid,Time Management
2694,28,5.321428571428571,11,7.892857142857143,80.67857142857143,0.39285714285714285,53.61785714285715,Marketing,Mid,Communication Skills
2695,21,4.523809523809524,6,7.571428571428571,78.61904761904762,0.2857142857142857,53.41428571428571,HR,Mid,Communication Skills
2696,26,5.3076923076923075,13,7.384615384615385,78.11538461538461,0.5,48.83461538461538,HR,Mid,Time Management
2697,27,4.925925925925926,12,7.666666666666667,79.11111111111111,0.4444444444444444,51.2,HR,Mid,Time Management
2698,39,4.9743589743589745,19,7.615384615384615,78.38461538461539,0.48717948717948717,54.5,HR,Mid,Time Management
2699,48,4.916666666666667,13,7.666666666666667,78.47916666666667,0.2708333333333333,64.61875,Operations,Mid,Communication Skills
2700,44,4.704545454545454,16,7.590909090909091,79.20454545454545,0.36363636363636365,60.45227272727273,HR,Mid,Communication Skills
2701,50,5.58,22,7.82,81.3,0.44,61.19,IT,Mid,Time Management
2702,28,5.714285714285714,15,7.964285714285714,74.39285714285714,0.5357142857142857,47.44642857142857,Finance,Mid,Time Management
2703,38,4.684210526315789,17,7.368421052631579,78.52631578947368,0.4473684210526316,55.33684210526316,IT,Mid,Time Management
2704,25,4.92,10,7.72,77.72,0.4,51.316,Marketing,Mid,Communication Skills
2705,25,4.4,6,7.6,78.96,0.24,56.488,Finance,Mid,Communication Skills
2706,31,5.548387096774194,12,7.354838709677419,78.64516129032258,0.3870967741935484,54.38064516129032,Marketing,Mid,Communication Skills
2707,50,4.84,18,7.5,81.1,0.36,63.53,Marketing,Mid,Communication Skills
2708,28,5.142857142857143,8,7.535714285714286,83.03571428571429,0.2857142857142857,57.539285714285725,Marketing,Mid,Communication Skills
2709,34,5.352941176470588,21,7.529411764705882,80.94117647058823,0.6176470588235294,49.35294117647059,HR,Mid,Time Management
2710,32,4.9375,18,7.4375,80.46875,0.5625,50.065625,Marketing,Mid,Time Management
2711,36,4.25,12,7.694444444444445,79.22222222222223,0.3333333333333333,58.16666666666667,IT,Mid,Communication Skills
2712,31,5.129032258064516,9,7.516129032258065,82.16129032258064,0.2903225806451613,58.33870967741936,HR,Mid,Communication Skills
2713,41,5.0,19,7.585365853658536,81.8048780487805,0.4634146341463415,57.03902439024391,Operations,Mid,Time Management
2714,30,5.9,18,7.733333333333333,77.93333333333334,0.6,47.379999999999995,HR,Mid,Time Management
2715,23,4.739130434782608,11,7.782608695652174,82.6086956521739,0.4782608695652174,49.63478260869565,IT,Mid,Time Management
2716,27,4.851851851851852,11,7.777777777777778,78.88888888888889,0.4074074074074074,52.24444444444444,Marketing,Mid,Time Management
2717,26,5.5,18,7.3076923076923075,82.6923076923077,0.6923076923076923,44.43846153846154,IT,Mid,Time Management
2718,21,5.095238095238095,9,7.238095238095238,83.47619047619048,0.42857142857142855,50.58571428571429,Finance,Mid,Time Management
2719,39,4.589743589743589,19,7.512820512820513,80.94871794871794,0.48717948717948717,55.26923076923077,Operations,Mid,Time Management
2720,43,6.232558139534884,24,7.511627906976744,81.48837209302326,0.5581395348837209,54.902325581395345,Finance,Mid,Time Management
2721,42,4.976190476190476,20,7.714285714285714,79.26190476190476,0.47619047619047616,56.292857142857144,Finance,Mid,Time Management
2722,35,5.114285714285714,10,7.542857142857143,81.0,0.2857142857142857,59.72857142857143,Marketing,Mid,Communication Skills
2723,40,4.75,17,7.55,78.125,0.425,56.6875,HR,Mid,Time Management
2724,48,5.541666666666667,21,7.375,80.70833333333333,0.4375,60.2875,HR,Mid,Time Management
2725,44,4.5227272727272725,18,7.795454545454546,80.31818181818181,0.4090909090909091,59.42272727272727,Marketing,Mid,Time Management
2726,21,5.9523809523809526,10,7.809523809523809,77.04761904761905,0.47619047619047616,47.22857142857143,Operations,Mid,Time Management
2727,32,4.90625,11,7.59375,79.0625,0.34375,56.20625,Finance,Mid,Communication Skills
2728,29,4.620689655172414,12,7.344827586206897,81.0,0.41379310344827586,53.48620689655173,Operations,Mid,Time Management
2729,31,4.451612903225806,11,7.258064516129032,83.0,0.3548387096774194,56.65483870967742,Marketing,Mid,Communication Skills
2730,39,5.0,17,7.641025641025641,79.12820512820512,0.4358974358974359,56.261538461538464,HR,Mid,Time Management
2731,34,5.411764705882353,17,7.411764705882353,79.79411764705883,0.5,52.53823529411765,HR,Mid,Time Management
2732,50,5.48,22,7.44,79.46,0.44,60.63799999999999,Finance,Mid,Time Management
2733,34,5.235294117647059,16,7.235294117647059,79.47058823529412,0.47058823529411764,53.32352941176471,Operations,Mid,Time Management
2734,38,6.131578947368421,21,7.526315789473684,82.92105263157895,0.5526315789473685,53.49736842105263,IT,Mid,Time Management
2735,21,5.142857142857143,7,7.714285714285714,79.61904761904762,0.3333333333333333,52.28571428571429,Finance,Mid,Communication Skills
2736,36,5.138888888888889,16,7.388888888888889,80.13888888888889,0.4444444444444444,55.108333333333334,HR,Mid,Time Management
2737,43,4.953488372093023,20,7.627906976744186,80.44186046511628,0.46511627906976744,57.37906976744186,HR,Mid,Time Management
2738,40,4.975,20,7.65,80.4,0.5,55.120000000000005,Operations,Mid,Time Management
2739,48,5.0625,21,7.291666666666667,79.27083333333333,0.4375,59.85625,Operations,Mid,Time Management
2740,45,5.466666666666667,27,7.777777777777778,78.24444444444444,0.6,53.47333333333333,Operations,Mid,Time Management
2741,20,4.05,8,7.7,79.15,0.4,49.745000000000005,IT,Mid,Communication Skills
2742,41,4.926829268292683,16,7.317073170731708,79.6829268292683,0.3902439024390244,58.59756097560976,Marketing,Mid,Communication Skills
2743,25,4.92,13,7.76,78.92,0.52,48.07599999999999,HR,Mid,Time Management
2744,21,4.809523809523809,7,7.809523809523809,79.76190476190476,0.3333333333333333,52.328571428571436,HR,Mid,Communication Skills
2745,27,4.592592592592593,13,7.37037037037037,81.62962962962963,0.48148148148148145,50.84444444444445,HR,Mid,Time Management
2746,41,4.902439024390244,18,7.365853658536586,76.1219512195122,0.43902439024390244,56.06585365853659,Finance,Mid,Time Management
2747,26,6.038461538461538,17,7.5,80.15384615384616,0.6538461538461539,44.830769230769235,HR,Mid,Time Management
2748,20,4.7,3,7.15,76.4,0.15,56.42,Marketing,Mid,Communication Skills
2749,46,5.021739130434782,22,7.434782608695652,80.69565217391305,0.4782608695652174,58.26086956521739,Marketing,Mid,Time Management
2750,26,5.653846153846154,14,7.3076923076923075,79.92307692307692,0.5384615384615384,48.22307692307692,Marketing,Mid,Time Management
2751,25,4.16,10,7.2,79.64,0.4,51.891999999999996,IT,Mid,Communication Skills
2752,24,5.5,13,7.541666666666667,80.66666666666667,0.5416666666666666,47.55,IT,Mid,Time Management
2753,20,5.5,8,7.25,83.6,0.4,51.08,Operations,Mid,Communication Skills
2754,21,5.142857142857143,9,7.761904761904762,76.9047619047619,0.42857142857142855,48.614285714285714,HR,Mid,Time Management
2755,25,5.6,13,7.36,78.44,0.52,47.932,IT,Mid,Time Management
2756,45,4.8,17,7.533333333333333,78.97777777777777,0.37777777777777777,60.36,HR,Mid,Communication Skills
2757,49,5.122448979591836,23,7.510204081632653,76.06122448979592,0.46938775510204084,58.336734693877546,IT,Mid,Time Management
2758,22,4.909090909090909,8,7.454545454545454,79.95454545454545,0.36363636363636365,51.877272727272725,Finance,Mid,Communication Skills
2759,23,5.391304347826087,17,7.478260869565218,76.69565217391305,0.7391304347826086,40.03478260869565,IT,Mid,Time Management
2760,49,5.122448979591836,24,7.673469387755102,83.36734693877551,0.4897959183673469,59.91632653061225,IT,Mid,Time Management
2761,26,4.769230769230769,12,7.5,77.65384615384616,0.46153846153846156,49.849999999999994,IT,Mid,Time Management
2762,45,5.533333333333333,23,7.355555555555555,80.37777777777778,0.5111111111111111,56.78,IT,Mid,Time Management
2763,46,4.5,20,7.413043478260869,81.23913043478261,0.43478260869565216,59.728260869565226,Marketing,Mid,Time Management
2764,27,4.296296296296297,10,7.888888888888889,78.22222222222223,0.37037037037037035,53.15555555555556,Marketing,Mid,Communication Skills
2765,27,4.888888888888889,12,7.592592592592593,81.85185185185185,0.4444444444444444,52.022222222222226,Operations,Mid,Time Management
2766,30,4.566666666666666,13,7.633333333333334,77.96666666666667,0.43333333333333335,52.39,Finance,Mid,Time Management
2767,22,4.090909090909091,9,7.909090909090909,82.95454545454545,0.4090909090909091,51.413636363636364,Marketing,Mid,Time Management
2768,26,5.346153846153846,13,7.076923076923077,84.57692307692308,0.5,50.77307692307692,Operations,Mid,Time Management
2769,40,4.65,14,7.7,79.225,0.35,59.2675,Marketing,Mid,Communication Skills
2770,30,4.733333333333333,16,7.3,82.83333333333333,0.5333333333333333,50.849999999999994,HR,Mid,Time Management
2771,29,4.655172413793103,15,7.586206896551724,78.72413793103448,0.5172413793103449,49.7,IT,Mid,Time Management
2772,34,5.411764705882353,19,7.147058823529412,79.91176470588235,0.5588235294117647,50.80882352941177,Finance,Mid,Time Management
2773,22,4.7272727272727275,12,7.5,83.4090909090909,0.5454545454545454,47.459090909090904,Marketing,Mid,Time Management
2774,29,5.344827586206897,11,7.379310344827586,81.06896551724138,0.3793103448275862,54.54137931034482,Marketing,Mid,Communication Skills
2775,21,4.904761904761905,5,6.809523809523809,79.95238095238095,0.23809523809523808,55.24285714285713,Finance,Mid,Communication Skills
2776,46,5.065217391304348,23,7.478260869565218,77.69565217391305,0.5,56.708695652173915,IT,Mid,Time Management
2777,35,4.514285714285714,13,7.285714285714286,80.31428571428572,0.37142857142857144,56.95142857142858,Operations,Mid,Communication Skills
2778,21,3.4761904761904763,5,7.380952380952381,76.71428571428571,0.23809523809523808,54.271428571428565,IT,Mid,Communication Skills
2779,43,5.046511627906977,24,7.651162790697675,80.34883720930233,0.5581395348837209,54.560465116279076,HR,Mid,Time Management
2780,27,4.7407407407407405,11,7.481481481481482,80.14814814814815,0.4074074074074074,52.62222222222222,Operations,Mid,Time Management
2781,38,5.2105263157894735,18,7.342105263157895,83.10526315789474,0.47368421052631576,55.92105263157895,Operations,Mid,Time Management
2782,24,4.375,9,7.375,77.25,0.375,51.525000000000006,Finance,Mid,Communication Skills
2783,48,4.4375,21,7.5625,79.79166666666667,0.4375,60.0125,Finance,Mid,Time Management
2784,40,4.9,18,7.65,80.425,0.45,56.6275,IT,Mid,Time Management
2785,21,4.380952380952381,7,7.523809523809524,79.19047619047619,0.3333333333333333,52.15714285714286,Marketing,Mid,Communication Skills
2786,31,5.096774193548387,10,7.354838709677419,83.6774193548387,0.3225806451612903,57.825806451612905,IT,Mid,Communication Skills
2787,31,5.612903225806452,19,7.419354838709677,83.45161290322581,0.6129032258064516,49.04838709677419,Finance,Mid,Time Management
2788,21,5.619047619047619,13,7.333333333333333,80.0952380952381,0.6190476190476191,43.85714285714286,HR,Mid,Time Management
2789,48,5.395833333333333,25,7.416666666666667,78.25,0.5208333333333334,57.05,Marketing,Mid,Time Management
2790,23,4.956521739130435,9,7.695652173913044,78.21739130434783,0.391304347826087,50.92608695652174,Finance,Mid,Communication Skills
2791,28,4.964285714285714,12,7.5,82.46428571428571,0.42857142857142855,53.082142857142856,Finance,Mid,Time Management
2792,26,4.346153846153846,8,7.769230769230769,80.11538461538461,0.3076923076923077,55.20384615384616,Finance,Mid,Communication Skills
2793,40,5.675,21,7.25,78.625,0.525,53.8375,HR,Mid,Time Management
2794,50,5.62,25,7.6,77.48,0.5,58.244,IT,Mid,Time Management
2795,28,5.928571428571429,19,7.821428571428571,79.92857142857143,0.6785714285714286,44.82142857142857,Finance,Mid,Time Management
2796,45,4.733333333333333,20,7.5777777777777775,81.08888888888889,0.4444444444444444,58.99333333333334,Operations,Mid,Time Management
2797,47,5.148936170212766,22,7.446808510638298,77.97872340425532,0.46808510638297873,58.15106382978723,HR,Mid,Time Management
2798,22,5.045454545454546,7,7.545454545454546,85.45454545454545,0.3181818181818182,54.89090909090909,Operations,Mid,Communication Skills
2799,45,4.844444444444444,18,7.666666666666667,80.13333333333334,0.4,60.040000000000006,HR,Mid,Communication Skills
2800,38,4.973684210526316,16,7.868421052631579,77.73684210526316,0.42105263157894735,55.88947368421053,Marketing,Mid,Time Management
2801,40,5.15,18,7.25,77.1,0.45,55.629999999999995,Operations,Mid,Time Management
2802,31,4.774193548387097,13,7.258064516129032,83.09677419354838,0.41935483870967744,54.748387096774195,IT,Mid,Time Management
2803,26,5.6923076923076925,12,7.5,80.61538461538461,0.46153846153846156,50.738461538461536,HR,Mid,Time Management
2804,36,5.222222222222222,13,7.666666666666667,81.63888888888889,0.3611111111111111,58.05833333333332,Finance,Mid,Communication Skills
2805,47,5.25531914893617,21,7.638297872340425,78.63829787234043,0.44680851063829785,58.9872340425532,Finance,Mid,Time Management
2806,22,4.5,7,7.636363636363637,77.81818181818181,0.3181818181818182,52.6,Operations,Mid,Communication Skills
2807,24,5.625,10,7.166666666666667,83.25,0.4166666666666667,52.074999999999996,Marketing,Mid,Time Management
2808,41,5.609756097560975,26,7.121951219512195,77.82926829268293,0.6341463414634146,50.724390243902434,HR,Mid,Time Management
2809,47,5.170212765957447,20,7.553191489361702,82.12765957446808,0.425531914893617,60.672340425531914,Marketing,Mid,Time Management
2810,48,5.0,24,7.395833333333333,80.04166666666667,0.5,58.212500000000006,Marketing,Mid,Time Management
2811,32,5.78125,21,7.34375,81.125,0.65625,47.45,IT,Mid,Time Management
2812,31,4.32258064516129,16,7.580645161290323,81.48387096774194,0.5161290322580645,51.36129032258064,Operations,Mid,Time Management
2813,46,4.065217391304348,15,7.413043478260869,80.76086956521739,0.32608695652173914,62.84565217391304,HR,Mid,Communication Skills
2814,43,4.976744186046512,20,7.465116279069767,76.65116279069767,0.46511627906976744,56.24186046511628,Finance,Mid,Time Management
2815,30,4.466666666666667,13,7.433333333333334,80.73333333333333,0.43333333333333335,53.22,IT,Mid,Time Management
2816,42,4.714285714285714,16,7.428571428571429,80.54761904761905,0.38095238095238093,59.53571428571429,Marketing,Mid,Communication Skills
2817,45,4.888888888888889,22,7.4222222222222225,78.4888888888889,0.4888888888888889,56.879999999999995,HR,Mid,Time Management
2818,27,5.2592592592592595,12,7.777777777777778,78.03703703703704,0.4444444444444444,50.87777777777778,HR,Mid,Time Management
2819,27,5.592592592592593,11,7.222222222222222,81.5925925925926,0.4074074074074074,53.05555555555556,Marketing,Mid,Time Management
2820,24,5.708333333333333,12,7.375,79.79166666666667,0.5,48.5375,HR,Mid,Time Management
2821,38,4.394736842105263,13,7.868421052631579,81.94736842105263,0.34210526315789475,59.521052631578954,HR,Mid,Communication Skills
2822,32,4.8125,12,7.40625,79.46875,0.375,55.390625,Marketing,Mid,Communication Skills
2823,29,4.689655172413793,14,7.448275862068965,82.17241379310344,0.4827586206896552,51.76896551724138,HR,Mid,Time Management
2824,49,5.285714285714286,29,7.612244897959184,80.26530612244898,0.5918367346938775,55.92448979591837,Operations,Mid,Time Management
2825,26,4.423076923076923,10,7.8076923076923075,81.57692307692308,0.38461538461538464,53.33461538461539,Marketing,Mid,Communication Skills
2826,46,5.086956521739131,18,7.260869565217392,80.47826086956522,0.391304347826087,60.80434782608696,Finance,Mid,Communication Skills
2827,40,5.425,21,7.475,81.7,0.525,54.760000000000005,Finance,Mid,Time Management
2828,34,4.5588235294117645,12,7.617647058823529,81.11764705882354,0.35294117647058826,57.347058823529416,Operations,Mid,Communication Skills
2829,25,5.04,11,7.52,82.4,0.44,51.52,Marketing,Mid,Time Management
2830,27,4.666666666666667,9,7.518518518518518,79.11111111111111,0.3333333333333333,54.53333333333334,IT,Mid,Communication Skills
2831,24,5.291666666666667,11,7.375,77.5,0.4583333333333333,49.10000000000001,Marketing,Mid,Time Management
2832,29,5.9655172413793105,12,7.586206896551724,81.06896551724138,0.41379310344827586,53.50689655172414,Marketing,Mid,Time Management
2833,27,5.074074074074074,15,7.703703703703703,82.62962962962963,0.5555555555555556,48.92222222222222,Operations,Mid,Time Management
2834,20,4.75,8,7.75,79.0,0.4,49.7,HR,Mid,Communication Skills
2835,31,4.290322580645161,9,7.290322580645161,79.03225806451613,0.2903225806451613,57.400000000000006,Finance,Mid,Communication Skills
2836,25,4.92,13,7.44,83.36,0.52,49.408,Marketing,Mid,Time Management
2837,42,5.309523809523809,19,7.690476190476191,79.9047619047619,0.4523809523809524,57.199999999999996,IT,Mid,Time Management
2838,37,4.756756756756757,14,7.621621621621622,80.05405405405405,0.3783783783783784,57.464864864864865,Operations,Mid,Communication Skills
2839,38,5.131578947368421,16,7.526315789473684,78.73684210526316,0.42105263157894735,56.189473684210526,IT,Mid,Time Management
2840,43,5.348837209302325,21,7.046511627906977,82.6046511627907,0.4883720930232558,57.33023255813954,Marketing,Mid,Time Management
2841,40,4.85,18,7.3,81.55,0.45,56.965,Operations,Mid,Time Management
2842,43,4.8604651162790695,20,7.372093023255814,79.16279069767442,0.46511627906976744,56.995348837209306,HR,Mid,Time Management
2843,22,6.090909090909091,16,7.545454545454546,80.77272727272727,0.7272727272727273,41.21363636363637,Marketing,Mid,Time Management
2844,30,5.4,11,7.4,79.23333333333333,0.36666666666666664,54.769999999999996,IT,Mid,Communication Skills
2845,22,4.909090909090909,11,7.136363636363637,75.0909090909091,0.5,46.32727272727273,HR,Mid,Time Management
2846,33,5.484848484848484,16,7.666666666666667,83.3030303030303,0.48484848484848486,53.64545454545454,Finance,Mid,Time Management
2847,33,4.121212121212121,14,7.393939393939394,84.72727272727273,0.42424242424242425,55.89090909090909,Finance,Mid,Time Management
2848,28,4.571428571428571,12,7.5,80.39285714285714,0.42857142857142855,52.46071428571428,Marketing,Mid,Time Management
2849,22,5.454545454545454,11,7.363636363636363,80.9090909090909,0.5,48.07272727272727,Marketing,Mid,Time Management
2850,49,5.387755102040816,24,7.551020408163265,79.6938775510204,0.4897959183673469,58.81428571428572,IT,Mid,Time Management
2851,48,5.166666666666667,25,7.520833333333333,82.4375,0.5208333333333334,58.306250000000006,IT,Mid,Time Management
2852,29,5.655172413793103,17,7.724137931034483,75.72413793103448,0.5862068965517241,46.731034482758616,HR,Mid,Time Management
2853,44,5.5227272727272725,26,7.5,78.61363636363636,0.5909090909090909,53.45681818181818,HR,Mid,Time Management
2854,32,4.8125,11,7.875,78.90625,0.34375,56.159375,Operations,Mid,Communication Skills
2855,27,4.703703703703703,15,7.148148148148148,85.14814814814815,0.5555555555555556,49.67777777777778,HR,Mid,Time Management
2856,23,5.3478260869565215,13,7.6521739130434785,80.34782608695652,0.5652173913043478,46.347826086956516,Finance,Mid,Time Management
2857,20,6.4,13,7.55,82.55,0.65,43.265,Operations,Mid,Time Management
2858,24,5.166666666666667,11,8.0,76.95833333333333,0.4583333333333333,48.9375,Marketing,Mid,Time Management
2859,46,4.782608695652174,21,7.413043478260869,79.93478260869566,0.45652173913043476,58.684782608695656,Finance,Mid,Time Management
2860,26,4.269230769230769,10,7.6923076923076925,76.38461538461539,0.38461538461538464,51.77692307692308,HR,Mid,Communication Skills
2861,29,4.896551724137931,10,7.551724137931035,78.79310344827586,0.3448275862068966,54.893103448275866,Marketing,Mid,Communication Skills
2862,41,5.146341463414634,15,7.195121951219512,81.26829268292683,0.36585365853658536,59.80487804878048,Marketing,Mid,Communication Skills
2863,43,5.046511627906977,18,7.5813953488372094,79.6046511627907,0.4186046511627907,58.52325581395349,HR,Mid,Time Management
2864,24,4.625,8,7.875,76.625,0.3333333333333333,52.587500000000006,Finance,Mid,Communication Skills
2865,41,5.2682926829268295,24,7.463414634146342,80.1951219512195,0.5853658536585366,52.89756097560976,Operations,Mid,Time Management
2866,35,5.257142857142857,19,7.485714285714286,78.45714285714286,0.5428571428571428,51.251428571428576,Operations,Mid,Time Management
2867,38,5.157894736842105,14,7.578947368421052,79.97368421052632,0.3684210526315789,58.13947368421053,Marketing,Mid,Communication Skills
2868,25,5.24,12,7.44,82.0,0.48,50.2,IT,Mid,Time Management
2869,45,4.911111111111111,22,7.355555555555555,79.28888888888889,0.4888888888888889,57.11999999999999,HR,Mid,Time Management
2870,29,4.862068965517241,10,7.275862068965517,81.20689655172414,0.3448275862068966,55.61724137931034,Marketing,Mid,Communication Skills
2871,34,5.411764705882353,17,7.411764705882353,78.76470588235294,0.5,52.22941176470589,Finance,Mid,Time Management
2872,25,4.72,9,7.52,83.52,0.36,54.256,HR,Mid,Communication Skills
2873,30,4.533333333333333,11,7.3,80.96666666666667,0.36666666666666664,55.29,HR,Mid,Communication Skills
2874,43,5.604651162790698,21,7.395348837209302,80.48837209302326,0.4883720930232558,56.69534883720931,Operations,Mid,Time Management
2875,26,4.8076923076923075,8,7.423076923076923,79.65384615384616,0.3076923076923077,55.065384615384616,Operations,Mid,Communication Skills
2876,38,4.473684210526316,20,7.184210526315789,78.94736842105263,0.5263157894736842,53.09473684210526,Marketing,Mid,Time Management
2877,32,5.75,16,7.5,80.375,0.5,51.9125,HR,Mid,Time Management
2878,47,5.212765957446808,25,7.829787234042553,80.25531914893617,0.5319148936170213,56.9191489361702,HR,Mid,Time Management
2879,25,3.92,9,7.32,80.24,0.36,53.272,Operations,Mid,Communication Skills
2880,35,4.2,10,7.457142857142857,83.4,0.2857142857142857,60.44857142857143,Operations,Mid,Communication Skills
2881,42,4.833333333333333,18,7.476190476190476,81.95238095238095,0.42857142857142855,58.528571428571425,Operations,Mid,Time Management
2882,36,4.472222222222222,13,7.861111111111111,79.88888888888889,0.3611111111111111,57.53333333333333,HR,Mid,Communication Skills
2883,23,5.826086956521739,10,7.391304347826087,81.21739130434783,0.43478260869565216,50.52173913043479,IT,Mid,Time Management
2884,47,5.25531914893617,21,7.404255319148936,79.65957446808511,0.44680851063829785,59.2936170212766,Marketing,Mid,Time Management
2885,41,5.341463414634147,20,7.487804878048781,81.63414634146342,0.4878048780487805,56.25609756097562,Finance,Mid,Time Management
2886,31,5.258064516129032,18,7.612903225806452,76.64516129032258,0.5806451612903226,47.97419354838709,Finance,Mid,Time Management
2887,36,5.055555555555555,15,7.527777777777778,79.02777777777777,0.4166666666666667,55.608333333333334,Marketing,Mid,Time Management
2888,23,5.478260869565218,14,7.6521739130434785,76.65217391304348,0.6086956521739131,43.934782608695656,HR,Mid,Time Management
2889,37,5.4324324324324325,20,7.405405405405405,78.10810810810811,0.5405405405405406,52.016216216216215,Operations,Mid,Time Management
2890,22,4.636363636363637,8,7.681818181818182,80.68181818181819,0.36363636363636365,52.095454545454544,Marketing,Mid,Communication Skills
2891,29,4.9655172413793105,16,7.655172413793103,77.13793103448276,0.5517241379310345,48.189655172413794,Marketing,Mid,Time Management
2892,31,5.516129032258065,15,7.580645161290323,77.93548387096774,0.4838709677419355,51.26451612903226,IT,Mid,Time Management
2893,30,5.2,14,7.466666666666667,78.63333333333334,0.4666666666666667,51.59,Marketing,Mid,Time Management
2894,40,4.875,19,7.7,77.475,0.475,54.99249999999999,Finance,Mid,Time Management
2895,39,4.717948717948718,13,7.435897435897436,78.28205128205128,0.3333333333333333,59.08461538461539,IT,Mid,Communication Skills
2896,26,4.769230769230769,12,7.653846153846154,79.96153846153847,0.46153846153846156,50.54230769230769,Finance,Mid,Time Management
2897,26,4.769230769230769,9,7.730769230769231,79.15384615384616,0.34615384615384615,53.761538461538464,Operations,Mid,Communication Skills
2898,34,5.029411764705882,19,7.588235294117647,79.91176470588235,0.5588235294117647,50.80882352941177,Operations,Mid,Time Management
2899,34,4.205882352941177,8,7.176470588235294,79.61764705882354,0.23529411764705882,60.42647058823529,Marketing,Mid,Communication Skills
2900,31,5.32258064516129,15,7.451612903225806,81.19354838709677,0.4838709677419355,52.24193548387096,Finance,Mid,Time Management
2901,47,5.25531914893617,24,7.297872340425532,79.36170212765957,0.5106382978723404,57.289361702127664,HR,Mid,Time Management
2902,35,5.0,16,7.828571428571428,84.02857142857142,0.45714285714285713,55.494285714285716,IT,Mid,Time Management
2903,40,4.975,14,7.4,81.45,0.35,59.935,Operations,Mid,Communication Skills
2904,22,4.590909090909091,6,7.7727272727272725,78.5909090909091,0.2727272727272727,54.19545454545455,Finance,Mid,Communication Skills
2905,43,5.558139534883721,23,7.604651162790698,76.6046511627907,0.5348837209302325,54.13488372093023,HR,Mid,Time Management
2906,38,5.631578947368421,18,7.657894736842105,74.63157894736842,0.47368421052631576,53.37894736842105,Finance,Mid,Time Management
2907,39,4.871794871794871,11,7.333333333333333,81.48717948717949,0.28205128205128205,61.58461538461539,Finance,Mid,Communication Skills
2908,41,5.121951219512195,15,7.487804878048781,80.02439024390245,0.36585365853658536,59.43170731707317,Marketing,Mid,Communication Skills
2909,26,5.076923076923077,11,7.269230769230769,75.76923076923077,0.4230769230769231,50.43846153846154,Finance,Mid,Time Management
2910,20,4.05,7,6.9,78.45,0.35,51.035,Marketing,Mid,Communication Skills
2911,46,5.043478260869565,23,7.630434782608695,81.78260869565217,0.5,57.934782608695656,Operations,Mid,Time Management
2912,25,5.0,10,7.8,84.0,0.4,53.2,Marketing,Mid,Communication Skills
2913,32,4.9375,16,7.28125,76.75,0.5,50.825,Operations,Mid,Time Management
2914,37,6.027027027027027,19,7.621621621621622,80.0,0.5135135135135135,53.394594594594594,Marketing,Mid,Time Management
2915,27,4.518518518518518,12,7.62962962962963,77.66666666666667,0.4444444444444444,50.766666666666666,HR,Mid,Time Management
2916,24,5.75,12,7.458333333333333,77.5,0.5,47.85,Finance,Mid,Time Management
2917,20,5.6,12,7.2,77.35,0.6,43.205,IT,Mid,Time Management
2918,44,5.659090909090909,26,7.25,78.97727272727273,0.5909090909090909,53.565909090909095,Finance,Mid,Time Management
2919,29,4.724137931034483,15,7.827586206896552,82.86206896551724,0.5172413793103449,50.94137931034483,IT,Mid,Time Management
2920,29,5.0344827586206895,9,7.482758620689655,78.75862068965517,0.3103448275862069,55.91724137931035,Marketing,Mid,Communication Skills
2921,27,4.962962962962963,11,7.481481481481482,79.22222222222223,0.4074074074074074,52.34444444444445,Finance,Mid,Time Management
2922,41,5.024390243902439,25,7.463414634146342,81.07317073170732,0.6097560975609756,52.429268292682934,HR,Mid,Time Management
2923,22,4.7727272727272725,7,7.7727272727272725,80.18181818181819,0.3181818181818182,53.30909090909091,Marketing,Mid,Communication Skills
2924,34,5.5588235294117645,13,7.4411764705882355,78.32352941176471,0.38235294117647056,55.62647058823529,IT,Mid,Communication Skills
2925,46,4.673913043478261,20,7.369565217391305,78.5,0.43478260869565216,58.90652173913044,Operations,Mid,Time Management
2926,46,5.1521739130434785,20,7.543478260869565,80.26086956521739,0.43478260869565216,59.434782608695656,IT,Mid,Time Management
2927,27,4.111111111111111,8,7.444444444444445,80.29629629629629,0.2962962962962963,56.0,Operations,Mid,Communication Skills
2928,46,4.717391304347826,22,7.695652173913044,76.97826086956522,0.4782608695652174,57.14565217391305,Operations,Mid,Time Management
2929,50,4.68,19,7.58,78.72,0.38,62.216,IT,Mid,Communication Skills
2930,49,4.775510204081633,23,7.591836734693878,80.51020408163265,0.46938775510204084,59.671428571428564,IT,Mid,Time Management
2931,48,5.0,21,7.645833333333333,78.95833333333333,0.4375,59.7625,IT,Mid,Time Management
2932,35,5.485714285714286,19,7.257142857142857,84.51428571428572,0.5428571428571428,53.06857142857143,HR,Mid,Time Management
2933,47,5.212765957446808,23,7.340425531914893,80.70212765957447,0.48936170212765956,58.329787234042556,HR,Mid,Time Management
2934,30,5.3,14,7.666666666666667,78.0,0.4666666666666667,51.4,Operations,Mid,Time Management
2935,50,4.84,18,7.7,78.18,0.36,62.654,HR,Mid,Communication Skills
2936,26,5.038461538461538,11,7.423076923076923,79.03846153846153,0.4230769230769231,51.419230769230765,Operations,Mid,Time Management
2937,45,5.044444444444444,19,7.4222222222222225,80.44444444444444,0.4222222222222222,59.46666666666666,IT,Mid,Time Management
2938,42,4.571428571428571,13,7.4523809523809526,78.76190476190476,0.30952380952380953,61.142857142857146,Marketing,Mid,Communication Skills
2939,24,5.416666666666667,10,7.166666666666667,81.79166666666667,0.4166666666666667,51.6375,HR,Mid,Time Management
2940,49,4.26530612244898,21,7.775510204081633,78.87755102040816,0.42857142857142855,60.406122448979595,Operations,Mid,Time Management
2941,26,4.153846153846154,8,7.153846153846154,79.0,0.3076923076923077,54.86923076923077,IT,Mid,Communication Skills
2942,38,4.921052631578948,17,7.815789473684211,81.89473684210526,0.4473684210526316,56.34736842105263,HR,Mid,Time Management
2943,20,5.8,11,7.55,79.2,0.55,45.260000000000005,Marketing,Mid,Time Management
2944,50,5.28,25,7.38,81.56,0.5,59.468,IT,Mid,Time Management
2945,38,4.7105263157894735,17,7.5,77.6842105263158,0.4473684210526316,55.084210526315786,HR,Mid,Time Management
2946,33,5.545454545454546,17,7.303030303030303,78.63636363636364,0.5151515151515151,51.33636363636364,Operations,Mid,Time Management
2947,33,5.151515151515151,15,7.7272727272727275,81.15151515151516,0.45454545454545453,53.90909090909091,Finance,Mid,Time Management
2948,26,4.269230769230769,8,7.384615384615385,76.34615384615384,0.3076923076923077,54.073076923076925,Finance,Mid,Communication Skills
2949,25,4.96,14,7.32,81.0,0.56,47.5,Marketing,Mid,Time Management
2950,44,4.795454545454546,19,7.659090909090909,78.86363636363636,0.4318181818181818,58.30454545454545,IT,Mid,Time Management
2951,30,4.233333333333333,10,7.433333333333334,81.23333333333333,0.3333333333333333,56.370000000000005,HR,Mid,Communication Skills
2952,35,5.4,17,7.514285714285714,80.42857142857143,0.4857142857142857,53.55714285714286,IT,Mid,Time Management
2953,49,5.591836734693878,26,7.591836734693878,80.87755102040816,0.5306122448979592,57.94489795918368,Marketing,Mid,Time Management
2954,26,4.461538461538462,12,7.1923076923076925,83.03846153846153,0.46153846153846156,51.46538461538461,HR,Mid,Time Management
2955,27,5.62962962962963,17,7.2592592592592595,77.4074074074074,0.6296296296296297,45.13333333333333,HR,Mid,Time Management
2956,31,5.225806451612903,14,7.483870967741935,76.3225806451613,0.45161290322580644,51.748387096774195,Marketing,Mid,Time Management
2957,49,5.795918367346939,22,7.612244897959184,80.51020408163265,0.4489795918367347,60.28367346938775,Finance,Mid,Time Management
2958,30,5.433333333333334,18,7.466666666666667,77.43333333333334,0.6,47.230000000000004,HR,Mid,Time Management
2959,40,4.7,14,7.65,79.4,0.35,59.32,Finance,Mid,Communication Skills
2960,28,4.857142857142857,12,7.75,80.53571428571429,0.42857142857142855,52.50357142857143,IT,Mid,Time Management
2961,24,5.833333333333333,13,7.916666666666667,82.5,0.5416666666666666,48.1,Operations,Mid,Time Management
2962,30,4.633333333333334,12,7.4,82.3,0.4,54.69,Finance,Mid,Communication Skills
2963,33,3.8484848484848486,8,7.393939393939394,78.6969696969697,0.24242424242424243,59.53636363636364,Finance,Mid,Communication Skills
2964,39,5.3076923076923075,24,7.435897435897436,75.64102564102564,0.6153846153846154,49.83076923076923,HR,Mid,Time Management
2965,30,5.333333333333333,17,7.666666666666667,81.33333333333333,0.5666666666666667,49.4,IT,Mid,Time Management
2966,45,5.444444444444445,23,7.333333333333333,82.0,0.5111111111111111,57.266666666666666,Finance,Mid,Time Management
2967,27,4.518518518518518,9,7.074074074074074,82.5925925925926,0.3333333333333333,55.57777777777778,HR,Mid,Communication Skills
2968,40,4.425,15,7.7,80.225,0.375,58.817499999999995,IT,Mid,Communication Skills
2969,42,4.642857142857143,17,7.357142857142857,79.97619047619048,0.40476190476190477,58.650000000000006,HR,Mid,Time Management
2970,20,5.4,9,7.55,79.4,0.45,48.32,IT,Mid,Time Management
2971,47,4.9787234042553195,24,7.361702127659575,79.42553191489361,0.5106382978723404,57.308510638297875,Finance,Mid,Time Management
2972,24,5.083333333333333,12,7.708333333333333,77.5,0.5,47.85,IT,Mid,Time Management
2973,29,4.827586206896552,10,7.517241379310345,81.0,0.3448275862068966,55.5551724137931,Finance,Mid,Communication Skills
2974,31,5.032258064516129,13,7.67741935483871,82.06451612903226,0.41935483870967744,54.438709677419354,IT,Mid,Time Management
2975,34,4.294117647058823,17,7.352941176470588,83.17647058823529,0.5,53.55294117647058,HR,Mid,Time Management
2976,36,4.916666666666667,19,7.388888888888889,79.41666666666667,0.5277777777777778,52.391666666666666,IT,Mid,Time Management
2977,32,5.09375,19,7.3125,77.625,0.59375,48.275,Marketing,Mid,Time Management
2978,48,5.270833333333333,22,7.791666666666667,80.22916666666667,0.4583333333333333,59.518750000000004,Marketing,Mid,Time Management
2979,22,4.590909090909091,9,7.681818181818182,79.0,0.4090909090909091,50.22727272727273,IT,Mid,Time Management
2980,29,5.172413793103448,13,7.758620689655173,78.48275862068965,0.4482758620689655,51.69655172413793,Operations,Mid,Time Management
2981,30,4.566666666666666,8,7.7,78.7,0.26666666666666666,57.61,Finance,Mid,Communication Skills
2982,29,5.068965517241379,12,7.517241379310345,76.6896551724138,0.41379310344827586,52.19310344827586,Finance,Mid,Time Management
2983,50,5.04,24,7.74,78.88,0.48,59.263999999999996,HR,Mid,Time Management
2984,48,4.729166666666667,22,7.479166666666667,80.5625,0.4583333333333333,59.618750000000006,IT,Mid,Time Management
2985,48,5.125,23,7.354166666666667,79.6875,0.4791666666666667,58.73125,HR,Mid,Time Management
2986,44,5.181818181818182,17,7.795454545454546,79.70454545454545,0.38636363636363635,59.92045454545455,HR,Mid,Communication Skills
2987,28,4.857142857142857,11,7.785714285714286,77.28571428571429,0.39285714285714285,52.60000000000001,Finance,Mid,Communication Skills
2988,20,5.4,10,7.55,83.25,0.5,47.974999999999994,IT,Mid,Time Management
2989,22,4.7727272727272725,9,7.2272727272727275,79.4090909090909,0.4090909090909091,50.349999999999994,HR,Mid,Time Management
2990,24,4.333333333333333,9,7.416666666666667,85.16666666666667,0.375,53.900000000000006,HR,Mid,Communication Skills
2991,30,4.966666666666667,11,7.366666666666666,77.4,0.36666666666666664,54.22,Operations,Mid,Communication Skills
2992,35,4.771428571428571,14,7.285714285714286,75.37142857142857,0.4,54.61142857142857,Marketing,Mid,Communication Skills
2993,22,4.636363636363637,6,7.590909090909091,77.45454545454545,0.2727272727272727,53.85454545454546,Marketing,Mid,Communication Skills
2994,42,4.5476190476190474,21,7.690476190476191,81.83333333333333,0.5,56.349999999999994,IT,Mid,Time Management
2995,26,5.115384615384615,12,7.423076923076923,80.15384615384616,0.46153846153846156,50.599999999999994,IT,Mid,Time Management
2996,32,4.96875,13,7.375,80.25,0.40625,54.6875,Marketing,Mid,Time Management
2997,24,6.0,16,7.666666666666667,85.08333333333333,0.6666666666666666,45.125,Operations,Mid,Time Management
2998,42,4.880952380952381,20,7.404761904761905,79.23809523809524,0.47619047619047616,56.28571428571429,Finance,Mid,Time Management
2999,27,6.0,17,7.333333333333333,80.55555555555556,0.6296296296296297,46.07777777777778,HR,Mid,Time Management
3000,22,4.136363636363637,11,7.363636363636363,85.5,0.5,49.45,Marketing,Mid,Time Management
3001,34,5.205882352941177,16,7.970588235294118,83.82352941176471,0.47058823529411764,54.629411764705885,IT,Mid,Time Management
3002,47,4.74468085106383,16,7.659574468085107,80.55319148936171,0.3404255319148936,62.753191489361704,HR,Mid,Communication Skills
3003,33,4.393939393939394,14,7.393939393939394,77.48484848484848,0.42424242424242425,53.71818181818182,Marketing,Mid,Time Management
3004,35,5.3428571428571425,10,7.6571428571428575,79.85714285714286,0.2857142857142857,59.385714285714286,HR,Mid,Communication Skills
3005,31,5.354838709677419,19,7.193548387096774,78.90322580645162,0.6129032258064516,47.68387096774194,Finance,Mid,Time Management
3006,30,4.4,13,7.233333333333333,76.96666666666667,0.43333333333333335,52.09,Marketing,Mid,Time Management
3007,37,5.5675675675675675,17,7.4324324324324325,78.83783783783784,0.4594594594594595,54.66756756756757,Finance,Mid,Time Management
3008,32,4.21875,14,7.75,82.3125,0.4375,54.36875,HR,Mid,Time Management
3009,50,5.46,26,7.5,80.2,0.52,58.459999999999994,Finance,Mid,Time Management
3010,38,4.447368421052632,14,7.2894736842105265,79.63157894736842,0.3684210526315789,58.03684210526316,Operations,Mid,Communication Skills
3011,45,4.822222222222222,22,7.355555555555555,82.55555555555556,0.4888888888888889,58.099999999999994,Operations,Mid,Time Management
3012,33,4.575757575757576,15,7.393939393939394,80.66666666666667,0.45454545454545453,53.763636363636365,Marketing,Mid,Time Management
3013,47,4.638297872340425,19,7.361702127659575,78.44680851063829,0.40425531914893614,60.2063829787234,IT,Mid,Time Management
3014,23,5.521739130434782,12,7.608695652173913,74.8695652173913,0.5217391304347826,46.00869565217391,Finance,Mid,Time Management
3015,44,4.181818181818182,9,7.75,80.72727272727273,0.20454545454545456,65.68181818181819,IT,Mid,Communication Skills
3016,30,4.566666666666666,13,7.5,78.86666666666666,0.43333333333333335,52.66,IT,Mid,Time Management
3017,36,5.222222222222222,18,7.444444444444445,81.05555555555556,0.5,53.71666666666667,Marketing,Mid,Time Management
3018,46,5.565217391304348,19,7.760869565217392,81.08695652173913,0.41304347826086957,60.33478260869565,IT,Mid,Time Management
3019,40,5.075,16,7.25,82.35,0.4,58.705,Finance,Mid,Communication Skills
3020,48,4.8125,18,7.5625,79.85416666666667,0.375,61.90625,HR,Mid,Communication Skills
3021,44,5.181818181818182,22,7.4772727272727275,79.95454545454545,0.5,56.586363636363636,Marketing,Mid,Time Management
3022,40,5.8,22,7.425,78.875,0.55,53.162499999999994,Finance,Mid,Time Management
3023,42,5.309523809523809,20,7.4523809523809526,81.64285714285714,0.47619047619047616,57.00714285714286,IT,Mid,Time Management
3024,31,4.516129032258065,15,7.806451612903226,84.74193548387096,0.4838709677419355,53.30645161290322,Marketing,Mid,Time Management
3025,35,4.885714285714286,16,7.857142857142857,79.6,0.45714285714285713,54.16571428571429,HR,Mid,Time Management
3026,23,5.3478260869565215,13,7.173913043478261,81.56521739130434,0.5652173913043478,46.71304347826087,Marketing,Mid,Time Management
3027,30,5.2,10,7.6,84.0,0.3333333333333333,57.2,Finance,Mid,Communication Skills
3028,40,5.325,18,7.35,80.925,0.45,56.7775,Operations,Mid,Time Management
3029,24,5.125,12,7.375,83.75,0.5,49.725,IT,Mid,Time Management
3030,21,4.666666666666667,10,7.523809523809524,78.0952380952381,0.47619047619047616,47.542857142857144,HR,Mid,Time Management
3031,33,5.545454545454546,17,7.242424242424242,80.36363636363636,0.5151515151515151,51.85454545454546,Finance,Mid,Time Management
3032,42,4.833333333333333,16,7.404761904761905,83.11904761904762,0.38095238095238093,60.307142857142864,Marketing,Mid,Communication Skills
3033,34,4.617647058823529,14,7.5588235294117645,81.32352941176471,0.4117647058823529,55.64411764705883,Operations,Mid,Time Management
3034,49,4.979591836734694,19,7.1020408163265305,77.6734693877551,0.3877551020408163,61.269387755102045,IT,Mid,Communication Skills
3035,45,5.2444444444444445,23,7.622222222222222,81.4888888888889,0.5111111111111111,57.113333333333344,Operations,Mid,Time Management
3036,35,4.628571428571429,17,7.6571428571428575,81.71428571428571,0.4857142857142857,53.942857142857136,IT,Mid,Time Management
3037,43,4.627906976744186,17,7.488372093023256,78.90697674418605,0.3953488372093023,59.01162790697674,Finance,Mid,Communication Skills
3038,42,4.714285714285714,16,7.666666666666667,80.02380952380952,0.38095238095238093,59.37857142857143,Operations,Mid,Communication Skills
3039,39,5.666666666666667,19,7.358974358974359,79.2051282051282,0.48717948717948717,54.746153846153845,Finance,Mid,Time Management
3040,43,5.674418604651163,21,7.4186046511627906,80.93023255813954,0.4883720930232558,56.82790697674419,IT,Mid,Time Management
3041,35,4.942857142857143,16,7.371428571428571,79.31428571428572,0.45714285714285713,54.08,Marketing,Mid,Time Management
3042,22,4.818181818181818,12,7.636363636363637,81.31818181818181,0.5454545454545454,46.83181818181818,Operations,Mid,Time Management
3043,28,5.071428571428571,13,7.535714285714286,78.85714285714286,0.4642857142857143,50.92857142857143,Operations,Mid,Time Management
3044,31,4.741935483870968,11,7.32258064516129,78.64516129032258,0.3548387096774194,55.34838709677419,HR,Mid,Communication Skills
3045,33,4.7272727272727275,12,7.363636363636363,84.57575757575758,0.36363636363636365,57.66363636363636,Finance,Mid,Communication Skills
3046,30,4.766666666666667,13,7.2,78.8,0.43333333333333335,52.64,Operations,Mid,Time Management
3047,32,4.90625,12,7.5,80.125,0.375,55.5875,Operations,Mid,Communication Skills
3048,31,5.419354838709677,16,7.580645161290323,80.16129032258064,0.5161290322580645,50.964516129032255,Marketing,Mid,Time Management
3049,33,5.303030303030303,16,7.7272727272727275,77.81818181818181,0.48484848484848486,52.0,Operations,Mid,Time Management
3050,48,5.8125,24,7.375,79.95833333333333,0.5,58.1875,Marketing,Mid,Time Management
3051,39,4.846153846153846,18,7.102564102564102,76.43589743589743,0.46153846153846156,54.684615384615384,IT,Mid,Time Management
3052,31,4.741935483870968,12,7.645161290322581,80.2258064516129,0.3870967741935484,54.85483870967742,Marketing,Mid,Communication Skills
3053,32,4.875,15,7.1875,79.75,0.46875,52.6625,Operations,Mid,Time Management
3054,30,4.8,17,7.466666666666667,79.46666666666667,0.5666666666666667,48.84,IT,Mid,Time Management
3055,23,4.043478260869565,4,8.26086956521739,82.43478260869566,0.17391304347826086,58.71304347826087,Marketing,Mid,Communication Skills
3056,22,4.681818181818182,10,7.5,79.45454545454545,0.45454545454545453,49.0,Operations,Mid,Time Management
3057,35,5.885714285714286,16,7.628571428571429,76.34285714285714,0.45714285714285713,53.18857142857143,Marketing,Mid,Time Management
3058,28,5.357142857142857,14,7.5,83.57142857142857,0.5,51.27142857142857,Finance,Mid,Time Management
3059,39,5.051282051282051,18,7.435897435897436,81.25641025641026,0.46153846153846156,56.13076923076923,IT,Mid,Time Management
3060,21,5.190476190476191,10,7.428571428571429,80.23809523809524,0.47619047619047616,48.18571428571428,HR,Mid,Time Management
3061,29,4.931034482758621,8,7.310344827586207,78.86206896551724,0.27586206896551724,56.98275862068965,HR,Mid,Communication Skills
3062,28,5.5,9,7.571428571428571,78.0,0.32142857142857145,54.957142857142856,Finance,Mid,Communication Skills
3063,46,4.956521739130435,21,7.608695652173913,81.52173913043478,0.45652173913043476,59.160869565217396,Operations,Mid,Time Management
3064,43,5.27906976744186,22,7.511627906976744,79.95348837209302,0.5116279069767442,55.837209302325576,Marketing,Mid,Time Management
3065,49,4.938775510204081,21,7.653061224489796,80.44897959183673,0.42857142857142855,60.87755102040816,HR,Mid,Time Management
3066,34,5.323529411764706,16,7.5,82.82352941176471,0.47058823529411764,54.32941176470588,Operations,Mid,Time Management
3067,23,5.130434782608695,8,7.521739130434782,77.65217391304348,0.34782608695652173,52.06086956521739,HR,Mid,Communication Skills
3068,28,4.642857142857143,14,7.357142857142857,81.07142857142857,0.5,50.52142857142857,HR,Mid,Time Management
3069,42,4.833333333333333,20,7.4523809523809526,81.76190476190476,0.47619047619047616,57.042857142857144,IT,Mid,Time Management
3070,42,4.880952380952381,19,7.4523809523809526,80.02380952380952,0.4523809523809524,57.23571428571428,HR,Mid,Time Management
3071,45,4.5777777777777775,17,7.511111111111111,80.28888888888889,0.37777777777777777,60.75333333333334,Marketing,Mid,Communication Skills
3072,30,5.266666666666667,14,7.5,83.4,0.4666666666666667,53.019999999999996,Finance,Mid,Time Management
3073,35,5.542857142857143,17,7.428571428571429,79.68571428571428,0.4857142857142857,53.33428571428571,Finance,Mid,Time Management
3074,35,5.457142857142857,14,7.542857142857143,78.85714285714286,0.4,55.65714285714286,IT,Mid,Communication Skills
3075,45,4.844444444444444,16,7.133333333333334,80.2,0.35555555555555557,61.39333333333333,IT,Mid,Communication Skills
3076,30,4.566666666666666,15,7.3,82.0,0.5,51.599999999999994,HR,Mid,Time Management
3077,21,5.428571428571429,14,7.190476190476191,77.04761904761905,0.6666666666666666,41.51428571428572,Marketing,Mid,Time Management
3078,43,4.8604651162790695,23,7.558139534883721,80.11627906976744,0.5348837209302325,55.188372093023254,Marketing,Mid,Time Management
3079,28,5.357142857142857,14,7.142857142857143,82.28571428571429,0.5,50.885714285714286,Operations,Mid,Time Management
3080,37,5.027027027027027,16,7.594594594594595,81.5945945945946,0.43243243243243246,56.3054054054054,HR,Mid,Time Management
3081,40,5.35,20,7.5,77.725,0.5,54.317499999999995,Marketing,Mid,Time Management
3082,39,5.0256410256410255,19,7.6923076923076925,77.48717948717949,0.48717948717948717,54.230769230769226,IT,Mid,Time Management
3083,47,5.148936170212766,24,7.425531914893617,80.72340425531915,0.5106382978723404,57.69787234042553,Finance,Mid,Time Management
3084,20,5.6,10,7.35,84.85,0.5,48.455,HR,Mid,Time Management
3085,32,5.0625,12,7.5,80.59375,0.375,55.728125,Operations,Mid,Communication Skills
3086,34,4.647058823529412,9,7.411764705882353,79.94117647058823,0.2647058823529412,59.641176470588235,Marketing,Mid,Communication Skills
3087,31,4.161290322580645,10,7.741935483870968,82.87096774193549,0.3225806451612903,57.583870967741944,Marketing,Mid,Communication Skills
3088,40,5.45,22,7.5,78.875,0.55,53.162499999999994,Operations,Mid,Time Management
3089,49,4.8979591836734695,22,7.857142857142857,80.14285714285714,0.4489795918367347,60.173469387755105,IT,Mid,Time Management
3090,37,4.8108108108108105,19,7.45945945945946,80.24324324324324,0.5135135135135135,53.46756756756757,Finance,Mid,Time Management
3091,46,5.456521739130435,30,7.586956521739131,78.5,0.6521739130434783,52.38478260869566,IT,Mid,Time Management
3092,42,5.809523809523809,20,7.166666666666667,79.69047619047619,0.47619047619047616,56.42142857142858,Finance,Mid,Time Management
3093,38,4.7631578947368425,18,7.2105263157894735,80.52631578947368,0.47368421052631576,55.14736842105263,Marketing,Mid,Time Management
3094,23,5.0,15,7.173913043478261,73.95652173913044,0.6521739130434783,41.82173913043478,HR,Mid,Time Management
3095,38,4.815789473684211,15,7.921052631578948,79.13157894736842,0.39473684210526316,57.097368421052636,Operations,Mid,Communication Skills
3096,50,4.96,22,7.68,80.32,0.44,60.895999999999994,Marketing,Mid,Time Management
3097,35,5.3428571428571425,16,7.628571428571429,77.17142857142858,0.45714285714285713,53.43714285714286,Marketing,Mid,Time Management
3098,26,5.769230769230769,9,7.615384615384615,82.46153846153847,0.34615384615384615,54.753846153846155,IT,Mid,Communication Skills
3099,40,4.8,18,7.45,79.175,0.45,56.2525,Operations,Mid,Time Management
3100,34,5.205882352941177,18,7.382352941176471,83.79411764705883,0.5294117647058824,52.85588235294118,Finance,Mid,Time Management
3101,32,4.75,17,7.71875,77.65625,0.53125,50.159375,Operations,Mid,Time Management
3102,37,5.324324324324325,19,7.4324324324324325,78.0,0.5135135135135135,52.79459459459459,IT,Mid,Time Management
3103,26,4.8076923076923075,10,7.576923076923077,79.07692307692308,0.38461538461538464,52.58461538461539,HR,Mid,Communication Skills
3104,43,4.953488372093023,17,7.162790697674419,81.55813953488372,0.3953488372093023,59.806976744186045,HR,Mid,Communication Skills
3105,23,5.304347826086956,7,7.521739130434782,80.47826086956522,0.30434782608695654,54.21304347826087,Finance,Mid,Communication Skills
3106,30,4.966666666666667,11,7.733333333333333,81.46666666666667,0.36666666666666664,55.44,Marketing,Mid,Communication Skills
3107,39,4.769230769230769,18,7.769230769230769,74.82051282051282,0.46153846153846156,54.2,Finance,Mid,Time Management
3108,31,5.870967741935484,18,7.419354838709677,81.12903225806451,0.5806451612903226,49.31935483870967,Finance,Mid,Time Management
3109,29,4.413793103448276,13,7.482758620689655,83.3103448275862,0.4482758620689655,53.1448275862069,Marketing,Mid,Time Management
3110,45,4.955555555555556,14,7.488888888888889,79.42222222222222,0.3111111111111111,62.49333333333334,Finance,Mid,Communication Skills
3111,43,4.930232558139535,16,7.511627906976744,82.4186046511628,0.37209302325581395,60.76279069767442,Finance,Mid,Communication Skills
3112,23,4.826086956521739,9,7.260869565217392,80.30434782608695,0.391304347826087,51.552173913043475,Operations,Mid,Communication Skills
3113,38,4.526315789473684,17,7.526315789473684,79.97368421052632,0.4473684210526316,55.77105263157894,Marketing,Mid,Time Management
3114,42,5.166666666666667,18,7.690476190476191,78.16666666666667,0.42857142857142855,57.39285714285714,Operations,Mid,Time Management
3115,30,4.333333333333333,11,7.166666666666667,80.5,0.36666666666666664,55.15,Finance,Mid,Communication Skills
3116,29,5.137931034482759,16,7.517241379310345,82.06896551724138,0.5517241379310345,49.66896551724138,HR,Mid,Time Management
3117,25,4.16,9,7.72,78.56,0.36,52.768,Finance,Mid,Communication Skills
3118,25,5.24,5,7.68,82.0,0.2,58.599999999999994,Marketing,Mid,Communication Skills
3119,42,4.738095238095238,18,7.619047619047619,78.30952380952381,0.42857142857142855,57.43571428571428,IT,Mid,Time Management
3120,33,5.303030303030303,18,7.7272727272727275,79.72727272727273,0.5454545454545454,50.75454545454545,HR,Mid,Time Management
3121,35,4.942857142857143,12,7.771428571428571,79.05714285714286,0.34285714285714286,57.43142857142857,Finance,Mid,Communication Skills
3122,42,4.142857142857143,15,7.785714285714286,81.66666666666667,0.35714285714285715,60.58571428571429,IT,Mid,Communication Skills
3123,37,5.0,22,7.405405405405405,81.56756756756756,0.5945945945945946,51.432432432432435,HR,Mid,Time Management
3124,33,5.515151515151516,15,7.545454545454546,82.72727272727273,0.45454545454545453,54.38181818181818,Marketing,Mid,Time Management
3125,26,4.615384615384615,10,7.5,78.53846153846153,0.38461538461538464,52.42307692307692,Operations,Mid,Communication Skills
3126,30,5.133333333333334,15,7.7,85.06666666666666,0.5,52.519999999999996,Marketing,Mid,Time Management
3127,39,4.871794871794871,21,7.666666666666667,77.87179487179488,0.5384615384615384,52.80769230769231,Finance,Mid,Time Management
3128,29,5.689655172413793,14,7.517241379310345,81.17241379310344,0.4827586206896552,51.46896551724137,HR,Mid,Time Management
3129,45,4.911111111111111,20,7.644444444444445,78.91111111111111,0.4444444444444444,58.34,IT,Mid,Time Management
3130,42,5.333333333333333,25,7.690476190476191,78.28571428571429,0.5952380952380952,52.42857142857143,Finance,Mid,Time Management
3131,41,4.902439024390244,20,7.2439024390243905,82.0,0.4878048780487805,56.36585365853659,HR,Mid,Time Management
3132,22,4.409090909090909,2,7.363636363636363,81.27272727272727,0.09090909090909091,60.45454545454545,Marketing,Mid,Communication Skills
3133,36,4.361111111111111,16,7.166666666666667,77.75,0.4444444444444444,54.391666666666666,Finance,Mid,Time Management
3134,46,5.695652173913044,25,7.5,80.04347826086956,0.5434782608695652,56.108695652173914,Marketing,Mid,Time Management
3135,22,5.136363636363637,7,7.636363636363637,79.45454545454545,0.3181818181818182,53.09090909090909,Marketing,Mid,Communication Skills
3136,21,6.190476190476191,14,7.190476190476191,78.66666666666667,0.6666666666666666,42.0,HR,Mid,Time Management
3137,22,4.5,8,8.090909090909092,81.95454545454545,0.36363636363636365,52.47727272727273,Operations,Mid,Communication Skills
3138,41,4.414634146341464,13,7.609756097560975,81.48780487804878,0.3170731707317073,61.334146341463416,IT,Mid,Communication Skills
3139,27,4.037037037037037,6,7.481481481481482,78.22222222222223,0.2222222222222222,57.6,Marketing,Mid,Communication Skills
3140,48,5.3125,22,7.25,78.33333333333333,0.4583333333333333,58.95,Marketing,Mid,Time Management
3141,26,4.538461538461538,9,7.3076923076923075,80.26923076923077,0.34615384615384615,54.096153846153854,IT,Mid,Communication Skills
3142,49,4.551020408163265,28,7.326530612244898,78.04081632653062,0.5714285714285714,55.86938775510204,IT,Mid,Time Management
3143,36,5.388888888888889,20,7.444444444444445,78.05555555555556,0.5555555555555556,51.150000000000006,Marketing,Mid,Time Management
3144,27,5.37037037037037,13,7.592592592592593,85.18518518518519,0.48148148148148145,51.91111111111111,IT,Mid,Time Management
3145,33,4.454545454545454,12,7.545454545454546,82.57575757575758,0.36363636363636365,57.06363636363636,Finance,Mid,Communication Skills
3146,23,4.391304347826087,9,7.695652173913044,81.91304347826087,0.391304347826087,52.03478260869565,Finance,Mid,Communication Skills
3147,28,5.071428571428571,11,7.714285714285714,77.82142857142857,0.39285714285714285,52.760714285714286,Marketing,Mid,Communication Skills
3148,33,4.2727272727272725,13,7.696969696969697,82.78787878787878,0.3939393939393939,56.21818181818182,HR,Mid,Communication Skills
3149,28,4.964285714285714,13,7.607142857142857,80.42857142857143,0.4642857142857143,51.400000000000006,HR,Mid,Time Management
3150,30,5.333333333333333,17,7.9,81.93333333333334,0.5666666666666667,49.58,Finance,Mid,Time Management
3151,46,5.3478260869565215,23,7.565217391304348,79.23913043478261,0.5,57.17173913043479,Finance,Mid,Time Management
3152,42,4.428571428571429,21,7.476190476190476,78.21428571428571,0.5,55.26428571428571,Operations,Mid,Time Management
3153,33,4.484848484848484,9,7.484848484848484,80.27272727272727,0.2727272727272727,59.1,Marketing,Mid,Communication Skills
3154,34,5.323529411764706,17,6.9411764705882355,78.8529411764706,0.5,52.25588235294118,Finance,Mid,Time Management
3155,49,4.73469387755102,23,7.673469387755102,80.61224489795919,0.46938775510204084,59.70204081632653,Operations,Mid,Time Management
3156,30,4.8,14,7.666666666666667,81.6,0.4666666666666667,52.48,Operations,Mid,Time Management
3157,24,5.125,10,7.25,79.125,0.4166666666666667,50.8375,Finance,Mid,Time Management
3158,25,4.2,11,7.44,81.48,0.44,51.244,HR,Mid,Time Management
3159,24,5.333333333333333,11,7.583333333333333,81.20833333333333,0.4583333333333333,50.212500000000006,Marketing,Mid,Time Management
3160,20,5.1,8,7.3,82.2,0.4,50.66,IT,Mid,Communication Skills
3161,47,5.382978723404255,18,7.425531914893617,77.74468085106383,0.3829787234042553,60.63404255319149,Finance,Mid,Communication Skills
3162,30,4.833333333333333,11,7.633333333333334,75.73333333333333,0.36666666666666664,53.72,HR,Mid,Communication Skills
3163,39,4.743589743589744,17,7.333333333333333,79.46153846153847,0.4358974358974359,56.36153846153847,IT,Mid,Time Management
3164,29,4.448275862068965,13,7.793103448275862,83.48275862068965,0.4482758620689655,53.19655172413793,IT,Mid,Time Management
3165,39,4.589743589743589,16,7.435897435897436,80.76923076923077,0.41025641025641024,57.52307692307693,Marketing,Mid,Time Management
3166,41,4.146341463414634,13,7.2682926829268295,81.92682926829268,0.3170731707317073,61.46585365853659,Marketing,Mid,Communication Skills
3167,39,4.948717948717949,21,7.461538461538462,82.41025641025641,0.5384615384615384,54.169230769230765,Marketing,Mid,Time Management
3168,21,4.714285714285714,8,7.523809523809524,77.9047619047619,0.38095238095238093,50.34285714285714,HR,Mid,Communication Skills
3169,30,5.266666666666667,14,7.3,77.7,0.4666666666666667,51.31,HR,Mid,Time Management
3170,32,5.0,14,7.15625,81.03125,0.4375,53.984375,HR,Mid,Time Management
3171,30,5.7,17,7.133333333333334,80.2,0.5666666666666667,49.06,Marketing,Mid,Time Management
3172,36,4.944444444444445,15,7.361111111111111,83.63888888888889,0.4166666666666667,56.99166666666666,Marketing,Mid,Time Management
3173,34,4.735294117647059,17,7.705882352941177,81.20588235294117,0.5,52.96176470588235,IT,Mid,Time Management
3174,49,5.061224489795919,25,7.591836734693878,77.89795918367346,0.5102040816326531,57.66326530612245,Marketing,Mid,Time Management
3175,45,4.511111111111111,11,7.222222222222222,80.08888888888889,0.24444444444444444,64.69333333333333,IT,Mid,Communication Skills
3176,42,4.309523809523809,15,7.571428571428571,80.35714285714286,0.35714285714285715,60.19285714285715,Operations,Mid,Communication Skills
3177,37,5.081081081081081,19,7.594594594594595,83.5945945945946,0.5135135135135135,54.47297297297297,Operations,Mid,Time Management
3178,35,4.371428571428571,15,7.257142857142857,79.48571428571428,0.42857142857142855,54.988571428571426,Finance,Mid,Time Management
3179,48,5.25,26,7.208333333333333,81.0,0.5416666666666666,57.25,IT,Mid,Time Management
3180,25,5.6,10,7.56,82.44,0.4,52.732,Finance,Mid,Communication Skills
3181,21,4.142857142857143,9,7.571428571428571,87.57142857142857,0.42857142857142855,51.81428571428572,HR,Mid,Time Management
3182,40,4.8,17,7.475,79.9,0.425,57.22,IT,Mid,Time Management
3183,21,5.523809523809524,9,7.857142857142857,79.47619047619048,0.42857142857142855,49.385714285714286,Marketing,Mid,Time Management
3184,35,4.257142857142857,9,7.685714285714286,80.48571428571428,0.2571428571428571,60.43142857142857,Marketing,Mid,Communication Skills
3185,25,5.44,13,7.48,81.52,0.52,48.855999999999995,IT,Mid,Time Management
3186,43,5.3023255813953485,23,7.441860465116279,79.23255813953489,0.5348837209302325,54.92325581395349,Finance,Mid,Time Management
3187,22,4.409090909090909,10,7.681818181818182,83.72727272727273,0.45454545454545453,50.28181818181818,Finance,Mid,Time Management
3188,47,4.8936170212765955,20,7.723404255319149,78.93617021276596,0.425531914893617,59.714893617021275,HR,Mid,Time Management
3189,25,6.0,12,7.32,79.48,0.48,49.444,Finance,Mid,Time Management
3190,20,5.15,6,7.45,81.05,0.3,53.315,Operations,Mid,Communication Skills
3191,48,5.125,26,7.458333333333333,76.3125,0.5416666666666666,55.84375,IT,Mid,Time Management
3192,49,5.040816326530612,19,7.530612244897959,79.3265306122449,0.3877551020408163,61.765306122448976,HR,Mid,Communication Skills
3193,39,5.3076923076923075,22,7.769230769230769,80.64102564102564,0.5641025641025641,52.86923076923077,IT,Mid,Time Management
3194,27,3.5925925925925926,10,7.592592592592593,81.96296296296296,0.37037037037037035,54.27777777777778,HR,Mid,Communication Skills
3195,41,5.341463414634147,22,7.585365853658536,82.2439024390244,0.5365853658536586,54.97560975609757,Operations,Mid,Time Management
3196,23,5.6521739130434785,8,7.217391304347826,77.8695652173913,0.34782608695652173,52.12608695652173,Marketing,Mid,Communication Skills
3197,33,4.909090909090909,16,7.545454545454546,80.84848484848484,0.48484848484848486,52.90909090909091,IT,Mid,Time Management
3198,33,5.0,9,7.575757575757576,79.33333333333333,0.2727272727272727,58.81818181818182,Operations,Mid,Communication Skills
3199,33,6.121212121212121,20,7.424242424242424,81.06060606060606,0.6060606060606061,49.336363636363636,IT,Mid,Time Management
3200,49,5.36734693877551,24,7.551020408163265,82.12244897959184,0.4897959183673469,59.542857142857144,HR,Mid,Time Management
3201,36,5.777777777777778,21,7.833333333333333,79.80555555555556,0.5833333333333334,50.84166666666667,Marketing,Mid,Time Management
3202,42,5.142857142857143,19,7.5476190476190474,77.45238095238095,0.4523809523809524,56.46428571428571,HR,Mid,Time Management
3203,27,5.592592592592593,16,7.444444444444445,81.44444444444444,0.5925925925925926,47.45555555555556,Marketing,Mid,Time Management
3204,50,4.98,25,7.42,83.08,0.5,59.924,Finance,Mid,Time Management
3205,29,5.0344827586206895,13,7.344827586206897,83.62068965517241,0.4482758620689655,53.237931034482756,Finance,Mid,Time Management
3206,38,5.078947368421052,13,7.7368421052631575,77.44736842105263,0.34210526315789475,58.171052631578945,HR,Mid,Communication Skills
3207,26,5.1923076923076925,8,7.615384615384615,79.34615384615384,0.3076923076923077,54.973076923076924,IT,Mid,Communication Skills
3208,32,4.09375,10,7.3125,79.875,0.3125,57.387499999999996,Operations,Mid,Communication Skills
3209,34,5.852941176470588,18,7.323529411764706,81.11764705882354,0.5294117647058824,52.05294117647059,Operations,Mid,Time Management
3210,38,5.7368421052631575,19,7.394736842105263,79.10526315789474,0.5,53.93157894736842,HR,Mid,Time Management
3211,40,5.45,19,7.8,82.225,0.475,56.4175,Marketing,Mid,Time Management
3212,48,5.625,26,7.708333333333333,79.0,0.5416666666666666,56.650000000000006,IT,Mid,Time Management
3213,20,6.1,13,7.6,85.75,0.65,44.224999999999994,IT,Mid,Time Management
3214,21,4.333333333333333,11,7.619047619047619,82.71428571428571,0.5238095238095238,47.5,IT,Mid,Time Management
3215,33,5.666666666666667,18,7.696969696969697,82.42424242424242,0.5454545454545454,51.56363636363636,Finance,Mid,Time Management
3216,50,4.94,20,7.36,79.9,0.4,61.97,Finance,Mid,Communication Skills
3217,25,4.88,11,7.52,78.04,0.44,50.212,Finance,Mid,Time Management
3218,33,4.878787878787879,18,7.303030303030303,80.33333333333333,0.5454545454545454,50.93636363636364,HR,Mid,Time Management
3219,25,4.96,13,7.88,81.76,0.52,48.928,Marketing,Mid,Time Management
3220,32,4.75,14,7.125,82.65625,0.4375,54.471875,Finance,Mid,Time Management
3221,35,4.571428571428571,14,7.4,83.6,0.4,57.08,HR,Mid,Communication Skills
3222,42,5.619047619047619,21,7.476190476190476,80.33333333333333,0.5,55.9,IT,Mid,Time Management
3223,22,5.954545454545454,11,7.363636363636363,80.22727272727273,0.5,47.868181818181824,HR,Mid,Time Management
3224,31,5.32258064516129,11,7.67741935483871,83.6774193548387,0.3548387096774194,56.85806451612903,HR,Mid,Communication Skills
3225,39,4.846153846153846,16,7.435897435897436,78.87179487179488,0.41025641025641024,56.95384615384616,IT,Mid,Time Management
3226,21,5.619047619047619,12,7.142857142857143,84.57142857142857,0.5714285714285714,46.62857142857143,IT,Mid,Time Management
3227,23,5.0,6,7.608695652173913,79.78260869565217,0.2608695652173913,55.30869565217391,Operations,Mid,Communication Skills
3228,47,4.76595744680851,17,7.574468085106383,80.82978723404256,0.3617021276595745,62.19787234042553,HR,Mid,Communication Skills
3229,30,6.033333333333333,19,7.366666666666666,83.93333333333334,0.6333333333333333,48.18,Finance,Mid,Time Management
3230,48,4.666666666666667,19,7.333333333333333,79.5625,0.3958333333333333,61.19375,HR,Mid,Communication Skills
3231,46,5.521739130434782,20,7.543478260869565,80.26086956521739,0.43478260869565216,59.434782608695656,Marketing,Mid,Time Management
3232,34,5.0,20,7.735294117647059,79.76470588235294,0.5882352941176471,49.88235294117647,HR,Mid,Time Management
3233,49,4.653061224489796,18,7.612244897959184,79.81632653061224,0.3673469387755102,62.52448979591837,Marketing,Mid,Communication Skills
3234,41,5.536585365853658,19,7.439024390243903,81.73170731707317,0.4634146341463415,57.017073170731706,Marketing,Mid,Time Management
3235,36,5.361111111111111,16,7.583333333333333,80.61111111111111,0.4444444444444444,55.25,Finance,Mid,Time Management
3236,45,4.333333333333333,18,7.5777777777777775,81.26666666666667,0.4,60.379999999999995,Operations,Mid,Communication Skills
3237,24,5.625,13,7.791666666666667,81.0,0.5416666666666666,47.650000000000006,IT,Mid,Time Management
3238,27,5.925925925925926,13,7.7407407407407405,80.55555555555556,0.48148148148148145,50.522222222222226,Operations,Mid,Time Management
3239,50,5.76,24,7.32,77.94,0.48,58.982,Operations,Mid,Time Management
3240,36,4.833333333333333,17,7.694444444444445,81.44444444444444,0.4722222222222222,54.66666666666667,Finance,Mid,Time Management
3241,20,5.7,9,7.7,79.35,0.45,48.30499999999999,Finance,Mid,Time Management
3242,26,5.384615384615385,13,7.653846153846154,79.6923076923077,0.5,49.30769230769231,Finance,Mid,Time Management
3243,42,5.333333333333333,20,7.404761904761905,77.26190476190476,0.47619047619047616,55.69285714285715,IT,Mid,Time Management
3244,24,5.375,9,7.583333333333333,80.33333333333333,0.375,52.45,Operations,Mid,Communication Skills
3245,33,4.454545454545454,10,7.909090909090909,80.0,0.30303030303030304,58.10909090909091,IT,Mid,Communication Skills
3246,39,5.3076923076923075,19,7.615384615384615,77.05128205128206,0.48717948717948717,54.1,HR,Mid,Time Management
3247,36,4.222222222222222,13,7.416666666666667,82.11111111111111,0.3611111111111111,58.199999999999996,IT,Mid,Communication Skills
3248,46,4.913043478260869,20,7.5,80.1304347826087,0.43478260869565216,59.39565217391305,IT,Mid,Time Management
3249,33,5.090909090909091,16,7.424242424242424,79.48484848484848,0.48484848484848486,52.5,IT,Mid,Time Management
3250,40,5.525,21,7.6,81.875,0.525,54.8125,Finance,Mid,Time Management
3251,46,4.739130434782608,18,7.5,82.1086956521739,0.391304347826087,61.29347826086956,HR,Mid,Communication Skills
3252,21,5.666666666666667,13,7.809523809523809,81.47619047619048,0.6190476190476191,44.27142857142857,Marketing,Mid,Time Management
3253,50,4.36,23,7.66,78.14,0.46,59.642,HR,Mid,Time Management
3254,45,5.311111111111111,22,7.644444444444445,79.17777777777778,0.4888888888888889,57.08666666666666,Marketing,Mid,Time Management
3255,45,5.311111111111111,25,7.733333333333333,81.33333333333333,0.5555555555555556,55.733333333333334,Marketing,Mid,Time Management
3256,33,4.151515151515151,9,7.7272727272727275,82.96969696969697,0.2727272727272727,59.909090909090914,HR,Mid,Communication Skills
3257,28,3.9642857142857144,12,7.571428571428571,80.25,0.42857142857142855,52.417857142857144,Marketing,Mid,Time Management
3258,34,4.4411764705882355,15,7.705882352941177,80.55882352941177,0.4411764705882353,54.53235294117647,IT,Mid,Time Management
3259,48,4.229166666666667,15,7.520833333333333,80.89583333333333,0.3125,64.09375,Operations,Mid,Communication Skills
3260,45,5.022222222222222,19,7.488888888888889,81.93333333333334,0.4222222222222222,59.91333333333333,Marketing,Mid,Time Management
3261,43,5.023255813953488,20,7.627906976744186,81.3953488372093,0.46511627906976744,57.66511627906977,Operations,Mid,Time Management
3262,42,5.309523809523809,23,7.523809523809524,81.0952380952381,0.5476190476190477,54.7,HR,Mid,Time Management
3263,28,4.571428571428571,10,7.428571428571429,82.03571428571429,0.35714285714285715,55.096428571428575,Finance,Mid,Communication Skills
3264,25,4.68,11,7.48,77.24,0.44,49.971999999999994,Finance,Mid,Time Management
3265,37,5.378378378378378,17,7.486486486486487,81.21621621621621,0.4594594594594595,55.38108108108108,HR,Mid,Time Management
3266,46,4.804347826086956,21,7.739130434782608,81.8695652173913,0.45652173913043476,59.26521739130435,Finance,Mid,Time Management
3267,48,4.604166666666667,20,7.458333333333333,80.1875,0.4166666666666667,60.75625,Operations,Mid,Time Management
3268,27,4.666666666666667,13,7.37037037037037,79.44444444444444,0.48148148148148145,50.18888888888889,IT,Mid,Time Management
3269,38,4.7105263157894735,12,7.421052631578948,80.13157894736842,0.3157894736842105,59.765789473684215,Operations,Mid,Communication Skills
3270,33,4.363636363636363,9,7.2727272727272725,80.03030303030303,0.2727272727272727,59.02727272727273,IT,Mid,Communication Skills
3271,49,4.795918367346939,23,7.204081632653061,79.87755102040816,0.46938775510204084,59.481632653061226,IT,Mid,Time Management
3272,25,5.28,11,7.44,75.56,0.44,49.468,Marketing,Mid,Time Management
3273,30,5.0,13,7.4,78.66666666666667,0.43333333333333335,52.6,Operations,Mid,Time Management
3274,35,4.8,11,7.485714285714286,76.02857142857142,0.3142857142857143,57.379999999999995,HR,Mid,Communication Skills
3275,28,4.75,9,7.5,81.78571428571429,0.32142857142857145,56.09285714285714,HR,Mid,Communication Skills
3276,34,5.088235294117647,14,7.617647058823529,79.58823529411765,0.4117647058823529,55.12352941176471,IT,Mid,Time Management
3277,44,4.909090909090909,19,7.409090909090909,81.13636363636364,0.4318181818181818,58.986363636363635,HR,Mid,Time Management
3278,33,4.242424242424242,14,7.484848484848484,81.36363636363636,0.42424242424242425,54.881818181818176,Marketing,Mid,Time Management
3279,20,4.35,5,7.65,84.4,0.25,55.82,Operations,Mid,Communication Skills
3280,46,4.978260869565218,19,7.5,80.3695652173913,0.41304347826086957,60.1195652173913,Finance,Mid,Time Management
3281,38,4.842105263157895,18,7.605263157894737,78.02631578947368,0.47368421052631576,54.39736842105263,Finance,Mid,Time Management
3282,25,5.28,12,7.84,78.08,0.48,49.024,Finance,Mid,Time Management
3283,29,5.827586206896552,19,7.379310344827586,83.3103448275862,0.6551724137931034,46.93793103448276,Finance,Mid,Time Management
3284,28,6.25,18,7.357142857142857,78.60714285714286,0.6428571428571429,45.496428571428574,HR,Mid,Time Management
3285,31,5.387096774193548,15,7.225806451612903,80.38709677419355,0.4838709677419355,52.0,Finance,Mid,Time Management
3286,25,4.96,11,7.76,79.68,0.44,50.704,Finance,Mid,Time Management
3287,25,4.64,11,7.44,83.24,0.44,51.772,HR,Mid,Time Management
3288,49,5.1020408163265305,24,7.346938775510204,80.14285714285714,0.4897959183673469,58.94897959183673,IT,Mid,Time Management
3289,20,5.85,8,7.45,79.05,0.4,49.715,HR,Mid,Communication Skills
3290,50,5.46,27,7.58,80.4,0.54,57.92,HR,Mid,Time Management
3291,28,5.107142857142857,15,7.785714285714286,79.32142857142857,0.5357142857142857,48.925,Marketing,Mid,Time Management
3292,50,5.1,24,7.38,78.84,0.48,59.252,Finance,Mid,Time Management
3293,38,4.947368421052632,17,7.605263157894737,82.13157894736842,0.4473684210526316,56.41842105263157,Operations,Mid,Time Management
3294,27,4.592592592592593,12,7.37037037037037,77.48148148148148,0.4444444444444444,50.71111111111111,Finance,Mid,Time Management
3295,24,4.875,9,7.166666666666667,81.66666666666667,0.375,52.85,IT,Mid,Communication Skills
3296,46,5.673913043478261,30,7.695652173913044,78.30434782608695,0.6521739130434783,52.326086956521735,Operations,Mid,Time Management
3297,37,4.72972972972973,19,7.648648648648648,77.72972972972973,0.5135135135135135,52.71351351351351,IT,Mid,Time Management
3298,23,5.130434782608695,11,7.521739130434782,83.91304347826087,0.4782608695652174,50.02608695652174,Marketing,Mid,Time Management
3299,24,5.0,13,7.791666666666667,84.08333333333333,0.5416666666666666,48.575,IT,Mid,Time Management
3300,25,4.64,8,7.16,77.56,0.32,53.668,Finance,Mid,Communication Skills
3301,35,5.914285714285715,21,7.485714285714286,78.11428571428571,0.6,49.434285714285714,Marketing,Mid,Time Management
3302,35,4.828571428571428,16,7.314285714285714,82.8,0.45714285714285713,55.12571428571429,Operations,Mid,Time Management
3303,29,3.9310344827586206,6,7.448275862068965,80.34482758620689,0.20689655172413793,59.49655172413793,Marketing,Mid,Communication Skills
3304,39,4.794871794871795,18,7.666666666666667,80.87179487179488,0.46153846153846156,56.01538461538462,Marketing,Mid,Time Management
3305,43,4.6976744186046515,18,7.465116279069767,82.83720930232558,0.4186046511627907,59.49302325581395,IT,Mid,Time Management
3306,26,5.153846153846154,13,7.384615384615385,77.5,0.5,48.65,Finance,Mid,Time Management
3307,49,5.428571428571429,25,7.36734693877551,80.04081632653062,0.5102040816326531,58.30612244897959,Finance,Mid,Time Management
3308,34,4.911764705882353,16,7.823529411764706,79.08823529411765,0.47058823529411764,53.20882352941177,Operations,Mid,Time Management
3309,36,4.666666666666667,9,7.666666666666667,82.83333333333333,0.25,61.75,Operations,Mid,Communication Skills
3310,35,4.0,12,7.114285714285714,80.0,0.34285714285714286,57.714285714285715,IT,Mid,Communication Skills
3311,27,5.703703703703703,15,7.407407407407407,80.51851851851852,0.5555555555555556,48.28888888888889,HR,Mid,Time Management
3312,45,5.311111111111111,22,7.488888888888889,77.22222222222223,0.4888888888888889,56.5,Operations,Mid,Time Management
3313,40,5.0,11,7.6,79.125,0.275,61.4875,IT,Mid,Communication Skills
3314,47,4.957446808510638,17,7.51063829787234,82.59574468085107,0.3617021276595745,62.72765957446809,HR,Mid,Communication Skills
3315,36,5.055555555555555,15,7.583333333333333,80.61111111111111,0.4166666666666667,56.08333333333333,IT,Mid,Time Management
3316,27,5.074074074074074,13,7.62962962962963,80.44444444444444,0.48148148148148145,50.488888888888894,IT,Mid,Time Management
3317,33,4.575757575757576,16,7.575757575757576,83.81818181818181,0.48484848484848486,53.8,HR,Mid,Time Management
3318,23,4.826086956521739,10,7.434782608695652,78.6086956521739,0.43478260869565216,49.73913043478261,Finance,Mid,Time Management
3319,35,5.0285714285714285,18,7.485714285714286,82.82857142857142,0.5142857142857142,53.42,IT,Mid,Time Management
3320,38,4.7105263157894735,14,7.421052631578948,77.84210526315789,0.3684210526315789,57.5,Marketing,Mid,Communication Skills
3321,45,5.0,19,7.866666666666666,77.17777777777778,0.4222222222222222,58.486666666666665,HR,Mid,Time Management
3322,40,4.225,17,7.725,81.75,0.425,57.775,Operations,Mid,Time Management
3323,40,5.3,23,7.3,79.675,0.575,52.6525,HR,Mid,Time Management
3324,25,4.92,8,7.4,82.68,0.32,55.204,HR,Mid,Communication Skills
3325,42,5.0,24,7.523809523809524,80.42857142857143,0.5714285714285714,53.78571428571429,Marketing,Mid,Time Management
3326,38,5.078947368421052,19,7.815789473684211,81.26315789473684,0.5,54.578947368421055,IT,Mid,Time Management
3327,49,5.142857142857143,21,7.653061224489796,80.22448979591837,0.42857142857142855,60.81020408163266,Operations,Mid,Time Management
3328,44,5.409090909090909,22,7.204545454545454,80.0,0.5,56.6,HR,Mid,Time Management
3329,37,4.945945945945946,18,7.351351351351352,79.1891891891892,0.4864864864864865,53.962162162162166,HR,Mid,Time Management
3330,38,4.921052631578948,16,7.631578947368421,79.73684210526316,0.42105263157894735,56.48947368421052,Finance,Mid,Time Management
3331,24,5.75,12,7.166666666666667,81.0,0.5,48.900000000000006,Operations,Mid,Time Management
3332,38,5.342105263157895,19,7.526315789473684,79.44736842105263,0.5,54.03421052631579,Finance,Mid,Time Management
3333,36,5.583333333333333,19,7.388888888888889,79.86111111111111,0.5277777777777778,52.525,Marketing,Mid,Time Management
3334,39,4.82051282051282,16,7.410256410256411,83.84615384615384,0.41025641025641024,58.44615384615385,HR,Mid,Time Management
3335,25,4.72,11,7.6,83.28,0.44,51.784,Finance,Mid,Time Management
3336,50,5.26,22,7.32,79.48,0.44,60.644,Finance,Mid,Time Management
3337,31,4.741935483870968,14,7.516129032258065,80.87096774193549,0.45161290322580644,53.11290322580645,HR,Mid,Time Management
3338,21,4.9523809523809526,10,7.428571428571429,80.71428571428571,0.47619047619047616,48.32857142857142,Operations,Mid,Time Management
3339,36,4.833333333333333,17,7.583333333333333,80.66666666666667,0.4722222222222222,54.43333333333334,Operations,Mid,Time Management
3340,30,5.233333333333333,13,7.4,78.73333333333333,0.43333333333333335,52.620000000000005,Finance,Mid,Time Management
3341,49,4.755102040816326,25,7.326530612244898,81.38775510204081,0.5102040816326531,58.710204081632654,HR,Mid,Time Management
3342,20,4.55,9,8.05,80.75,0.45,48.724999999999994,Finance,Mid,Time Management
3343,38,4.578947368421052,14,7.2631578947368425,78.02631578947368,0.3684210526315789,57.55526315789474,Marketing,Mid,Communication Skills
3344,26,5.230769230769231,13,7.884615384615385,82.1923076923077,0.5,50.05769230769231,Operations,Mid,Time Management
3345,32,5.1875,11,7.4375,80.0625,0.34375,56.506249999999994,HR,Mid,Communication Skills
3346,25,4.44,11,7.52,83.12,0.44,51.736000000000004,HR,Mid,Time Management
3347,44,4.931818181818182,23,7.5227272727272725,85.11363636363636,0.5227272727272727,57.45227272727273,Finance,Mid,Time Management
3348,40,4.575,17,7.325,77.575,0.425,56.5225,Operations,Mid,Time Management
3349,31,5.225806451612903,15,7.741935483870968,76.90322580645162,0.4838709677419355,50.95483870967742,HR,Mid,Time Management
3350,32,4.96875,11,7.1875,76.96875,0.34375,55.578125,Finance,Mid,Communication Skills
3351,50,4.7,22,7.68,80.72,0.44,61.01599999999999,IT,Mid,Time Management
3352,25,5.0,13,7.92,74.52,0.52,46.756,IT,Mid,Time Management
3353,41,5.2682926829268295,20,7.365853658536586,81.26829268292683,0.4878048780487805,56.146341463414636,Operations,Mid,Time Management
3354,23,3.8260869565217392,10,7.739130434782608,83.21739130434783,0.43478260869565216,51.12173913043479,Marketing,Mid,Time Management
3355,35,4.828571428571428,14,7.4,75.88571428571429,0.4,54.76571428571428,Finance,Mid,Communication Skills
3356,20,4.5,10,8.35,78.85,0.5,46.655,HR,Mid,Time Management
3357,26,4.269230769230769,7,8.115384615384615,79.46153846153847,0.2692307692307692,56.16153846153847,Marketing,Mid,Communication Skills
3358,44,4.681818181818182,17,7.659090909090909,79.22727272727273,0.38636363636363635,59.77727272727273,HR,Mid,Communication Skills
3359,47,5.212765957446808,23,7.702127659574468,80.91489361702128,0.48936170212765956,58.3936170212766,IT,Mid,Time Management
3360,44,4.4772727272727275,18,7.5227272727272725,80.38636363636364,0.4090909090909091,59.44318181818182,Marketing,Mid,Time Management
3361,47,4.680851063829787,20,7.468085106382978,81.85106382978724,0.425531914893617,60.58936170212766,Marketing,Mid,Time Management
3362,21,5.428571428571429,8,7.285714285714286,80.14285714285714,0.38095238095238093,51.01428571428572,Marketing,Mid,Communication Skills
3363,27,4.666666666666667,12,7.666666666666667,76.66666666666667,0.4444444444444444,50.46666666666667,Marketing,Mid,Time Management
3364,36,5.25,23,7.694444444444445,83.38888888888889,0.6388888888888888,50.25,Marketing,Mid,Time Management
3365,49,4.836734693877551,20,7.551020408163265,81.40816326530613,0.40816326530612246,61.77755102040817,IT,Mid,Time Management
3366,40,5.0,13,7.6,79.05,0.325,59.965,IT,Mid,Communication Skills
3367,22,4.909090909090909,9,7.5,83.22727272727273,0.4090909090909091,51.49545454545455,Operations,Mid,Time Management
3368,21,4.476190476190476,8,7.857142857142857,78.85714285714286,0.38095238095238093,50.62857142857143,IT,Mid,Communication Skills
3369,46,3.869565217391304,15,7.195652173913044,78.5,0.32608695652173914,62.16739130434783,Finance,Mid,Communication Skills
3370,38,5.2631578947368425,15,7.342105263157895,79.23684210526316,0.39473684210526316,57.12894736842105,Operations,Mid,Communication Skills
3371,28,3.7857142857142856,13,7.285714285714286,80.35714285714286,0.4642857142857143,51.37857142857143,Marketing,Mid,Time Management
3372,50,5.2,25,7.58,84.78,0.5,60.434,IT,Mid,Time Management
3373,37,5.54054054054054,18,7.27027027027027,81.21621621621621,0.4864864864864865,54.57027027027027,Finance,Mid,Time Management
3374,36,4.611111111111111,14,7.5,82.16666666666667,0.3888888888888889,57.38333333333334,Operations,Mid,Communication Skills
3375,36,5.416666666666667,19,7.305555555555555,77.72222222222223,0.5277777777777778,51.88333333333333,IT,Mid,Time Management
3376,39,5.641025641025641,18,7.512820512820513,78.25641025641026,0.46153846153846156,55.23076923076923,HR,Mid,Time Management
3377,43,4.953488372093023,21,7.558139534883721,79.0,0.4883720930232558,56.24883720930232,Marketing,Mid,Time Management
3378,49,5.448979591836735,26,7.489795918367347,81.28571428571429,0.5306122448979592,58.067346938775515,Finance,Mid,Time Management
3379,27,5.2592592592592595,13,7.814814814814815,83.55555555555556,0.48148148148148145,51.422222222222224,Marketing,Mid,Time Management
3380,22,4.7272727272727275,8,7.590909090909091,80.0909090909091,0.36363636363636365,51.91818181818182,HR,Mid,Communication Skills
3381,46,5.043478260869565,21,7.760869565217392,80.73913043478261,0.45652173913043476,58.92608695652174,Finance,Mid,Time Management
3382,35,4.914285714285715,16,7.457142857142857,80.11428571428571,0.45714285714285713,54.32,IT,Mid,Time Management
3383,37,4.891891891891892,16,7.324324324324325,82.45945945945945,0.43243243243243246,56.56486486486486,IT,Mid,Time Management
3384,25,5.52,14,7.44,82.44,0.56,47.932,Finance,Mid,Time Management
3385,43,5.395348837209302,21,7.6976744186046515,78.23255813953489,0.4883720930232558,56.01860465116279,Finance,Mid,Time Management
3386,30,4.833333333333333,12,7.5,80.7,0.4,54.21,Marketing,Mid,Communication Skills
3387,45,4.222222222222222,17,7.466666666666667,81.82222222222222,0.37777777777777777,61.21333333333334,HR,Mid,Communication Skills
3388,29,5.275862068965517,14,7.241379310344827,82.58620689655173,0.4827586206896552,51.893103448275866,HR,Mid,Time Management
3389,40,5.475,16,7.375,79.9,0.4,57.97,Marketing,Mid,Communication Skills
3390,21,3.619047619047619,7,7.619047619047619,76.61904761904762,0.3333333333333333,51.385714285714286,HR,Mid,Communication Skills
3391,46,5.8478260869565215,26,7.5,77.80434782608695,0.5652173913043478,54.78478260869565,IT,Mid,Time Management
3392,34,4.9411764705882355,9,7.588235294117647,81.32352941176471,0.2647058823529412,60.05588235294118,Finance,Mid,Communication Skills
3393,28,4.428571428571429,8,7.571428571428571,85.25,0.2857142857142857,58.203571428571436,Operations,Mid,Communication Skills
3394,23,5.3478260869565215,14,7.608695652173913,77.73913043478261,0.6086956521739131,44.26086956521739,Operations,Mid,Time Management
3395,29,5.448275862068965,11,7.758620689655173,79.58620689655173,0.3793103448275862,54.09655172413793,HR,Mid,Communication Skills
3396,27,5.074074074074074,12,7.222222222222222,86.03703703703704,0.4444444444444444,53.27777777777778,Marketing,Mid,Time Management
3397,31,4.645161290322581,14,7.290322580645161,82.45161290322581,0.45161290322580644,53.58709677419355,Operations,Mid,Time Management
3398,26,6.384615384615385,18,7.730769230769231,74.53846153846153,0.6923076923076923,41.99230769230769,Marketing,Mid,Time Management
3399,20,4.8,9,7.9,78.55,0.45,48.065,Finance,Mid,Time Management
3400,20,5.8,9,7.5,78.15,0.45,47.945,Finance,Mid,Time Management
3401,41,5.7073170731707314,21,7.2682926829268295,79.3170731707317,0.5121951219512195,54.829268292682926,Operations,Mid,Time Management
3402,32,5.0,15,7.90625,75.5625,0.46875,51.40625,HR,Mid,Time Management
3403,33,4.333333333333333,12,7.696969696969697,82.06060606060606,0.36363636363636365,56.90909090909091,HR,Mid,Communication Skills
3404,34,4.970588235294118,17,7.705882352941177,78.97058823529412,0.5,52.29117647058824,Marketing,Mid,Time Management
3405,36,4.694444444444445,14,7.972222222222222,80.69444444444444,0.3888888888888889,56.94166666666666,IT,Mid,Communication Skills
3406,44,4.75,15,7.5,76.93181818181819,0.3409090909090909,60.45227272727273,Operations,Mid,Communication Skills
3407,31,5.612903225806452,17,7.451612903225806,83.93548387096774,0.5483870967741935,51.12903225806452,Finance,Mid,Time Management
3408,29,4.931034482758621,17,7.241379310344827,78.93103448275862,0.5862068965517241,47.69310344827586,HR,Mid,Time Management
3409,29,4.275862068965517,10,7.275862068965517,80.06896551724138,0.3448275862068966,55.27586206896552,HR,Mid,Communication Skills
3410,28,6.0,20,7.571428571428571,81.14285714285714,0.7142857142857143,44.114285714285714,HR,Mid,Time Management
3411,46,4.717391304347826,21,7.369565217391305,77.91304347826087,0.45652173913043476,58.07826086956522,Finance,Mid,Time Management
3412,37,5.162162162162162,17,7.513513513513513,79.1891891891892,0.4594594594594595,54.77297297297298,Finance,Mid,Time Management
3413,40,5.175,13,7.825,78.85,0.325,59.905,HR,Mid,Communication Skills
3414,31,4.516129032258065,13,7.483870967741935,79.45161290322581,0.41935483870967744,53.65483870967742,IT,Mid,Time Management
3415,46,4.891304347826087,19,7.695652173913044,81.80434782608695,0.41304347826086957,60.55,Finance,Mid,Time Management
3416,44,5.0,18,7.409090909090909,80.25,0.4090909090909091,59.40227272727273,HR,Mid,Time Management
3417,46,5.695652173913044,22,7.6521739130434785,79.6304347826087,0.4782608695652174,57.94130434782609,Finance,Mid,Time Management
3418,26,4.923076923076923,9,7.5,78.53846153846153,0.34615384615384615,53.57692307692308,HR,Mid,Communication Skills
3419,38,5.0,20,7.315789473684211,80.42105263157895,0.5263157894736842,53.53684210526316,IT,Mid,Time Management
3420,46,4.760869565217392,20,7.5,81.17391304347827,0.43478260869565216,59.70869565217392,Marketing,Mid,Time Management
3421,31,5.774193548387097,12,7.387096774193548,80.0,0.3870967741935484,54.78709677419355,IT,Mid,Communication Skills
3422,20,5.05,12,7.8,78.15,0.6,43.445,IT,Mid,Time Management
3423,44,4.75,18,7.613636363636363,80.56818181818181,0.4090909090909091,59.497727272727275,HR,Mid,Time Management
3424,24,4.583333333333333,9,7.458333333333333,76.33333333333333,0.375,51.25,Finance,Mid,Communication Skills
3425,41,4.414634146341464,17,7.7073170731707314,80.8780487804878,0.4146341463414634,58.22439024390245,Finance,Mid,Time Management
3426,48,5.208333333333333,24,7.3125,80.75,0.5,58.425,HR,Mid,Time Management
3427,35,5.085714285714285,14,7.314285714285714,81.0,0.4,56.3,Finance,Mid,Communication Skills
3428,41,5.658536585365853,22,7.512195121951219,83.48780487804878,0.5365853658536586,55.34878048780487,IT,Mid,Time Management
3429,20,4.85,9,7.55,73.4,0.45,46.519999999999996,Finance,Mid,Time Management
3430,43,5.372093023255814,23,7.534883720930233,76.86046511627907,0.5348837209302325,54.211627906976744,HR,Mid,Time Management
3431,34,5.029411764705882,11,7.088235294117647,79.67647058823529,0.3235294117647059,57.79705882352941,Marketing,Mid,Communication Skills
3432,22,5.0,9,7.181818181818182,78.5909090909091,0.4090909090909091,50.10454545454546,Finance,Mid,Time Management
3433,22,4.454545454545454,10,8.227272727272727,84.27272727272727,0.45454545454545453,50.44545454545454,Finance,Mid,Time Management
3434,48,5.229166666666667,23,7.708333333333333,82.27083333333333,0.4791666666666667,59.50625,Finance,Mid,Time Management
3435,37,4.72972972972973,15,7.27027027027027,78.51351351351352,0.40540540540540543,56.191891891891885,IT,Mid,Time Management
3436,36,4.611111111111111,19,7.277777777777778,83.08333333333333,0.5277777777777778,53.49166666666666,Operations,Mid,Time Management
3437,39,4.948717948717949,17,7.615384615384615,79.97435897435898,0.4358974358974359,56.51538461538462,Marketing,Mid,Time Management
3438,37,5.216216216216216,18,7.405405405405405,80.94594594594595,0.4864864864864865,54.48918918918919,Finance,Mid,Time Management
3439,35,5.257142857142857,19,7.742857142857143,81.25714285714285,0.5428571428571428,52.091428571428565,HR,Mid,Time Management
3440,48,4.895833333333333,26,7.5,80.1875,0.5416666666666666,57.00625,Marketing,Mid,Time Management
3441,48,5.208333333333333,23,7.645833333333333,80.10416666666667,0.4791666666666667,58.85625,Finance,Mid,Time Management
3442,45,5.088888888888889,22,7.555555555555555,81.26666666666667,0.4888888888888889,57.713333333333324,IT,Mid,Time Management
3443,48,5.083333333333333,22,7.583333333333333,77.39583333333333,0.4583333333333333,58.66875,Marketing,Mid,Time Management
3444,26,4.846153846153846,9,7.576923076923077,80.1923076923077,0.34615384615384615,54.073076923076925,IT,Mid,Communication Skills
3445,29,6.0344827586206895,14,7.758620689655173,78.03448275862068,0.4827586206896552,50.527586206896544,IT,Mid,Time Management
3446,20,5.6,12,7.45,77.6,0.6,43.28,Marketing,Mid,Time Management
3447,25,5.12,10,7.68,77.24,0.4,51.172,IT,Mid,Communication Skills
3448,24,4.041666666666667,8,7.083333333333333,82.95833333333333,0.3333333333333333,54.487500000000004,Marketing,Mid,Communication Skills
3449,30,5.166666666666667,16,7.633333333333334,80.63333333333334,0.5333333333333333,50.19,Finance,Mid,Time Management
3450,32,5.21875,13,7.96875,80.5,0.40625,54.7625,HR,Mid,Time Management
3451,29,4.413793103448276,9,7.344827586206897,81.51724137931035,0.3103448275862069,56.744827586206895,IT,Mid,Communication Skills
3452,37,5.135135135135135,16,7.837837837837838,79.1891891891892,0.43243243243243246,55.58378378378379,Marketing,Mid,Time Management
3453,22,5.590909090909091,11,7.2727272727272725,78.54545454545455,0.5,47.36363636363636,Finance,Mid,Time Management
3454,24,3.6666666666666665,6,7.333333333333333,83.125,0.25,57.0375,HR,Mid,Communication Skills
3455,22,5.363636363636363,13,7.7272727272727275,78.54545454545455,0.5909090909090909,44.63636363636363,Marketing,Mid,Time Management
3456,42,5.380952380952381,21,7.523809523809524,80.85714285714286,0.5,56.05714285714286,HR,Mid,Time Management
3457,29,5.241379310344827,13,7.517241379310345,75.27586206896552,0.4482758620689655,50.73448275862069,IT,Mid,Time Management
3458,50,5.4,22,7.82,79.44,0.44,60.63199999999999,HR,Mid,Time Management
3459,38,5.157894736842105,19,7.552631578947368,79.6842105263158,0.5,54.10526315789474,Finance,Mid,Time Management
3460,29,4.482758620689655,12,7.413793103448276,80.89655172413794,0.41379310344827586,53.45517241379311,Marketing,Mid,Time Management
3461,20,4.55,7,7.55,77.5,0.35,50.75,Marketing,Mid,Communication Skills
3462,37,4.135135135135135,15,7.378378378378378,79.21621621621621,0.40540540540540543,56.4027027027027,IT,Mid,Time Management
3463,36,5.25,18,7.777777777777778,78.44444444444444,0.5,52.93333333333333,HR,Mid,Time Management
3464,21,4.428571428571429,6,7.714285714285714,86.52380952380952,0.2857142857142857,55.785714285714285,IT,Mid,Communication Skills
3465,48,5.375,23,7.4375,83.02083333333333,0.4791666666666667,59.73125,Finance,Mid,Time Management
3466,42,4.761904761904762,17,7.4523809523809526,79.04761904761905,0.40476190476190477,58.371428571428574,Operations,Mid,Time Management
3467,49,4.959183673469388,24,7.979591836734694,79.6734693877551,0.4897959183673469,58.80816326530612,Finance,Mid,Time Management
3468,37,4.945945945945946,17,7.378378378378378,80.29729729729729,0.4594594594594595,55.105405405405406,Marketing,Mid,Time Management
3469,44,4.681818181818182,16,7.7727272727272725,81.36363636363636,0.36363636363636365,61.099999999999994,HR,Mid,Communication Skills
3470,50,4.8,22,7.62,81.52,0.44,61.256,HR,Mid,Time Management
3471,48,5.0625,18,7.479166666666667,82.6875,0.375,62.75625,Marketing,Mid,Communication Skills
3472,30,5.0,15,7.633333333333334,82.16666666666667,0.5,51.650000000000006,Operations,Mid,Time Management
3473,20,5.5,10,7.45,82.3,0.5,47.69,IT,Mid,Time Management
3474,46,5.239130434782608,21,7.413043478260869,79.69565217391305,0.45652173913043476,58.61304347826088,HR,Mid,Time Management
3475,43,5.209302325581396,19,7.465116279069767,79.90697674418605,0.4418604651162791,57.91627906976745,IT,Mid,Time Management
3476,35,4.685714285714286,14,7.057142857142857,79.88571428571429,0.4,55.965714285714284,IT,Mid,Communication Skills
3477,24,5.375,7,7.458333333333333,78.04166666666667,0.2916666666666667,54.2625,Finance,Mid,Communication Skills
3478,33,5.545454545454546,20,7.575757575757576,79.78787878787878,0.6060606060606061,48.95454545454545,Finance,Mid,Time Management
3479,23,5.130434782608695,6,7.695652173913044,79.8695652173913,0.2608695652173913,55.33478260869565,Marketing,Mid,Communication Skills
3480,22,5.818181818181818,11,6.954545454545454,77.9090909090909,0.5,47.17272727272727,IT,Mid,Time Management
3481,35,5.8,21,7.314285714285714,80.05714285714286,0.6,50.01714285714286,IT,Mid,Time Management
3482,47,4.404255319148936,21,7.702127659574468,78.87234042553192,0.44680851063829785,59.05744680851064,HR,Mid,Time Management
3483,29,5.482758620689655,20,7.689655172413793,78.51724137931035,0.6896551724137931,44.46551724137932,Marketing,Mid,Time Management
3484,27,5.444444444444445,14,7.592592592592593,74.81481481481481,0.5185185185185185,47.68888888888889,IT,Mid,Time Management
3485,49,4.244897959183674,17,7.469387755102041,78.77551020408163,0.3469387755102041,62.82448979591837,Marketing,Mid,Communication Skills
3486,47,4.404255319148936,21,7.382978723404255,79.23404255319149,0.44680851063829785,59.16595744680851,Finance,Mid,Time Management
3487,36,5.222222222222222,14,7.472222222222222,81.33333333333333,0.3888888888888889,57.13333333333333,Marketing,Mid,Communication Skills
3488,42,4.404761904761905,13,7.476190476190476,76.23809523809524,0.30952380952380953,60.385714285714286,Marketing,Mid,Communication Skills
3489,44,4.659090909090909,25,7.386363636363637,78.61363636363636,0.5681818181818182,54.138636363636365,HR,Mid,Time Management
3490,39,5.435897435897436,18,7.641025641025641,80.35897435897436,0.46153846153846156,55.86153846153846,IT,Mid,Time Management
3491,28,5.285714285714286,14,7.785714285714286,80.28571428571429,0.5,50.28571428571429,Finance,Mid,Time Management
3492,36,4.666666666666667,18,7.444444444444445,79.55555555555556,0.5,53.266666666666666,Operations,Mid,Time Management
3493,36,4.638888888888889,12,7.611111111111111,80.91666666666667,0.3333333333333333,58.67500000000001,Finance,Mid,Communication Skills
3494,37,4.891891891891892,17,7.783783783783784,80.45945945945945,0.4594594594594595,55.15405405405406,Operations,Mid,Time Management
3495,42,5.595238095238095,20,7.380952380952381,81.0,0.47619047619047616,56.81428571428572,Finance,Mid,Time Management
3496,50,5.42,28,7.5,81.42,0.56,57.626000000000005,Finance,Mid,Time Management
3497,47,5.127659574468085,22,7.74468085106383,78.8936170212766,0.46808510638297873,58.42553191489361,HR,Mid,Time Management
3498,42,4.642857142857143,21,7.785714285714286,78.54761904761905,0.5,55.364285714285714,HR,Mid,Time Management
3499,30,4.466666666666667,13,7.6,80.13333333333334,0.43333333333333335,53.040000000000006,Marketing,Mid,Time Management
3500,36,5.416666666666667,18,7.5,76.77777777777777,0.5,52.43333333333333,Finance,Mid,Time Management
3501,45,5.488888888888889,26,7.4222222222222225,80.5111111111111,0.5777777777777777,54.82,Operations,Mid,Time Management
3502,40,4.775,16,7.4,79.45,0.4,57.835,Operations,Mid,Communication Skills
3503,21,4.333333333333333,6,7.761904761904762,79.0952380952381,0.2857142857142857,53.557142857142864,HR,Mid,Communication Skills
3504,44,5.681818181818182,22,7.318181818181818,79.72727272727273,0.5,56.518181818181816,HR,Mid,Time Management
3505,42,5.523809523809524,22,7.523809523809524,78.80952380952381,0.5238095238095238,54.72857142857143,IT,Mid,Time Management
3506,47,4.76595744680851,20,7.74468085106383,78.61702127659575,0.425531914893617,59.61914893617022,Operations,Mid,Time Management
3507,45,5.288888888888889,24,7.555555555555555,81.2,0.5333333333333333,56.36,Operations,Mid,Time Management
3508,42,5.428571428571429,21,7.857142857142857,79.76190476190476,0.5,55.72857142857143,Marketing,Mid,Time Management
3509,38,5.921052631578948,23,7.578947368421052,79.8157894736842,0.6052631578947368,50.98684210526316,IT,Mid,Time Management
3510,45,5.444444444444445,28,7.533333333333333,77.66666666666667,0.6222222222222222,52.63333333333333,HR,Mid,Time Management
3511,22,5.590909090909091,12,7.2272727272727275,79.72727272727273,0.5454545454545454,46.35454545454546,Marketing,Mid,Time Management
3512,28,5.535714285714286,13,7.5,78.85714285714286,0.4642857142857143,50.92857142857143,Marketing,Mid,Time Management
3513,32,5.59375,15,7.40625,77.90625,0.46875,52.109375,HR,Mid,Time Management
3514,43,4.744186046511628,16,7.767441860465116,80.44186046511628,0.37209302325581395,60.16976744186046,HR,Mid,Communication Skills
3515,20,4.95,5,7.7,71.9,0.25,52.07,HR,Mid,Communication Skills
3516,33,4.818181818181818,12,7.303030303030303,81.27272727272727,0.36363636363636365,56.67272727272727,Operations,Mid,Communication Skills
3517,30,5.166666666666667,12,7.9,78.16666666666667,0.4,53.45,Operations,Mid,Communication Skills
3518,29,5.0,12,7.413793103448276,79.24137931034483,0.41379310344827586,52.95862068965518,Operations,Mid,Time Management
3519,46,5.217391304347826,22,7.434782608695652,80.91304347826087,0.4782608695652174,58.32608695652175,Finance,Mid,Time Management
3520,39,4.743589743589744,21,7.358974358974359,79.76923076923077,0.5384615384615384,53.37692307692308,Finance,Mid,Time Management
3521,23,6.217391304347826,12,7.391304347826087,81.21739130434783,0.5217391304347826,47.913043478260875,Operations,Mid,Time Management
3522,43,5.209302325581396,20,7.465116279069767,81.81395348837209,0.46511627906976744,57.79069767441861,Marketing,Mid,Time Management
3523,49,5.346938775510204,25,7.510204081632653,80.04081632653062,0.5102040816326531,58.30612244897959,Operations,Mid,Time Management
3524,28,5.535714285714286,14,7.678571428571429,81.10714285714286,0.5,50.53214285714286,Finance,Mid,Time Management
3525,46,4.869565217391305,15,7.6521739130434785,81.43478260869566,0.32608695652173914,63.04782608695652,Marketing,Mid,Communication Skills
3526,22,4.136363636363637,8,7.181818181818182,83.45454545454545,0.36363636363636365,52.92727272727272,HR,Mid,Communication Skills
3527,38,5.2105263157894735,18,7.7368421052631575,80.60526315789474,0.47368421052631576,55.17105263157895,Marketing,Mid,Time Management
3528,45,4.644444444444445,17,7.5777777777777775,81.35555555555555,0.37777777777777777,61.07333333333334,Operations,Mid,Communication Skills
3529,50,5.16,24,7.76,80.32,0.48,59.696,HR,Mid,Time Management
3530,33,5.7272727272727275,16,7.454545454545454,80.60606060606061,0.48484848484848486,52.83636363636364,Marketing,Mid,Time Management
3531,30,4.966666666666667,15,8.066666666666666,79.53333333333333,0.5,50.86,Marketing,Mid,Time Management
3532,41,5.609756097560975,25,7.682926829268292,79.58536585365853,0.6097560975609756,51.982926829268294,Finance,Mid,Time Management
3533,22,5.590909090909091,14,7.636363636363637,80.27272727272727,0.6363636363636364,43.79090909090909,Operations,Mid,Time Management
3534,32,4.53125,16,7.21875,82.125,0.5,52.4375,HR,Mid,Time Management
3535,30,4.833333333333333,14,7.433333333333334,79.1,0.4666666666666667,51.73,IT,Mid,Time Management
3536,47,4.595744680851064,17,7.382978723404255,81.02127659574468,0.3617021276595745,62.25531914893617,Finance,Mid,Communication Skills
3537,41,4.878048780487805,21,7.2926829268292686,78.02439024390245,0.5121951219512195,54.44146341463415,Marketing,Mid,Time Management
3538,28,5.214285714285714,11,7.714285714285714,77.42857142857143,0.39285714285714285,52.642857142857146,HR,Mid,Communication Skills
3539,47,4.553191489361702,21,7.297872340425532,79.08510638297872,0.44680851063829785,59.12127659574468,HR,Mid,Time Management
3540,40,5.75,21,7.375,82.9,0.525,55.120000000000005,HR,Mid,Time Management
3541,42,5.214285714285714,20,7.523809523809524,81.23809523809524,0.47619047619047616,56.885714285714286,Operations,Mid,Time Management
3542,46,4.8478260869565215,22,7.521739130434782,80.1086956521739,0.4782608695652174,58.084782608695654,Operations,Mid,Time Management
3543,34,4.705882352941177,10,7.323529411764706,80.82352941176471,0.29411764705882354,59.02352941176471,Operations,Mid,Communication Skills
3544,21,4.761904761904762,9,7.714285714285714,77.28571428571429,0.42857142857142855,48.72857142857143,HR,Mid,Time Management
3545,30,5.5,12,7.666666666666667,80.1,0.4,54.03,HR,Mid,Communication Skills
3546,24,5.333333333333333,10,7.458333333333333,81.375,0.4166666666666667,51.512499999999996,HR,Mid,Time Management
3547,50,4.44,21,7.34,80.1,0.42,61.43000000000001,Finance,Mid,Time Management
3548,23,4.608695652173913,9,7.826086956521739,77.3913043478261,0.391304347826087,50.67826086956522,Operations,Mid,Communication Skills
3549,42,4.761904761904762,21,7.190476190476191,80.9047619047619,0.5,56.07142857142857,Finance,Mid,Time Management
3550,39,5.051282051282051,12,7.410256410256411,79.2051282051282,0.3076923076923077,60.13076923076923,Marketing,Mid,Communication Skills
3551,35,5.0,15,7.771428571428571,79.8,0.42857142857142855,55.08285714285714,IT,Mid,Time Management
3552,34,5.5,15,7.9411764705882355,80.76470588235294,0.4411764705882353,54.59411764705882,Finance,Mid,Time Management
3553,45,4.911111111111111,20,7.466666666666667,79.24444444444444,0.4444444444444444,58.44,HR,Mid,Time Management
3554,39,4.230769230769231,16,7.487179487179487,81.53846153846153,0.41025641025641024,57.753846153846155,Finance,Mid,Time Management
3555,39,4.615384615384615,17,7.769230769230769,77.05128205128206,0.4358974358974359,55.63846153846154,Marketing,Mid,Time Management
3556,20,4.75,8,7.7,81.15,0.4,50.345,HR,Mid,Communication Skills
3557,31,5.225806451612903,15,7.870967741935484,79.54838709677419,0.4838709677419355,51.748387096774195,IT,Mid,Time Management
3558,48,5.1875,20,7.395833333333333,81.08333333333333,0.4166666666666667,61.025000000000006,Marketing,Mid,Time Management
3559,45,5.4222222222222225,21,7.2444444444444445,77.68888888888888,0.4666666666666667,57.306666666666665,Marketing,Mid,Time Management
3560,42,4.619047619047619,20,7.714285714285714,80.5952380952381,0.47619047619047616,56.69285714285715,Finance,Mid,Time Management
3561,20,5.35,9,7.8,79.35,0.45,48.30499999999999,IT,Mid,Time Management
3562,25,4.44,8,7.48,83.64,0.32,55.492,IT,Mid,Communication Skills
3563,40,5.325,20,7.425,78.8,0.5,54.64,Finance,Mid,Time Management
3564,38,5.2368421052631575,21,7.631578947368421,79.5,0.5526315789473685,52.47105263157894,Finance,Mid,Time Management
3565,20,5.05,9,7.65,83.25,0.45,49.474999999999994,Operations,Mid,Time Management
3566,40,5.6,24,7.175,76.325,0.6,50.8975,Finance,Mid,Time Management
3567,22,5.409090909090909,12,7.318181818181818,78.5,0.5454545454545454,45.986363636363635,Operations,Mid,Time Management
3568,31,4.903225806451613,13,7.838709677419355,81.3225806451613,0.41935483870967744,54.21612903225807,Operations,Mid,Time Management
3569,23,4.913043478260869,10,7.3478260869565215,78.0,0.43478260869565216,49.55652173913044,Operations,Mid,Time Management
3570,42,5.523809523809524,21,7.238095238095238,77.69047619047619,0.5,55.10714285714286,HR,Mid,Time Management
3571,39,5.128205128205129,15,7.538461538461538,78.76923076923077,0.38461538461538464,57.69230769230769,Finance,Mid,Communication Skills
3572,50,5.3,26,7.52,80.42,0.52,58.525999999999996,HR,Mid,Time Management
3573,32,5.3125,14,7.5625,79.5,0.4375,53.525,Finance,Mid,Time Management
3574,39,5.076923076923077,14,7.666666666666667,79.41025641025641,0.358974358974359,58.65384615384616,Operations,Mid,Communication Skills
3575,41,4.853658536585366,18,7.512195121951219,81.34146341463415,0.43902439024390244,57.63170731707318,Marketing,Mid,Time Management
3576,28,5.25,12,7.321428571428571,80.92857142857143,0.42857142857142855,52.62142857142857,Operations,Mid,Time Management
3577,25,4.52,10,7.44,79.08,0.4,51.724000000000004,IT,Mid,Communication Skills
3578,26,5.115384615384615,14,8.038461538461538,78.03846153846153,0.5384615384615384,47.6576923076923,HR,Mid,Time Management
3579,35,5.371428571428571,16,7.6571428571428575,80.85714285714286,0.45714285714285713,54.542857142857144,Marketing,Mid,Time Management
3580,30,5.133333333333334,12,7.366666666666666,78.76666666666667,0.4,53.629999999999995,Marketing,Mid,Communication Skills
3581,42,5.190476190476191,21,7.928571428571429,77.38095238095238,0.5,55.01428571428571,Marketing,Mid,Time Management
3582,44,5.0,21,7.409090909090909,81.18181818181819,0.4772727272727273,57.63636363636364,Operations,Mid,Time Management
3583,22,4.090909090909091,8,7.090909090909091,80.63636363636364,0.36363636363636365,52.08181818181818,Marketing,Mid,Communication Skills
3584,21,4.904761904761905,11,7.428571428571429,81.04761904761905,0.5238095238095238,47.0,IT,Mid,Time Management
3585,44,5.045454545454546,18,7.2272727272727275,81.27272727272727,0.4090909090909091,59.709090909090904,HR,Mid,Time Management
3586,42,4.904761904761905,15,7.690476190476191,80.61904761904762,0.35714285714285715,60.27142857142857,Operations,Mid,Communication Skills
3587,26,5.538461538461538,13,7.538461538461538,80.07692307692308,0.5,49.42307692307692,Marketing,Mid,Time Management
3588,28,4.892857142857143,15,7.392857142857143,83.39285714285714,0.5357142857142857,50.14642857142857,HR,Mid,Time Management
3589,29,5.517241379310345,13,7.758620689655173,79.82758620689656,0.4482758620689655,52.1,Marketing,Mid,Time Management
3590,26,5.038461538461538,10,7.653846153846154,76.11538461538461,0.38461538461538464,51.69615384615385,HR,Mid,Communication Skills
3591,49,5.0,21,7.612244897959184,80.40816326530613,0.42857142857142855,60.865306122448985,Marketing,Mid,Time Management
3592,29,5.172413793103448,12,7.517241379310345,82.48275862068965,0.41379310344827586,53.93103448275862,HR,Mid,Time Management
3593,20,4.6,11,7.45,82.5,0.55,46.25,Finance,Mid,Time Management
3594,39,4.641025641025641,14,7.3076923076923075,84.28205128205128,0.358974358974359,60.11538461538462,Marketing,Mid,Communication Skills
3595,46,5.391304347826087,24,7.391304347826087,80.08695652173913,0.5217391304347826,56.77391304347826,Operations,Mid,Time Management
3596,26,4.769230769230769,10,7.6923076923076925,80.73076923076923,0.38461538461538464,53.080769230769235,Operations,Mid,Communication Skills
3597,22,4.5,4,7.954545454545454,81.95454545454545,0.18181818181818182,57.93181818181818,Finance,Mid,Communication Skills
3598,42,4.666666666666667,15,7.523809523809524,77.71428571428571,0.35714285714285715,59.400000000000006,IT,Mid,Communication Skills
3599,28,5.035714285714286,11,7.357142857142857,81.14285714285714,0.39285714285714285,53.75714285714286,IT,Mid,Communication Skills
3600,36,5.416666666666667,18,7.333333333333333,78.88888888888889,0.5,53.06666666666666,Operations,Mid,Time Management
3601,31,4.935483870967742,16,7.548387096774194,82.38709677419355,0.5161290322580645,51.63225806451612,IT,Mid,Time Management
3602,22,6.090909090909091,12,7.590909090909091,80.86363636363636,0.5454545454545454,46.695454545454545,Finance,Mid,Time Management
3603,38,4.7894736842105265,14,7.552631578947368,81.36842105263158,0.3684210526315789,58.5578947368421,IT,Mid,Communication Skills
3604,29,4.896551724137931,12,7.758620689655173,81.06896551724138,0.41379310344827586,53.50689655172414,Finance,Mid,Time Management
3605,39,4.897435897435898,16,7.256410256410256,81.92307692307692,0.41025641025641024,57.86923076923077,Operations,Mid,Time Management
3606,28,3.9642857142857144,9,7.428571428571429,82.03571428571429,0.32142857142857145,56.167857142857144,Marketing,Mid,Communication Skills
3607,49,4.8979591836734695,22,7.551020408163265,82.71428571428571,0.4489795918367347,60.94489795918368,HR,Mid,Time Management
3608,27,4.814814814814815,14,7.888888888888889,77.07407407407408,0.5185185185185185,48.366666666666674,Operations,Mid,Time Management
3609,40,4.975,17,7.275,76.425,0.425,56.177499999999995,IT,Mid,Time Management
3610,38,5.5,22,7.2368421052631575,79.84210526315789,0.5789473684210527,51.78421052631579,Operations,Mid,Time Management
3611,41,4.585365853658536,15,7.682926829268292,75.53658536585365,0.36585365853658536,58.08536585365853,Finance,Mid,Communication Skills
3612,29,5.344827586206897,16,7.689655172413793,80.41379310344827,0.5517241379310345,49.172413793103445,Finance,Mid,Time Management
3613,30,5.566666666666666,14,7.333333333333333,81.46666666666667,0.4666666666666667,52.44,HR,Mid,Time Management
3614,40,4.625,16,7.375,79.225,0.4,57.7675,Finance,Mid,Communication Skills
3615,50,4.98,23,7.68,80.84,0.46,60.452,HR,Mid,Time Management
3616,32,5.34375,16,7.5,76.34375,0.5,50.703125,HR,Mid,Time Management
3617,38,5.2894736842105265,22,7.631578947368421,79.89473684210526,0.5789473684210527,51.8,Finance,Mid,Time Management
3618,30,5.3,17,7.933333333333334,77.93333333333334,0.5666666666666667,48.379999999999995,Finance,Mid,Time Management
3619,35,4.6,18,7.142857142857143,78.28571428571429,0.5142857142857142,52.057142857142864,HR,Mid,Time Management
3620,42,4.9523809523809526,16,7.761904761904762,80.57142857142857,0.38095238095238093,59.542857142857144,IT,Mid,Communication Skills
3621,39,5.153846153846154,18,7.615384615384615,80.02564102564102,0.46153846153846156,55.761538461538464,IT,Mid,Time Management
3622,23,4.6521739130434785,9,7.478260869565218,76.1304347826087,0.391304347826087,50.300000000000004,Marketing,Mid,Communication Skills
3623,34,5.235294117647059,17,7.5,81.6470588235294,0.5,53.09411764705882,Marketing,Mid,Time Management
3624,38,4.7631578947368425,16,7.5,80.57894736842105,0.42105263157894735,56.742105263157896,HR,Mid,Time Management
3625,41,5.463414634146342,20,7.512195121951219,79.4390243902439,0.4878048780487805,55.59756097560976,IT,Mid,Time Management
3626,50,4.34,21,7.68,78.5,0.42,60.95,Operations,Mid,Time Management
3627,39,5.102564102564102,18,7.435897435897436,79.84615384615384,0.46153846153846156,55.707692307692305,Marketing,Mid,Time Management
3628,27,5.407407407407407,11,7.444444444444445,79.74074074074075,0.4074074074074074,52.5,HR,Mid,Time Management
3629,24,4.375,9,7.25,79.125,0.375,52.087500000000006,Operations,Mid,Communication Skills
3630,34,4.352941176470588,16,7.5588235294117645,76.8529411764706,0.47058823529411764,52.538235294117655,HR,Mid,Time Management
3631,32,5.09375,12,7.40625,81.21875,0.375,55.915625,HR,Mid,Communication Skills
3632,41,4.926829268292683,16,7.439024390243903,79.1219512195122,0.3902439024390244,58.429268292682934,Finance,Mid,Communication Skills
3633,47,4.361702127659575,16,7.212765957446808,76.63829787234043,0.3404255319148936,61.57872340425532,HR,Mid,Communication Skills
3634,33,4.545454545454546,14,7.484848484848484,81.21212121212122,0.42424242424242425,54.83636363636363,Operations,Mid,Time Management
3635,47,5.085106382978723,26,7.638297872340425,80.7872340425532,0.5531914893617021,56.4404255319149,Marketing,Mid,Time Management
3636,43,4.674418604651163,18,7.4186046511627906,78.53488372093024,0.4186046511627907,58.20232558139536,IT,Mid,Time Management
3637,20,5.85,12,7.5,77.6,0.6,43.28,Operations,Mid,Time Management
3638,24,4.583333333333333,5,7.666666666666667,77.08333333333333,0.20833333333333334,56.474999999999994,Finance,Mid,Communication Skills
3639,38,4.447368421052632,12,7.421052631578948,78.86842105263158,0.3157894736842105,59.386842105263156,HR,Mid,Communication Skills
3640,50,5.14,25,7.22,80.44,0.5,59.132,IT,Mid,Time Management
3641,23,4.6521739130434785,13,7.739130434782608,79.04347826086956,0.5652173913043478,45.95652173913044,HR,Mid,Time Management
3642,28,5.142857142857143,13,7.642857142857143,80.17857142857143,0.4642857142857143,51.325,Marketing,Mid,Time Management
3643,42,4.619047619047619,19,7.523809523809524,81.19047619047619,0.4523809523809524,57.58571428571429,Finance,Mid,Time Management
3644,41,5.341463414634147,18,7.121951219512195,78.92682926829268,0.43902439024390244,56.90731707317073,IT,Mid,Time Management
3645,28,4.357142857142857,9,7.5,83.10714285714286,0.32142857142857145,56.489285714285714,IT,Mid,Communication Skills
3646,23,5.826086956521739,13,7.521739130434782,84.78260869565217,0.5652173913043478,47.67826086956522,IT,Mid,Time Management
3647,42,4.380952380952381,15,7.476190476190476,80.26190476190476,0.35714285714285715,60.16428571428571,Finance,Mid,Communication Skills
3648,43,5.651162790697675,25,7.325581395348837,80.72093023255815,0.5813953488372093,53.97441860465116,HR,Mid,Time Management
3649,25,4.64,10,7.68,79.32,0.4,51.79599999999999,IT,Mid,Communication Skills
3650,20,3.9,5,7.65,78.4,0.25,54.019999999999996,Operations,Mid,Communication Skills
3651,23,5.478260869565218,12,7.217391304347826,78.04347826086956,0.5217391304347826,46.96086956521739,HR,Mid,Time Management
3652,32,4.5625,16,7.375,78.78125,0.5,51.434375,Operations,Mid,Time Management
3653,34,4.735294117647059,15,7.5,79.58823529411765,0.4411764705882353,54.24117647058824,IT,Mid,Time Management
3654,45,5.311111111111111,18,7.6,80.4,0.4,60.120000000000005,HR,Mid,Communication Skills
3655,25,5.6,14,7.56,78.84,0.56,46.852000000000004,IT,Mid,Time Management
3656,30,5.466666666666667,12,7.8,80.13333333333334,0.4,54.040000000000006,Finance,Mid,Communication Skills
3657,37,5.783783783783784,22,7.675675675675675,80.97297297297297,0.5945945945945946,51.25405405405405,Marketing,Mid,Time Management
3658,25,4.84,12,7.44,79.44,0.48,49.432,Finance,Mid,Time Management
3659,50,5.74,21,7.8,79.38,0.42,61.214,IT,Mid,Time Management
3660,45,3.8666666666666667,20,7.688888888888889,82.15555555555555,0.4444444444444444,59.31333333333333,Marketing,Mid,Time Management
3661,31,4.870967741935484,14,7.741935483870968,79.80645161290323,0.45161290322580644,52.79354838709678,Marketing,Mid,Time Management
3662,35,5.428571428571429,22,7.228571428571429,83.08571428571429,0.6285714285714286,50.06857142857143,Finance,Mid,Time Management
3663,27,5.037037037037037,14,7.666666666666667,77.85185185185185,0.5185185185185185,48.6,HR,Mid,Time Management
3664,20,3.65,6,7.85,78.6,0.3,52.58,IT,Mid,Communication Skills
3665,43,4.488372093023256,19,7.372093023255814,78.69767441860465,0.4418604651162791,57.55348837209303,Finance,Mid,Time Management
3666,40,4.5,14,7.525,81.225,0.35,59.86749999999999,HR,Mid,Communication Skills
3667,33,4.393939393939394,19,7.666666666666667,80.72727272727273,0.5757575757575758,50.14545454545455,HR,Mid,Time Management
3668,41,5.195121951219512,16,7.439024390243903,82.63414634146342,0.3902439024390244,59.482926829268294,HR,Mid,Communication Skills
3669,36,5.111111111111111,20,7.416666666666667,79.44444444444444,0.5555555555555556,51.56666666666666,Finance,Mid,Time Management
3670,36,5.361111111111111,21,7.583333333333333,82.55555555555556,0.5833333333333334,51.666666666666664,Finance,Mid,Time Management
3671,24,4.25,6,7.083333333333333,84.04166666666667,0.25,57.3125,Finance,Mid,Communication Skills
3672,28,5.428571428571429,15,7.821428571428571,78.71428571428571,0.5357142857142857,48.74285714285714,Marketing,Mid,Time Management
3673,45,5.377777777777778,20,7.622222222222222,78.5111111111111,0.4444444444444444,58.22,HR,Mid,Time Management
3674,25,4.36,9,6.88,79.52,0.36,53.056,Marketing,Mid,Communication Skills
3675,22,4.863636363636363,11,7.090909090909091,82.72727272727273,0.5,48.618181818181824,Operations,Mid,Time Management
3676,32,4.84375,16,7.75,78.75,0.5,51.425,IT,Mid,Time Management
3677,40,4.2,14,7.45,79.75,0.35,59.425,Finance,Mid,Communication Skills
3678,33,4.909090909090909,10,7.636363636363637,79.6969696969697,0.30303030303030304,58.018181818181816,IT,Mid,Communication Skills
3679,29,5.103448275862069,11,7.379310344827586,82.3103448275862,0.3793103448275862,54.91379310344827,HR,Mid,Communication Skills
3680,26,5.0,8,7.538461538461538,83.07692307692308,0.3076923076923077,56.0923076923077,IT,Mid,Communication Skills
3681,30,5.066666666666666,10,7.3,78.76666666666667,0.3333333333333333,55.629999999999995,HR,Mid,Communication Skills
3682,37,5.378378378378378,18,7.648648648648648,78.1891891891892,0.4864864864864865,53.66216216216216,Finance,Mid,Time Management
3683,27,5.185185185185185,12,7.7407407407407405,83.74074074074075,0.4444444444444444,52.58888888888889,HR,Mid,Time Management
3684,31,4.612903225806452,14,7.580645161290323,78.58064516129032,0.45161290322580644,52.4258064516129,Marketing,Mid,Time Management
3685,49,5.020408163265306,22,7.63265306122449,81.71428571428571,0.4489795918367347,60.64489795918367,Finance,Mid,Time Management
3686,21,5.809523809523809,10,7.857142857142857,78.80952380952381,0.47619047619047616,47.75714285714285,IT,Mid,Time Management
3687,28,3.8214285714285716,9,7.392857142857143,80.85714285714286,0.32142857142857145,55.81428571428572,Operations,Mid,Communication Skills
3688,32,4.84375,14,7.71875,80.9375,0.4375,53.95625,Operations,Mid,Time Management
3689,32,5.46875,18,7.6875,77.125,0.5625,49.0625,Finance,Mid,Time Management
3690,20,5.45,9,7.7,81.45,0.45,48.935,Marketing,Mid,Time Management
3691,47,5.0638297872340425,20,7.446808510638298,81.59574468085107,0.425531914893617,60.51276595744681,Operations,Mid,Time Management
3692,36,4.638888888888889,17,7.055555555555555,80.41666666666667,0.4722222222222222,54.358333333333334,HR,Mid,Time Management
3693,43,4.627906976744186,16,7.674418604651163,78.65116279069767,0.37209302325581395,59.63255813953488,HR,Mid,Communication Skills
3694,21,4.714285714285714,9,7.666666666666667,78.38095238095238,0.42857142857142855,49.05714285714286,Marketing,Mid,Time Management
3695,20,5.2,9,7.15,84.65,0.45,49.894999999999996,IT,Mid,Time Management
3696,43,4.325581395348837,22,7.627906976744186,83.20930232558139,0.5116279069767442,56.81395348837209,Operations,Mid,Time Management
3697,47,5.170212765957447,16,7.276595744680851,78.76595744680851,0.3404255319148936,62.217021276595744,Marketing,Mid,Communication Skills
3698,46,4.673913043478261,20,7.760869565217392,81.19565217391305,0.43478260869565216,59.71521739130436,HR,Mid,Time Management
3699,40,4.825,21,7.65,81.775,0.525,54.7825,IT,Mid,Time Management
3700,45,5.2,22,7.688888888888889,83.0,0.4888888888888889,58.23333333333333,Marketing,Mid,Time Management
3701,48,5.291666666666667,28,7.333333333333333,79.22916666666667,0.5833333333333334,55.46875,IT,Mid,Time Management
3702,29,5.172413793103448,16,7.068965517241379,81.75862068965517,0.5517241379310345,49.57586206896552,HR,Mid,Time Management
3703,42,5.119047619047619,21,7.785714285714286,80.64285714285714,0.5,55.99285714285714,IT,Mid,Time Management
3704,37,5.405405405405405,17,7.378378378378378,77.86486486486487,0.4594594594594595,54.37567567567568,Marketing,Mid,Time Management
3705,38,4.2631578947368425,15,7.2631578947368425,83.65789473684211,0.39473684210526316,58.455263157894734,HR,Mid,Communication Skills
3706,30,4.7,13,7.533333333333333,79.33333333333333,0.43333333333333335,52.8,Operations,Mid,Time Management
3707,33,5.545454545454546,19,7.393939393939394,79.63636363636364,0.5757575757575758,49.81818181818182,IT,Mid,Time Management
3708,26,3.8846153846153846,7,7.423076923076923,77.84615384615384,0.2692307692307692,55.676923076923075,HR,Mid,Communication Skills
3709,28,4.678571428571429,14,7.392857142857143,82.85714285714286,0.5,51.057142857142864,Operations,Mid,Time Management
3710,27,4.333333333333333,14,7.703703703703703,82.70370370370371,0.5185185185185185,50.05555555555556,HR,Mid,Time Management
3711,20,5.1,11,7.4,82.75,0.55,46.325,IT,Mid,Time Management
3712,32,5.0625,16,7.71875,80.90625,0.5,52.071875,Finance,Mid,Time Management
3713,34,5.264705882352941,15,7.4411764705882355,78.41176470588235,0.4411764705882353,53.88823529411765,Finance,Mid,Time Management
3714,35,5.485714285714286,15,7.542857142857143,82.4,0.42857142857142855,55.862857142857145,Marketing,Mid,Time Management
3715,20,5.8,9,7.75,79.95,0.45,48.485,HR,Mid,Time Management
3716,22,5.136363636363637,11,7.590909090909091,80.13636363636364,0.5,47.84090909090909,HR,Mid,Time Management
3717,28,4.964285714285714,12,7.607142857142857,80.0,0.42857142857142855,52.34285714285714,Operations,Mid,Time Management
3718,50,4.78,20,7.62,81.32,0.4,62.396,Finance,Mid,Communication Skills
3719,35,4.4,16,7.571428571428571,80.97142857142858,0.45714285714285713,54.57714285714286,HR,Mid,Time Management
3720,24,4.583333333333333,11,7.458333333333333,77.5,0.4583333333333333,49.10000000000001,Marketing,Mid,Time Management
3721,26,4.769230769230769,10,7.461538461538462,80.38461538461539,0.38461538461538464,52.976923076923086,IT,Mid,Communication Skills
3722,26,5.576923076923077,15,7.346153846153846,78.92307692307692,0.5769230769230769,46.76923076923077,IT,Mid,Time Management
3723,25,4.92,13,7.6,76.84,0.52,47.452,HR,Mid,Time Management
3724,22,5.0,10,7.818181818181818,76.95454545454545,0.45454545454545453,48.25,Operations,Mid,Time Management
3725,39,4.538461538461538,14,7.333333333333333,80.94871794871794,0.358974358974359,59.11538461538461,Operations,Mid,Communication Skills
3726,29,4.724137931034483,10,7.586206896551724,79.37931034482759,0.3448275862068966,55.06896551724138,Finance,Mid,Communication Skills
3727,40,5.65,23,7.85,80.15,0.575,52.795,Finance,Mid,Time Management
3728,34,4.882352941176471,13,7.794117647058823,78.26470588235294,0.38235294117647056,55.608823529411765,Finance,Mid,Communication Skills
3729,26,4.961538461538462,10,7.3076923076923075,80.96153846153847,0.38461538461538464,53.150000000000006,IT,Mid,Communication Skills
3730,25,5.36,11,7.48,82.84,0.44,51.652,HR,Mid,Time Management
3731,24,4.583333333333333,13,7.25,78.83333333333333,0.5416666666666666,47.0,Marketing,Mid,Time Management
3732,47,4.914893617021277,22,7.787234042553192,76.80851063829788,0.46808510638297873,57.8,Finance,Mid,Time Management
3733,23,5.0,8,7.565217391304348,82.08695652173913,0.34782608695652173,53.39130434782608,IT,Mid,Communication Skills
3734,47,4.9787234042553195,21,7.51063829787234,79.85106382978724,0.44680851063829785,59.351063829787236,IT,Mid,Time Management
3735,35,5.114285714285714,16,7.428571428571429,83.74285714285715,0.45714285714285713,55.408571428571435,Finance,Mid,Time Management
3736,44,5.25,20,7.545454545454546,78.63636363636364,0.45454545454545453,57.55454545454546,Finance,Mid,Time Management
3737,50,5.12,29,7.22,79.26,0.58,56.378,Operations,Mid,Time Management
3738,48,4.729166666666667,17,7.520833333333333,77.9375,0.3541666666666667,61.95625,Marketing,Mid,Communication Skills
3739,23,4.826086956521739,8,7.478260869565218,78.73913043478261,0.34782608695652173,52.38695652173913,IT,Mid,Communication Skills
3740,34,5.323529411764706,19,7.147058823529412,82.61764705882354,0.5588235294117647,51.62058823529412,Operations,Mid,Time Management
3741,38,4.7105263157894735,11,7.315789473684211,79.84210526315789,0.2894736842105263,60.46842105263157,HR,Mid,Communication Skills
3742,40,4.9,17,7.775,78.825,0.425,56.8975,Operations,Mid,Time Management
3743,37,5.4324324324324325,17,7.405405405405405,82.21621621621621,0.4594594594594595,55.68108108108108,Operations,Mid,Time Management
3744,47,4.787234042553192,18,7.680851063829787,83.1063829787234,0.3829787234042553,62.242553191489364,Operations,Mid,Communication Skills
3745,26,5.115384615384615,12,7.346153846153846,81.0,0.46153846153846156,50.85384615384615,Operations,Mid,Time Management
3746,41,5.536585365853658,24,7.414634146341464,80.17073170731707,0.5853658536585366,52.890243902439025,IT,Mid,Time Management
3747,39,5.846153846153846,25,7.333333333333333,78.48717948717949,0.6410256410256411,49.91538461538461,IT,Mid,Time Management
3748,28,4.607142857142857,10,7.321428571428571,79.32142857142857,0.35714285714285715,54.28214285714286,Finance,Mid,Communication Skills
3749,36,5.0,13,7.111111111111111,82.16666666666667,0.3611111111111111,58.21666666666667,Marketing,Mid,Communication Skills
3750,39,5.461538461538462,15,7.512820512820513,77.46153846153847,0.38461538461538464,57.3,Operations,Mid,Communication Skills
3751,44,4.909090909090909,16,7.318181818181818,82.88636363636364,0.36363636363636365,61.55681818181818,Operations,Mid,Communication Skills
3752,43,4.488372093023256,14,7.4186046511627906,80.20930232558139,0.32558139534883723,61.4953488372093,Finance,Mid,Communication Skills
3753,40,4.95,18,7.45,78.575,0.45,56.072500000000005,HR,Mid,Time Management
3754,50,4.86,21,7.36,79.34,0.42,61.202000000000005,Finance,Mid,Time Management
3755,35,5.171428571428572,17,7.2,80.85714285714286,0.4857142857142857,53.68571428571428,Finance,Mid,Time Management
3756,24,5.833333333333333,12,7.625,76.91666666666667,0.5,47.675,IT,Mid,Time Management
3757,39,4.564102564102564,16,7.17948717948718,82.07692307692308,0.41025641025641024,57.91538461538462,Operations,Mid,Time Management
3758,30,5.066666666666666,11,7.533333333333333,80.73333333333333,0.36666666666666664,55.22,Operations,Mid,Communication Skills
3759,44,4.113636363636363,21,7.431818181818182,76.88636363636364,0.4772727272727273,56.34772727272727,Finance,Mid,Time Management
3760,22,6.136363636363637,12,7.2272727272727275,79.04545454545455,0.5454545454545454,46.150000000000006,IT,Mid,Time Management
3761,36,5.222222222222222,17,7.333333333333333,82.75,0.4722222222222222,55.05833333333334,Finance,Mid,Time Management
3762,30,5.5,13,7.433333333333334,80.26666666666667,0.43333333333333335,53.08,HR,Mid,Time Management
3763,45,4.911111111111111,21,7.2444444444444445,79.55555555555556,0.4666666666666667,57.86666666666667,IT,Mid,Time Management
3764,30,5.6,15,7.3,81.76666666666667,0.5,51.53,IT,Mid,Time Management
3765,47,5.0638297872340425,19,7.553191489361702,82.55319148936171,0.40425531914893614,61.43829787234043,Operations,Mid,Time Management
3766,48,5.229166666666667,23,7.354166666666667,79.70833333333333,0.4791666666666667,58.7375,Operations,Mid,Time Management
3767,35,4.714285714285714,17,7.171428571428572,80.91428571428571,0.4857142857142857,53.70285714285714,IT,Mid,Time Management
3768,47,5.0212765957446805,15,7.51063829787234,81.19148936170212,0.3191489361702128,63.58297872340426,HR,Mid,Communication Skills
3769,40,4.7,14,7.05,79.05,0.35,59.215,IT,Mid,Communication Skills
3770,31,5.032258064516129,13,7.419354838709677,78.87096774193549,0.41935483870967744,53.480645161290326,Operations,Mid,Time Management
3771,37,4.837837837837838,15,7.864864864864865,81.48648648648648,0.40540540540540543,57.08378378378378,HR,Mid,Time Management
3772,26,5.269230769230769,11,7.730769230769231,80.65384615384616,0.4230769230769231,51.90384615384615,Operations,Mid,Time Management
3773,35,5.0285714285714285,23,7.3428571428571425,79.54285714285714,0.6571428571428571,48.14857142857143,IT,Mid,Time Management
3774,25,4.96,9,7.72,77.4,0.36,52.42,Operations,Mid,Communication Skills
3775,33,5.363636363636363,10,7.333333333333333,81.63636363636364,0.30303030303030304,58.6,HR,Mid,Communication Skills
3776,27,5.888888888888889,12,7.777777777777778,80.18518518518519,0.4444444444444444,51.522222222222226,HR,Mid,Time Management
3777,34,5.176470588235294,16,7.588235294117647,80.58823529411765,0.47058823529411764,53.65882352941176,Marketing,Mid,Time Management
3778,34,5.529411764705882,20,7.764705882352941,77.44117647058823,0.5882352941176471,49.18529411764706,Marketing,Mid,Time Management
3779,22,5.863636363636363,8,7.7272727272727275,75.0909090909091,0.36363636363636365,50.41818181818182,Finance,Mid,Communication Skills
3780,37,3.945945945945946,12,7.216216216216216,81.72972972972973,0.32432432432432434,59.589189189189185,IT,Mid,Communication Skills
3781,27,4.814814814814815,11,7.333333333333333,80.37037037037037,0.4074074074074074,52.68888888888889,HR,Mid,Time Management
3782,50,4.6,17,7.6,79.42,0.34,63.626,HR,Mid,Communication Skills
3783,46,4.934782608695652,16,7.5,78.8913043478261,0.34782608695652173,61.63260869565218,Finance,Mid,Communication Skills
3784,26,5.6923076923076925,14,7.615384615384615,77.53846153846153,0.5384615384615384,47.50769230769231,Operations,Mid,Time Management
3785,46,4.956521739130435,22,7.630434782608695,84.15217391304348,0.4782608695652174,59.297826086956526,Finance,Mid,Time Management
3786,34,5.205882352941177,17,7.617647058823529,79.6470588235294,0.5,52.49411764705882,Operations,Mid,Time Management
3787,42,5.023809523809524,18,7.642857142857143,79.76190476190476,0.42857142857142855,57.87142857142857,Marketing,Mid,Time Management
3788,45,5.222222222222222,21,7.666666666666667,76.8,0.4666666666666667,57.04,Marketing,Mid,Time Management
3789,24,4.791666666666667,6,7.458333333333333,76.45833333333333,0.25,55.037499999999994,Finance,Mid,Communication Skills
3790,20,4.35,9,7.8,79.2,0.45,48.260000000000005,Finance,Mid,Time Management
3791,21,4.9523809523809526,7,7.428571428571429,83.42857142857143,0.3333333333333333,53.42857142857143,HR,Mid,Communication Skills
3792,23,4.217391304347826,8,7.695652173913044,83.08695652173913,0.34782608695652173,53.69130434782608,Finance,Mid,Communication Skills
3793,50,4.62,22,7.54,80.42,0.44,60.926,Operations,Mid,Time Management
3794,39,5.076923076923077,15,7.410256410256411,79.05128205128206,0.38461538461538464,57.77692307692308,HR,Mid,Communication Skills
3795,34,4.588235294117647,15,7.617647058823529,82.5,0.4411764705882353,55.11470588235294,Marketing,Mid,Time Management
3796,49,5.204081632653061,27,7.63265306122449,78.95918367346938,0.5510204081632653,56.75714285714285,Operations,Mid,Time Management
3797,30,4.966666666666667,13,7.3,78.16666666666667,0.43333333333333335,52.45,Operations,Mid,Time Management
3798,44,4.340909090909091,16,7.590909090909091,81.6590909090909,0.36363636363636365,61.18863636363636,Marketing,Mid,Communication Skills
3799,23,4.478260869565218,8,7.565217391304348,81.26086956521739,0.34782608695652173,53.143478260869564,Marketing,Mid,Communication Skills
3800,37,5.081081081081081,17,7.27027027027027,77.75675675675676,0.4594594594594595,54.34324324324324,Operations,Mid,Time Management
3801,49,4.36734693877551,19,7.448979591836735,77.55102040816327,0.3877551020408163,61.2326530612245,Finance,Mid,Communication Skills
3802,31,4.774193548387097,12,7.387096774193548,76.83870967741936,0.3870967741935484,53.83870967741936,IT,Mid,Communication Skills
3803,50,5.06,27,7.54,80.12,0.54,57.836,Marketing,Mid,Time Management
3804,27,4.481481481481482,12,7.592592592592593,80.92592592592592,0.4444444444444444,51.74444444444444,Finance,Mid,Time Management
3805,26,4.769230769230769,8,7.423076923076923,78.03846153846153,0.3076923076923077,54.580769230769235,Marketing,Mid,Communication Skills
3806,45,5.466666666666667,22,7.533333333333333,80.97777777777777,0.4888888888888889,57.626666666666665,Operations,Mid,Time Management
3807,50,4.6,21,7.42,78.54,0.42,60.962,Operations,Mid,Time Management
3808,42,4.857142857142857,18,7.261904761904762,80.11904761904762,0.42857142857142855,57.97857142857143,Finance,Mid,Time Management
3809,31,5.193548387096774,16,7.290322580645161,81.54838709677419,0.5161290322580645,51.38064516129032,HR,Mid,Time Management
3810,28,5.035714285714286,8,7.714285714285714,81.25,0.2857142857142857,57.00357142857143,Finance,Mid,Communication Skills
3811,28,5.214285714285714,12,7.928571428571429,82.96428571428571,0.42857142857142855,53.232142857142854,Marketing,Mid,Time Management
3812,49,4.8979591836734695,20,7.326530612244898,78.55102040816327,0.40816326530612246,60.92040816326531,Marketing,Mid,Time Management
3813,34,4.4411764705882355,8,7.235294117647059,81.44117647058823,0.23529411764705882,60.9735294117647,IT,Mid,Communication Skills
3814,45,5.111111111111111,16,7.533333333333333,81.44444444444444,0.35555555555555557,61.766666666666666,Marketing,Mid,Communication Skills
3815,23,4.869565217391305,8,7.565217391304348,79.6086956521739,0.34782608695652173,52.64782608695651,Operations,Mid,Communication Skills
3816,32,5.03125,16,7.375,73.71875,0.5,49.915625,HR,Mid,Time Management
3817,33,5.454545454545454,13,7.363636363636363,80.72727272727273,0.3939393939393939,55.6,Operations,Mid,Communication Skills
3818,43,4.976744186046512,17,7.325581395348837,79.34883720930233,0.3953488372093023,59.14418604651163,Finance,Mid,Communication Skills
3819,27,5.37037037037037,14,7.703703703703703,81.07407407407408,0.5185185185185185,49.56666666666667,Finance,Mid,Time Management
3820,33,4.515151515151516,15,7.181818181818182,82.63636363636364,0.45454545454545453,54.35454545454546,HR,Mid,Time Management
3821,32,5.25,14,7.75,77.84375,0.4375,53.028125,Finance,Mid,Time Management
3822,31,5.548387096774194,19,7.548387096774194,79.7741935483871,0.6129032258064516,47.94516129032259,HR,Mid,Time Management
3823,23,4.739130434782608,9,7.478260869565218,79.43478260869566,0.391304347826087,51.291304347826085,Finance,Mid,Communication Skills
3824,30,5.533333333333333,16,7.5,79.76666666666667,0.5333333333333333,49.93,Operations,Mid,Time Management
3825,22,6.045454545454546,16,7.2272727272727275,82.4090909090909,0.7272727272727273,41.70454545454545,Finance,Mid,Time Management
3826,40,4.925,18,7.6,81.475,0.45,56.942499999999995,HR,Mid,Time Management
3827,23,5.217391304347826,9,7.869565217391305,75.30434782608695,0.391304347826087,50.052173913043475,Marketing,Mid,Communication Skills
3828,30,4.533333333333333,11,7.566666666666666,79.96666666666667,0.36666666666666664,54.989999999999995,IT,Mid,Communication Skills
3829,38,4.052631578947368,16,7.342105263157895,78.26315789473684,0.42105263157894735,56.047368421052624,HR,Mid,Time Management
3830,27,4.703703703703703,11,7.555555555555555,80.22222222222223,0.4074074074074074,52.644444444444446,Finance,Mid,Time Management
3831,25,4.88,13,7.84,78.44,0.52,47.932,HR,Mid,Time Management
3832,27,4.888888888888889,9,7.555555555555555,81.48148148148148,0.3333333333333333,55.24444444444445,IT,Mid,Communication Skills
3833,36,4.361111111111111,17,7.5,84.36111111111111,0.4722222222222222,55.54166666666667,Marketing,Mid,Time Management
3834,48,5.5625,25,7.5,82.91666666666667,0.5208333333333334,58.45,Marketing,Mid,Time Management
3835,49,5.081632653061225,25,7.428571428571429,79.55102040816327,0.5102040816326531,58.159183673469386,Finance,Mid,Time Management
3836,26,3.576923076923077,6,7.115384615384615,77.65384615384616,0.23076923076923078,56.773076923076914,Finance,Mid,Communication Skills
3837,33,5.212121212121212,17,7.606060606060606,75.93939393939394,0.5151515151515151,50.52727272727273,Marketing,Mid,Time Management
3838,32,5.15625,13,7.9375,80.28125,0.40625,54.696875,Finance,Mid,Time Management
3839,21,5.333333333333333,9,7.857142857142857,81.19047619047619,0.42857142857142855,49.900000000000006,IT,Mid,Time Management
3840,39,4.333333333333333,9,7.17948717948718,77.82051282051282,0.23076923076923078,62.023076923076914,Marketing,Mid,Communication Skills
3841,49,5.204081632653061,24,7.775510204081633,80.04081632653062,0.4897959183673469,58.91836734693878,HR,Mid,Time Management
3842,25,4.24,6,7.76,84.6,0.24,58.17999999999999,Marketing,Mid,Communication Skills
3843,32,4.6875,9,7.53125,81.65625,0.28125,58.859375,Finance,Mid,Communication Skills
3844,41,4.829268292682927,18,7.560975609756097,82.70731707317073,0.43902439024390244,58.04146341463415,Marketing,Mid,Time Management
3845,22,6.136363636363637,13,7.2272727272727275,80.4090909090909,0.5909090909090909,45.19545454545454,Operations,Mid,Time Management
3846,32,5.3125,16,7.1875,80.875,0.5,52.0625,HR,Mid,Time Management
3847,48,5.25,21,7.5,79.97916666666667,0.4375,60.06875000000001,IT,Mid,Time Management
3848,39,4.435897435897436,15,7.230769230769231,79.82051282051282,0.38461538461538464,58.00769230769231,Finance,Mid,Communication Skills
3849,29,4.827586206896552,13,7.379310344827586,80.06896551724138,0.4482758620689655,52.17241379310345,HR,Mid,Time Management
3850,44,5.568181818181818,27,7.636363636363637,83.79545454545455,0.6136363636363636,54.32954545454545,Finance,Mid,Time Management
3851,43,4.325581395348837,13,7.186046511627907,81.44186046511628,0.3023255813953488,62.56279069767442,Operations,Mid,Communication Skills
3852,21,4.904761904761905,7,7.761904761904762,75.42857142857143,0.3333333333333333,51.02857142857144,Marketing,Mid,Communication Skills
3853,49,5.183673469387755,18,7.612244897959184,80.06122448979592,0.3673469387755102,62.59795918367347,IT,Mid,Communication Skills
3854,38,4.7631578947368425,11,7.7105263157894735,77.89473684210526,0.2894736842105263,59.88421052631578,Operations,Mid,Communication Skills
3855,25,4.76,9,7.32,75.32,0.36,51.79599999999999,Marketing,Mid,Communication Skills
3856,24,5.041666666666667,9,7.5,82.83333333333333,0.375,53.2,Finance,Mid,Communication Skills
3857,40,5.275,23,7.625,80.625,0.575,52.9375,IT,Mid,Time Management
3858,34,4.764705882352941,14,7.5588235294117645,79.67647058823529,0.4117647058823529,55.150000000000006,IT,Mid,Time Management
3859,33,4.484848484848484,13,7.666666666666667,83.39393939393939,0.3939393939393939,56.4,Operations,Mid,Communication Skills
3860,23,4.608695652173913,8,7.521739130434782,80.04347826086956,0.34782608695652173,52.778260869565216,HR,Mid,Communication Skills
3861,38,4.815789473684211,20,7.421052631578948,78.94736842105263,0.5263157894736842,53.09473684210526,Operations,Mid,Time Management
3862,41,4.560975609756097,15,7.2682926829268295,81.34146341463415,0.36585365853658536,59.826829268292684,IT,Mid,Communication Skills
3863,39,5.230769230769231,22,7.717948717948718,79.84615384615384,0.5641025641025641,52.63076923076923,Finance,Mid,Time Management
3864,32,5.6875,14,7.4375,80.71875,0.4375,53.890625,Marketing,Mid,Time Management
3865,23,5.043478260869565,12,7.6521739130434785,81.82608695652173,0.5217391304347826,48.09565217391304,IT,Mid,Time Management
3866,40,3.85,13,7.125,77.975,0.325,59.6425,HR,Mid,Communication Skills
3867,46,4.891304347826087,21,7.195652173913044,81.08695652173913,0.45652173913043476,59.030434782608694,HR,Mid,Time Management
3868,22,4.545454545454546,8,7.590909090909091,78.81818181818181,0.36363636363636365,51.53636363636363,Finance,Mid,Communication Skills
3869,38,5.078947368421052,19,7.5,78.15789473684211,0.5,53.64736842105263,HR,Mid,Time Management
3870,22,5.7727272727272725,14,7.636363636363637,81.95454545454545,0.6363636363636364,44.29545454545455,Finance,Mid,Time Management
3871,45,5.444444444444445,21,7.444444444444445,76.97777777777777,0.4666666666666667,57.093333333333334,Marketing,Mid,Time Management
3872,50,4.32,17,7.46,80.86,0.34,64.05799999999999,HR,Mid,Communication Skills
3873,21,3.6666666666666665,7,7.380952380952381,84.28571428571429,0.3333333333333333,53.6857142857143,HR,Mid,Communication Skills
3874,29,4.931034482758621,14,7.344827586206897,81.93103448275862,0.4827586206896552,51.69655172413793,Finance,Mid,Time Management
3875,22,5.2272727272727275,13,7.590909090909091,77.72727272727273,0.5909090909090909,44.39090909090909,IT,Mid,Time Management
3876,42,5.619047619047619,20,7.285714285714286,79.66666666666667,0.47619047619047616,56.414285714285725,HR,Mid,Time Management
3877,32,4.8125,12,7.28125,78.78125,0.375,55.184375,Finance,Mid,Communication Skills
3878,42,5.023809523809524,18,7.595238095238095,80.47619047619048,0.42857142857142855,58.08571428571429,IT,Mid,Time Management
3879,37,5.216216216216216,17,7.594594594594595,80.1891891891892,0.4594594594594595,55.07297297297298,Marketing,Mid,Time Management
3880,27,5.333333333333333,11,7.814814814814815,79.11111111111111,0.4074074074074074,52.31111111111112,HR,Mid,Time Management
3881,33,4.696969696969697,13,7.545454545454546,77.0909090909091,0.3939393939393939,54.509090909090915,HR,Mid,Communication Skills
3882,28,4.285714285714286,14,7.035714285714286,77.64285714285714,0.5,49.49285714285715,Operations,Mid,Time Management
3883,28,5.321428571428571,15,7.285714285714286,83.85714285714286,0.5357142857142857,50.28571428571429,IT,Mid,Time Management
3884,22,5.590909090909091,12,7.363636363636363,79.5909090909091,0.5454545454545454,46.31363636363636,IT,Mid,Time Management
3885,30,5.0,11,7.666666666666667,82.23333333333333,0.36666666666666664,55.67,Marketing,Mid,Communication Skills
3886,20,5.25,9,7.9,81.8,0.45,49.04,HR,Mid,Time Management
3887,46,5.086956521739131,19,7.6521739130434785,80.80434782608695,0.41304347826086957,60.25,IT,Mid,Time Management
3888,36,4.138888888888889,16,7.444444444444445,80.66666666666667,0.4444444444444444,55.266666666666666,IT,Mid,Time Management
3889,37,5.243243243243243,17,7.72972972972973,79.97297297297297,0.4594594594594595,55.008108108108104,HR,Mid,Time Management
3890,24,4.541666666666667,8,7.041666666666667,78.20833333333333,0.3333333333333333,53.0625,Operations,Mid,Communication Skills
3891,24,4.625,10,7.25,75.375,0.4166666666666667,49.7125,Marketing,Mid,Time Management
3892,38,6.052631578947368,19,7.368421052631579,79.78947368421052,0.5,54.136842105263156,HR,Mid,Time Management
3893,43,5.162790697674419,21,7.511627906976744,78.90697674418605,0.4883720930232558,56.220930232558146,IT,Mid,Time Management
3894,48,5.916666666666667,29,7.229166666666667,78.5,0.6041666666666666,54.625,IT,Mid,Time Management
3895,28,5.285714285714286,16,7.928571428571429,82.07142857142857,0.5714285714285714,48.67857142857143,HR,Mid,Time Management
3896,39,4.6923076923076925,13,7.3076923076923075,78.53846153846153,0.3333333333333333,59.16153846153847,HR,Mid,Communication Skills
3897,22,4.2272727272727275,5,7.454545454545454,79.4090909090909,0.22727272727272727,55.80454545454545,Marketing,Mid,Communication Skills
3898,47,4.872340425531915,18,7.617021276595745,81.38297872340425,0.3829787234042553,61.72553191489362,HR,Mid,Communication Skills
3899,45,5.311111111111111,23,7.488888888888889,80.42222222222222,0.5111111111111111,56.79333333333334,IT,Mid,Time Management
3900,49,4.530612244897959,19,7.428571428571429,80.20408163265306,0.3877551020408163,62.028571428571425,Marketing,Mid,Communication Skills
3901,48,5.020833333333333,22,7.666666666666667,82.64583333333333,0.4583333333333333,60.243750000000006,HR,Mid,Time Management
3902,45,4.888888888888889,21,7.222222222222222,77.2,0.4666666666666667,57.16,Operations,Mid,Time Management
3903,50,5.02,21,7.32,79.92,0.42,61.376000000000005,Finance,Mid,Time Management
3904,31,4.967741935483871,15,7.419354838709677,86.29032258064517,0.4838709677419355,53.77096774193548,IT,Mid,Time Management
3905,24,3.8333333333333335,8,7.25,79.0,0.3333333333333333,53.300000000000004,HR,Mid,Communication Skills
3906,37,4.108108108108108,14,7.756756756756757,77.35135135135135,0.3783783783783784,56.65405405405406,IT,Mid,Communication Skills
3907,24,5.041666666666667,10,7.416666666666667,79.625,0.4166666666666667,50.9875,HR,Mid,Time Management
3908,35,5.085714285714285,16,7.2,76.74285714285715,0.45714285714285713,53.30857142857143,Finance,Mid,Time Management
3909,31,6.032258064516129,17,7.516129032258065,82.6774193548387,0.5483870967741935,50.751612903225805,Operations,Mid,Time Management
3910,37,5.108108108108108,16,7.54054054054054,83.89189189189189,0.43243243243243246,56.99459459459459,Marketing,Mid,Time Management
3911,25,5.08,9,8.0,75.68,0.36,51.903999999999996,Marketing,Mid,Communication Skills
3912,31,4.870967741935484,17,7.483870967741935,79.70967741935483,0.5483870967741935,49.86129032258064,Finance,Mid,Time Management
3913,27,4.62962962962963,11,7.37037037037037,79.22222222222223,0.4074074074074074,52.34444444444445,IT,Mid,Time Management
3914,40,5.2,18,7.5,78.95,0.45,56.185,Finance,Mid,Time Management
3915,42,5.380952380952381,19,7.523809523809524,77.04761904761905,0.4523809523809524,56.34285714285714,Finance,Mid,Time Management
3916,39,5.384615384615385,15,7.717948717948718,77.07692307692308,0.38461538461538464,57.184615384615384,Marketing,Mid,Communication Skills
3917,37,5.243243243243243,15,7.675675675675675,80.0,0.40540540540540543,56.637837837837836,Operations,Mid,Time Management
3918,36,4.527777777777778,11,7.361111111111111,80.13888888888889,0.3055555555555556,59.275,HR,Mid,Communication Skills
3919,39,5.205128205128205,20,7.717948717948718,77.94871794871794,0.5128205128205128,53.6,HR,Mid,Time Management
3920,48,4.8125,18,7.708333333333333,80.5625,0.375,62.118750000000006,Marketing,Mid,Communication Skills
3921,50,5.36,25,7.24,79.1,0.5,58.73,HR,Mid,Time Management
3922,39,5.153846153846154,16,7.487179487179487,83.3076923076923,0.41025641025641024,58.284615384615385,HR,Mid,Time Management
3923,49,5.36734693877551,22,7.285714285714286,77.75510204081633,0.4489795918367347,59.457142857142856,HR,Mid,Time Management
3924,23,5.043478260869565,11,7.3478260869565215,83.26086956521739,0.4782608695652174,49.83043478260869,IT,Mid,Time Management
3925,36,5.416666666666667,17,7.805555555555555,80.72222222222223,0.4722222222222222,54.45,IT,Mid,Time Management
3926,43,4.604651162790698,16,7.27906976744186,80.30232558139535,0.37209302325581395,60.127906976744185,HR,Mid,Communication Skills
3927,47,4.829787234042553,18,7.48936170212766,80.04255319148936,0.3829787234042553,61.32340425531915,Marketing,Mid,Communication Skills
3928,43,5.1395348837209305,25,7.511627906976744,76.86046511627907,0.5813953488372093,52.81627906976744,HR,Mid,Time Management
3929,21,4.380952380952381,6,7.238095238095238,79.61904761904762,0.2857142857142857,53.714285714285715,HR,Mid,Communication Skills
3930,30,5.3,12,7.933333333333334,82.0,0.4,54.599999999999994,HR,Mid,Communication Skills
3931,23,5.434782608695652,13,7.130434782608695,76.91304347826087,0.5652173913043478,45.31739130434782,IT,Mid,Time Management
3932,32,5.125,13,7.75,78.125,0.40625,54.05,HR,Mid,Time Management
3933,21,4.428571428571429,6,7.476190476190476,82.61904761904762,0.2857142857142857,54.614285714285714,HR,Mid,Communication Skills
3934,34,5.0588235294117645,11,7.352941176470588,79.94117647058823,0.3235294117647059,57.87647058823529,Marketing,Mid,Communication Skills
3935,31,5.193548387096774,16,7.645161290322581,77.70967741935483,0.5161290322580645,50.22903225806451,Marketing,Mid,Time Management
3936,41,4.585365853658536,10,7.585365853658536,84.36585365853658,0.24390243902439024,64.39268292682927,HR,Mid,Communication Skills
3937,21,5.857142857142857,13,7.761904761904762,77.71428571428571,0.6190476190476191,43.14285714285714,IT,Mid,Time Management
3938,21,4.857142857142857,6,7.714285714285714,81.47619047619048,0.2857142857142857,54.27142857142857,Marketing,Mid,Communication Skills
3939,23,5.608695652173913,13,7.6521739130434785,76.26086956521739,0.5652173913043478,45.12173913043478,Operations,Mid,Time Management
3940,39,4.102564102564102,12,7.717948717948718,80.7948717948718,0.3076923076923077,60.607692307692304,Operations,Mid,Communication Skills
3941,41,5.487804878048781,20,7.682926829268292,81.39024390243902,0.4878048780487805,56.1829268292683,HR,Mid,Time Management
3942,39,4.487179487179487,13,7.923076923076923,81.05128205128206,0.3333333333333333,59.915384615384625,Finance,Mid,Communication Skills
3943,20,6.2,11,7.6,77.35,0.55,44.705,IT,Mid,Time Management
3944,38,4.973684210526316,15,7.315789473684211,80.1842105263158,0.39473684210526316,57.41315789473684,HR,Mid,Communication Skills
3945,25,4.88,13,7.48,82.12,0.52,49.036,HR,Mid,Time Management
3946,44,5.681818181818182,22,7.363636363636363,80.1590909090909,0.5,56.64772727272727,Operations,Mid,Time Management
3947,44,5.2272727272727275,14,7.25,80.5909090909091,0.3181818181818182,62.231818181818184,Operations,Mid,Communication Skills
3948,27,4.296296296296297,9,7.2592592592592595,82.48148148148148,0.3333333333333333,55.54444444444445,IT,Mid,Communication Skills
3949,32,5.0,18,7.28125,77.53125,0.5625,49.184375,Finance,Mid,Time Management
3950,39,4.897435897435898,18,7.82051282051282,79.6923076923077,0.46153846153846156,55.66153846153846,HR,Mid,Time Management
3951,47,4.404255319148936,17,7.382978723404255,79.53191489361703,0.3617021276595745,61.808510638297875,HR,Mid,Communication Skills
3952,23,4.913043478260869,10,7.695652173913044,81.1304347826087,0.43478260869565216,50.49565217391305,Operations,Mid,Time Management
3953,47,4.617021276595745,20,7.638297872340425,78.55319148936171,0.425531914893617,59.6,Operations,Mid,Time Management
3954,27,5.037037037037037,13,7.555555555555555,81.03703703703704,0.48148148148148145,50.66666666666667,IT,Mid,Time Management
3955,50,5.06,26,7.56,80.34,0.52,58.501999999999995,Marketing,Mid,Time Management
3956,29,4.9655172413793105,15,7.448275862068965,81.82758620689656,0.5172413793103449,50.63103448275862,Finance,Mid,Time Management
3957,41,4.609756097560975,17,7.536585365853658,80.70731707317073,0.4146341463414634,58.17317073170732,Finance,Mid,Time Management
3958,39,5.230769230769231,20,7.435897435897436,79.53846153846153,0.5128205128205128,54.07692307692308,HR,Mid,Time Management
3959,39,4.282051282051282,11,7.564102564102564,79.35897435897436,0.28205128205128205,60.94615384615385,Finance,Mid,Communication Skills
3960,44,5.659090909090909,23,7.454545454545454,82.45454545454545,0.5227272727272727,56.654545454545456,Marketing,Mid,Time Management
3961,40,5.175,16,7.85,78.025,0.4,57.4075,HR,Mid,Communication Skills
3962,22,5.590909090909091,13,7.7727272727272725,82.04545454545455,0.5909090909090909,45.68636363636364,HR,Mid,Time Management
3963,47,4.531914893617022,18,7.48936170212766,76.44680851063829,0.3829787234042553,60.24468085106383,Marketing,Mid,Communication Skills
3964,41,4.585365853658536,16,7.609756097560975,79.82926829268293,0.3902439024390244,58.641463414634146,Finance,Mid,Communication Skills
3965,39,4.717948717948718,14,7.794871794871795,77.84615384615384,0.358974358974359,58.184615384615384,Marketing,Mid,Communication Skills
3966,26,5.230769230769231,14,7.769230769230769,80.15384615384616,0.5384615384615384,48.29230769230769,IT,Mid,Time Management
3967,47,5.553191489361702,21,7.553191489361702,76.72340425531915,0.44680851063829785,58.41276595744681,HR,Mid,Time Management
3968,37,4.783783783783784,15,7.324324324324325,82.86486486486487,0.40540540540540543,57.497297297297294,HR,Mid,Time Management
3969,32,5.25,14,7.1875,79.65625,0.4375,53.571875,Marketing,Mid,Time Management
3970,39,4.923076923076923,15,7.666666666666667,81.3076923076923,0.38461538461538464,58.45384615384616,Finance,Mid,Communication Skills
3971,44,4.159090909090909,15,7.5,78.5,0.3409090909090909,60.92272727272727,HR,Mid,Communication Skills
3972,47,5.212765957446808,28,7.127659574468085,80.68085106382979,0.5957446808510638,55.13191489361702,Operations,Mid,Time Management
3973,39,4.615384615384615,13,7.358974358974359,77.0,0.3333333333333333,58.7,IT,Mid,Communication Skills
3974,37,4.918918918918919,18,7.621621621621622,79.27027027027027,0.4864864864864865,53.986486486486484,Operations,Mid,Time Management
3975,22,4.363636363636363,9,7.181818181818182,78.4090909090909,0.4090909090909091,50.05,Operations,Mid,Time Management
3976,25,4.96,12,7.0,83.4,0.48,50.620000000000005,Operations,Mid,Time Management
3977,47,4.851063829787234,18,7.191489361702128,81.02127659574468,0.3829787234042553,61.61702127659575,Operations,Mid,Communication Skills
3978,23,5.521739130434782,12,7.478260869565218,84.73913043478261,0.5217391304347826,48.969565217391306,Finance,Mid,Time Management
3979,47,4.680851063829787,18,7.446808510638298,76.82978723404256,0.3829787234042553,60.359574468085114,Marketing,Mid,Communication Skills
3980,27,5.37037037037037,14,7.518518518518518,78.62962962962963,0.5185185185185185,48.833333333333336,HR,Mid,Time Management
3981,39,5.358974358974359,14,7.538461538461538,78.53846153846153,0.358974358974359,58.392307692307696,Operations,Mid,Communication Skills
3982,30,5.033333333333333,13,7.533333333333333,82.26666666666667,0.43333333333333335,53.68,Marketing,Mid,Time Management
3983,33,4.757575757575758,11,7.515151515151516,82.03030303030303,0.3333333333333333,57.80909090909091,IT,Mid,Communication Skills
3984,33,5.424242424242424,16,7.696969696969697,82.36363636363636,0.48484848484848486,53.36363636363636,Finance,Mid,Time Management
3985,47,4.787234042553192,22,7.340425531914893,77.85106382978724,0.46808510638297873,58.11276595744681,Marketing,Mid,Time Management
3986,45,5.066666666666666,24,7.488888888888889,79.91111111111111,0.5333333333333333,55.97333333333333,Marketing,Mid,Time Management
3987,36,4.861111111111111,16,7.416666666666667,78.36111111111111,0.4444444444444444,54.575,Operations,Mid,Time Management
3988,37,4.5675675675675675,13,7.405405405405405,82.89189189189189,0.35135135135135137,59.127027027027026,Operations,Mid,Communication Skills
3989,31,5.096774193548387,13,7.096774193548387,76.38709677419355,0.41935483870967744,52.73548387096774,HR,Mid,Time Management
3990,31,5.580645161290323,15,7.709677419354839,81.41935483870968,0.4838709677419355,52.30967741935484,Operations,Mid,Time Management
3991,41,5.048780487804878,21,7.853658536585366,80.0,0.5121951219512195,55.03414634146341,HR,Mid,Time Management
3992,26,5.230769230769231,12,7.269230769230769,79.3076923076923,0.46153846153846156,50.34615384615384,Operations,Mid,Time Management
3993,39,5.051282051282051,20,7.871794871794871,79.25641025641026,0.5128205128205128,53.9923076923077,Finance,Mid,Time Management
3994,24,5.375,14,7.208333333333333,78.20833333333333,0.5833333333333334,45.5625,HR,Mid,Time Management
3995,23,4.869565217391305,9,7.434782608695652,81.08695652173913,0.391304347826087,51.78695652173913,Marketing,Mid,Communication Skills
3996,26,4.769230769230769,11,7.153846153846154,82.0,0.4230769230769231,52.30769230769231,Operations,Mid,Time Management
3997,39,5.9743589743589745,24,7.512820512820513,81.23076923076923,0.6153846153846154,51.50769230769231,Operations,Mid,Time Management
3998,40,5.775,20,7.4,78.6,0.5,54.58,Marketing,Mid,Time Management
3999,28,4.892857142857143,14,7.285714285714286,82.42857142857143,0.5,50.92857142857143,Finance,Mid,Time Management
4000,39,4.435897435897436,19,7.487179487179487,78.71794871794872,0.48717948717948717,54.599999999999994,Operations,Mid,Time Management
4001,26,5.269230769230769,14,7.769230769230769,79.76923076923077,0.5384615384615384,48.176923076923075,Finance,Mid,Time Management
4002,32,4.65625,9,7.59375,84.0625,0.28125,59.58125,Marketing,Mid,Communication Skills
4003,50,5.74,26,7.68,79.16,0.52,58.147999999999996,Marketing,Mid,Time Management
4004,29,4.586206896551724,13,7.275862068965517,80.03448275862068,0.4482758620689655,52.16206896551724,Finance,Mid,Time Management
4005,40,5.525,19,7.45,80.15,0.475,55.795,IT,Mid,Time Management
4006,48,5.083333333333333,22,7.479166666666667,79.0625,0.4583333333333333,59.16875,Finance,Mid,Time Management
4007,20,5.65,12,7.6,79.35,0.6,43.80499999999999,IT,Mid,Time Management
4008,40,4.525,18,7.45,79.625,0.45,56.3875,Finance,Mid,Time Management
4009,28,5.321428571428571,13,7.285714285714286,81.78571428571429,0.4642857142857143,51.807142857142864,HR,Mid,Time Management
4010,40,4.95,17,7.475,77.05,0.425,56.364999999999995,Operations,Mid,Time Management
4011,48,4.770833333333333,21,7.520833333333333,79.9375,0.4375,60.056250000000006,IT,Mid,Time Management
4012,30,4.3,14,7.733333333333333,77.7,0.4666666666666667,51.31,Finance,Mid,Time Management
4013,34,4.705882352941177,14,7.470588235294118,79.97058823529412,0.4117647058823529,55.23823529411764,IT,Mid,Time Management
4014,38,4.842105263157895,18,7.473684210526316,80.02631578947368,0.47368421052631576,54.997368421052634,HR,Mid,Time Management
4015,46,4.5,18,7.630434782608695,80.1086956521739,0.391304347826087,60.69347826086957,IT,Mid,Communication Skills
4016,30,6.4,20,7.233333333333333,80.26666666666667,0.6666666666666666,46.08,HR,Mid,Time Management
4017,35,5.0,14,7.428571428571429,84.34285714285714,0.4,57.30285714285714,Finance,Mid,Communication Skills
4018,50,5.38,22,7.54,80.6,0.44,60.97999999999999,HR,Mid,Time Management
4019,34,4.970588235294118,13,7.470588235294118,77.58823529411765,0.38235294117647056,55.40588235294118,HR,Mid,Communication Skills
4020,42,5.0,17,7.285714285714286,83.52380952380952,0.40476190476190477,59.71428571428571,Operations,Mid,Time Management
4021,36,5.333333333333333,19,7.083333333333333,81.08333333333333,0.5277777777777778,52.891666666666666,HR,Mid,Time Management
4022,22,5.181818181818182,12,7.318181818181818,77.31818181818181,0.5454545454545454,45.631818181818176,Marketing,Mid,Time Management
4023,37,5.486486486486487,17,7.702702702702703,80.54054054054055,0.4594594594594595,55.17837837837838,Operations,Mid,Time Management
4024,31,4.225806451612903,11,7.419354838709677,81.12903225806451,0.3548387096774194,56.093548387096774,HR,Mid,Communication Skills
4025,22,5.2272727272727275,13,7.7727272727272725,81.36363636363636,0.5909090909090909,45.48181818181818,IT,Mid,Time Management
4026,31,4.838709677419355,17,7.741935483870968,81.90322580645162,0.5483870967741935,50.51935483870968,HR,Mid,Time Management
4027,40,5.4,16,7.45,79.375,0.4,57.8125,Finance,Mid,Communication Skills
4028,49,4.938775510204081,21,7.571428571428571,84.04081632653062,0.42857142857142855,61.95510204081633,HR,Mid,Time Management
4029,47,4.127659574468085,12,7.702127659574468,79.46808510638297,0.2553191489361702,64.98085106382979,IT,Mid,Communication Skills
4030,32,4.15625,9,7.65625,79.5625,0.28125,58.231249999999996,IT,Mid,Communication Skills
4031,26,4.961538461538462,14,7.384615384615385,81.96153846153847,0.5384615384615384,48.83461538461539,Marketing,Mid,Time Management
4032,40,4.725,19,7.6,80.8,0.475,55.989999999999995,Finance,Mid,Time Management
4033,34,5.176470588235294,15,7.5588235294117645,79.8529411764706,0.4411764705882353,54.320588235294125,IT,Mid,Time Management
4034,49,4.73469387755102,17,7.877551020408164,79.73469387755102,0.3469387755102041,63.11224489795919,Operations,Mid,Communication Skills
4035,26,4.961538461538462,10,7.730769230769231,81.1923076923077,0.38461538461538464,53.219230769230776,HR,Mid,Communication Skills
4036,44,4.659090909090909,18,7.568181818181818,82.8409090909091,0.4090909090909091,60.179545454545455,Marketing,Mid,Time Management
4037,30,4.566666666666666,13,7.366666666666666,81.33333333333333,0.43333333333333335,53.4,Finance,Mid,Time Management
4038,30,5.066666666666666,17,7.7,81.03333333333333,0.5666666666666667,49.31,HR,Mid,Time Management
4039,25,4.56,10,7.24,79.0,0.4,51.7,HR,Mid,Communication Skills
4040,39,4.6923076923076925,15,7.282051282051282,83.23076923076923,0.38461538461538464,59.030769230769224,Marketing,Mid,Communication Skills
4041,34,6.029411764705882,22,7.264705882352941,79.52941176470588,0.6470588235294118,48.04705882352941,IT,Mid,Time Management
4042,35,4.571428571428571,13,7.6571428571428575,82.37142857142857,0.37142857142857144,57.56857142857143,IT,Mid,Communication Skills
4043,20,5.85,13,7.7,77.5,0.65,41.75,Marketing,Mid,Time Management
4044,35,4.485714285714286,11,7.085714285714285,79.51428571428572,0.3142857142857143,58.425714285714285,Operations,Mid,Communication Skills
4045,20,4.6,10,7.3,79.45,0.5,46.835,Operations,Mid,Time Management
4046,31,5.161290322580645,17,7.354838709677419,79.29032258064517,0.5483870967741935,49.73548387096775,HR,Mid,Time Management
4047,23,5.521739130434782,11,7.695652173913044,83.6086956521739,0.4782608695652174,49.934782608695656,HR,Mid,Time Management
4048,50,5.1,24,7.58,80.88,0.48,59.864000000000004,Marketing,Mid,Time Management
4049,30,4.433333333333334,8,7.766666666666667,84.13333333333334,0.26666666666666666,59.24,IT,Mid,Communication Skills
4050,50,5.6,20,7.28,81.74,0.4,62.522,Operations,Mid,Communication Skills
4051,48,5.166666666666667,22,7.729166666666667,80.29166666666667,0.4583333333333333,59.53750000000001,Operations,Mid,Time Management
4052,40,5.2,19,7.325,83.25,0.475,56.724999999999994,HR,Mid,Time Management
4053,22,5.363636363636363,14,7.5,83.27272727272727,0.6363636363636364,44.69090909090909,Finance,Mid,Time Management
4054,35,5.0285714285714285,13,7.542857142857143,80.48571428571428,0.37142857142857144,57.002857142857145,Operations,Mid,Communication Skills
4055,23,5.521739130434782,12,7.521739130434782,79.82608695652173,0.5217391304347826,47.495652173913044,HR,Mid,Time Management
4056,41,5.048780487804878,15,7.463414634146342,80.6829268292683,0.36585365853658536,59.62926829268292,Marketing,Mid,Communication Skills
4057,22,4.5,9,7.5,81.13636363636364,0.4090909090909091,50.86818181818182,Operations,Mid,Time Management
4058,49,4.448979591836735,17,7.857142857142857,78.38775510204081,0.3469387755102041,62.708163265306126,Marketing,Mid,Communication Skills
4059,27,5.074074074074074,13,7.407407407407407,80.48148148148148,0.48148148148148145,50.5,Marketing,Mid,Time Management
4060,45,4.733333333333333,15,7.555555555555555,80.75555555555556,0.3333333333333333,62.22666666666667,Marketing,Mid,Communication Skills
4061,21,4.714285714285714,6,7.428571428571429,83.42857142857143,0.2857142857142857,54.85714285714286,HR,Mid,Communication Skills
4062,42,5.0476190476190474,15,7.380952380952381,81.28571428571429,0.35714285714285715,60.471428571428575,Marketing,Mid,Communication Skills
4063,50,5.12,28,7.46,80.18,0.56,57.254000000000005,Finance,Mid,Time Management
4064,25,5.04,11,7.48,80.76,0.44,51.028000000000006,IT,Mid,Time Management
4065,37,4.864864864864865,15,7.243243243243243,80.16216216216216,0.40540540540540543,56.68648648648649,HR,Mid,Time Management
4066,23,4.608695652173913,10,7.6521739130434785,80.0,0.43478260869565216,50.15652173913044,HR,Mid,Time Management
4067,20,4.9,8,7.7,78.35,0.4,49.504999999999995,Operations,Mid,Communication Skills
4068,46,4.391304347826087,15,7.369565217391305,77.54347826086956,0.32608695652173914,61.880434782608695,Operations,Mid,Communication Skills
4069,47,4.446808510638298,19,7.446808510638298,78.91489361702128,0.40425531914893614,60.3468085106383,Marketing,Mid,Time Management
4070,30,4.066666666666666,13,7.733333333333333,84.46666666666667,0.43333333333333335,54.34,IT,Mid,Time Management
4071,33,5.818181818181818,19,7.636363636363637,79.63636363636364,0.5757575757575758,49.81818181818182,Marketing,Mid,Time Management
4072,42,4.785714285714286,18,7.404761904761905,79.69047619047619,0.42857142857142855,57.849999999999994,IT,Mid,Time Management
4073,33,5.181818181818182,12,7.484848484848484,82.03030303030303,0.36363636363636365,56.9,Marketing,Mid,Communication Skills
4074,38,5.394736842105263,15,7.578947368421052,80.92105263157895,0.39473684210526316,57.63421052631578,IT,Mid,Communication Skills
4075,23,5.3478260869565215,8,7.608695652173913,76.21739130434783,0.34782608695652173,51.630434782608695,Operations,Mid,Communication Skills
4076,30,5.0,14,7.7,81.3,0.4666666666666667,52.39,HR,Mid,Time Management
4077,33,4.9393939393939394,18,7.393939393939394,81.33333333333333,0.5454545454545454,51.236363636363635,Finance,Mid,Time Management
4078,44,5.113636363636363,21,7.4772727272727275,79.77272727272727,0.4772727272727273,57.21363636363636,Finance,Mid,Time Management
4079,38,3.8157894736842106,8,7.7105263157894735,80.42105263157895,0.21052631578947367,63.01052631578948,HR,Mid,Communication Skills
4080,31,5.709677419354839,22,7.67741935483871,81.83870967741936,0.7096774193548387,45.66129032258064,HR,Mid,Time Management
4081,45,5.133333333333334,16,7.466666666666667,81.24444444444444,0.35555555555555557,61.70666666666666,Operations,Mid,Communication Skills
4082,28,4.928571428571429,14,7.75,79.28571428571429,0.5,49.985714285714295,Finance,Mid,Time Management
4083,21,4.857142857142857,8,7.380952380952381,77.76190476190476,0.38095238095238093,50.3,Operations,Mid,Communication Skills
4084,49,4.979591836734694,28,7.387755102040816,82.63265306122449,0.5714285714285714,57.2469387755102,IT,Mid,Time Management
4085,41,5.195121951219512,24,7.7073170731707314,79.34146341463415,0.5853658536585366,52.641463414634146,IT,Mid,Time Management
4086,49,5.428571428571429,24,7.653061224489796,79.6938775510204,0.4897959183673469,58.81428571428572,Marketing,Mid,Time Management
4087,38,5.7368421052631575,23,7.368421052631579,81.26315789473684,0.6052631578947368,51.421052631578945,Finance,Mid,Time Management
4088,34,5.205882352941177,18,7.5,80.1470588235294,0.5294117647058824,51.76176470588236,IT,Mid,Time Management
4089,21,5.095238095238095,10,7.666666666666667,80.38095238095238,0.47619047619047616,48.22857142857143,Marketing,Mid,Time Management
4090,42,5.214285714285714,23,7.309523809523809,81.88095238095238,0.5476190476190477,54.93571428571428,Operations,Mid,Time Management
4091,30,4.366666666666666,12,7.5,81.53333333333333,0.4,54.459999999999994,Marketing,Mid,Communication Skills
4092,47,4.76595744680851,20,7.48936170212766,81.48936170212765,0.425531914893617,60.48085106382979,IT,Mid,Time Management
4093,39,5.666666666666667,20,7.512820512820513,78.82051282051282,0.5128205128205128,53.86153846153846,Finance,Mid,Time Management
4094,50,5.2,22,7.54,79.5,0.44,60.64999999999999,Marketing,Mid,Time Management
4095,44,5.5,21,7.386363636363637,82.56818181818181,0.4772727272727273,58.05227272727272,IT,Mid,Time Management
4096,43,4.6976744186046515,16,6.906976744186046,79.97674418604652,0.37209302325581395,60.03023255813953,Finance,Mid,Communication Skills
4097,49,4.551020408163265,17,7.428571428571429,79.48979591836735,0.3469387755102041,63.03877551020408,Finance,Mid,Communication Skills
4098,50,4.88,18,7.48,78.42,0.36,62.726,Marketing,Mid,Communication Skills
4099,44,4.7727272727272725,17,7.613636363636363,78.61363636363636,0.38636363636363635,59.59318181818182,HR,Mid,Communication Skills
4100,25,4.48,7,7.72,78.24,0.28,55.071999999999996,IT,Mid,Communication Skills
4101,35,5.457142857142857,17,7.457142857142857,81.74285714285715,0.4857142857142857,53.95142857142857,Marketing,Mid,Time Management
4102,47,5.127659574468085,23,7.468085106382978,80.25531914893617,0.48936170212765956,58.195744680851064,Operations,Mid,Time Management
4103,30,5.266666666666667,12,7.566666666666666,82.4,0.4,54.72,Operations,Mid,Communication Skills
4104,47,4.787234042553192,16,7.425531914893617,80.93617021276596,0.3404255319148936,62.86808510638298,IT,Mid,Communication Skills
4105,40,4.725,16,7.5,80.275,0.4,58.082499999999996,Operations,Mid,Communication Skills
4106,39,4.666666666666667,16,7.564102564102564,78.33333333333333,0.41025641025641024,56.79230769230769,Finance,Mid,Time Management
4107,46,5.282608695652174,20,7.434782608695652,79.6304347826087,0.43478260869565216,59.24565217391306,Operations,Mid,Time Management
4108,33,5.7272727272727275,19,7.0606060606060606,78.72727272727273,0.5757575757575758,49.54545454545455,IT,Mid,Time Management
4109,32,4.90625,19,7.53125,78.09375,0.59375,48.415625,Finance,Mid,Time Management
4110,25,4.84,16,7.16,82.32,0.64,45.495999999999995,Marketing,Mid,Time Management
4111,24,3.5,6,7.625,77.875,0.25,55.462500000000006,HR,Mid,Communication Skills
4112,31,4.838709677419355,20,7.258064516129032,77.6774193548387,0.6451612903225806,46.34838709677419,Operations,Mid,Time Management
4113,39,5.205128205128205,16,7.358974358974359,82.66666666666667,0.41025641025641024,58.0923076923077,HR,Mid,Time Management
4114,30,4.8,17,7.8,78.23333333333333,0.5666666666666667,48.47,Finance,Mid,Time Management
4115,45,5.2,19,7.733333333333333,77.73333333333333,0.4222222222222222,58.65333333333333,HR,Mid,Time Management
4116,50,4.86,20,7.38,81.52,0.4,62.456,HR,Mid,Communication Skills
4117,29,5.310344827586207,14,7.655172413793103,83.65517241379311,0.4827586206896552,52.213793103448275,Finance,Mid,Time Management
4118,34,4.676470588235294,16,7.823529411764706,82.32352941176471,0.47058823529411764,54.17941176470589,Operations,Mid,Time Management
4119,50,4.82,18,7.62,79.34,0.36,63.002,HR,Mid,Communication Skills
4120,28,5.535714285714286,17,7.571428571428571,77.42857142857143,0.6071428571428571,46.214285714285715,Operations,Mid,Time Management
4121,33,5.454545454545454,20,7.484848484848484,75.54545454545455,0.6060606060606061,47.68181818181819,IT,Mid,Time Management
4122,29,4.0,6,7.655172413793103,78.37931034482759,0.20689655172413793,58.906896551724145,Finance,Mid,Communication Skills
4123,39,5.615384615384615,18,7.538461538461538,79.46153846153847,0.46153846153846156,55.5923076923077,Operations,Mid,Time Management
4124,29,5.551724137931035,14,7.482758620689655,78.93103448275862,0.4827586206896552,50.79655172413793,Operations,Mid,Time Management
4125,42,5.4523809523809526,19,7.380952380952381,80.21428571428571,0.4523809523809524,57.292857142857144,Marketing,Mid,Time Management
4126,29,5.275862068965517,14,7.344827586206897,81.27586206896552,0.4827586206896552,51.5,Operations,Mid,Time Management
4127,20,5.1,9,7.25,85.5,0.45,50.15,Finance,Mid,Time Management
4128,38,4.684210526315789,11,7.526315789473684,78.73684210526316,0.2894736842105263,60.136842105263156,IT,Mid,Communication Skills
4129,26,5.076923076923077,6,7.230769230769231,81.0,0.23076923076923078,57.77692307692307,HR,Mid,Communication Skills
4130,25,5.12,8,7.32,79.68,0.32,54.304,IT,Mid,Communication Skills
4131,45,5.288888888888889,28,7.5777777777777775,78.13333333333334,0.6222222222222222,52.77333333333333,Finance,Mid,Time Management
4132,32,5.21875,15,7.6875,81.3125,0.46875,53.13125,Finance,Mid,Time Management
4133,33,4.96969696969697,13,7.96969696969697,80.12121212121212,0.3939393939393939,55.41818181818182,HR,Mid,Communication Skills
4134,29,4.379310344827586,11,7.551724137931035,82.58620689655173,0.3793103448275862,54.99655172413793,Marketing,Mid,Communication Skills
4135,35,5.142857142857143,18,7.485714285714286,79.71428571428571,0.5142857142857142,52.48571428571428,IT,Mid,Time Management
4136,20,4.05,4,7.25,81.3,0.2,56.39,IT,Mid,Communication Skills
4137,39,4.538461538461538,15,7.3076923076923075,79.41025641025641,0.38461538461538464,57.88461538461539,IT,Mid,Communication Skills
4138,43,5.395348837209302,21,7.488372093023256,80.30232558139535,0.4883720930232558,56.63953488372093,Operations,Mid,Time Management
4139,39,5.230769230769231,17,7.333333333333333,79.66666666666667,0.4358974358974359,56.423076923076934,Marketing,Mid,Time Management
4140,21,4.0476190476190474,8,7.761904761904762,84.04761904761905,0.38095238095238093,52.18571428571429,Operations,Mid,Communication Skills
4141,48,5.479166666666667,20,7.4375,81.52083333333333,0.4166666666666667,61.15625,Operations,Mid,Time Management
4142,37,4.513513513513513,16,7.405405405405405,79.05405405405405,0.43243243243243246,55.54324324324324,Finance,Mid,Time Management
4143,27,4.962962962962963,12,7.2592592592592595,81.22222222222223,0.4444444444444444,51.833333333333336,Finance,Mid,Time Management
4144,23,4.826086956521739,12,7.565217391304348,80.78260869565217,0.5217391304347826,47.78260869565217,IT,Mid,Time Management
4145,34,5.323529411764706,15,7.411764705882353,79.76470588235294,0.4411764705882353,54.294117647058826,Marketing,Mid,Time Management
4146,35,4.885714285714286,15,7.428571428571429,81.74285714285715,0.42857142857142855,55.66571428571429,HR,Mid,Time Management
4147,43,5.441860465116279,23,7.348837209302325,79.0,0.5348837209302325,54.853488372093025,Operations,Mid,Time Management
4148,20,4.85,7,7.6,80.5,0.35,51.65,Operations,Mid,Communication Skills
4149,36,5.111111111111111,17,7.638888888888889,76.44444444444444,0.4722222222222222,53.16666666666667,IT,Mid,Time Management
4150,28,5.321428571428571,17,7.5,81.60714285714286,0.6071428571428571,47.46785714285714,Operations,Mid,Time Management
4151,35,5.428571428571429,22,7.514285714285714,76.08571428571429,0.6285714285714286,47.96857142857143,Marketing,Mid,Time Management
4152,27,4.962962962962963,14,7.333333333333333,81.11111111111111,0.5185185185185185,49.57777777777778,IT,Mid,Time Management
4153,27,4.703703703703703,9,7.407407407407407,83.0,0.3333333333333333,55.7,Finance,Mid,Communication Skills
4154,25,4.64,12,7.4,78.84,0.48,49.252,Finance,Mid,Time Management
4155,26,5.269230769230769,12,7.5,81.0,0.46153846153846156,50.85384615384615,HR,Mid,Time Management
4156,25,5.12,11,7.52,80.8,0.44,51.04,IT,Mid,Time Management
4157,30,5.566666666666666,18,7.733333333333333,81.73333333333333,0.6,48.519999999999996,IT,Mid,Time Management
4158,40,4.875,16,7.425,78.275,0.4,57.4825,HR,Mid,Communication Skills
4159,23,5.217391304347826,10,7.521739130434782,79.8695652173913,0.43478260869565216,50.117391304347834,Marketing,Mid,Time Management
4160,48,4.520833333333333,18,7.583333333333333,80.77083333333333,0.375,62.181250000000006,Operations,Mid,Communication Skills
4161,41,5.634146341463414,22,7.2926829268292686,79.39024390243902,0.5365853658536586,54.119512195121956,Marketing,Mid,Time Management
4162,44,5.113636363636363,18,7.5227272727272725,76.86363636363636,0.4090909090909091,58.38636363636364,HR,Mid,Time Management
4163,27,4.703703703703703,7,7.074074074074074,78.48148148148148,0.25925925925925924,56.56666666666667,Marketing,Mid,Communication Skills
4164,44,5.2272727272727275,17,7.568181818181818,80.25,0.38636363636363635,60.08409090909092,Finance,Mid,Communication Skills
4165,42,4.857142857142857,19,7.309523809523809,80.9047619047619,0.4523809523809524,57.5,Operations,Mid,Time Management
4166,23,4.521739130434782,10,7.086956521739131,76.91304347826087,0.43478260869565216,49.2304347826087,HR,Mid,Time Management
4167,37,4.945945945945946,21,7.4324324324324325,80.51351351351352,0.5675675675675675,51.92702702702702,Operations,Mid,Time Management
4168,25,5.24,12,7.6,78.6,0.48,49.18,Marketing,Mid,Time Management
4169,39,4.487179487179487,16,7.923076923076923,80.87179487179488,0.41025641025641024,57.55384615384615,IT,Mid,Time Management
4170,22,5.045454545454546,7,7.636363636363637,81.54545454545455,0.3181818181818182,53.71818181818182,IT,Mid,Communication Skills
4171,44,5.204545454545454,22,7.659090909090909,79.45454545454545,0.5,56.43636363636364,Finance,Mid,Time Management
4172,48,5.9375,30,7.375,77.8125,0.625,53.79375,IT,Mid,Time Management
4173,24,4.666666666666667,11,7.625,78.41666666666667,0.4583333333333333,49.37500000000001,IT,Mid,Time Management
4174,46,4.521739130434782,14,7.608695652173913,77.95652173913044,0.30434782608695654,62.65652173913043,IT,Mid,Communication Skills
4175,38,5.052631578947368,17,7.552631578947368,80.65789473684211,0.4473684210526316,55.97631578947369,HR,Mid,Time Management
4176,40,5.675,26,6.875,80.05,0.65,50.515,Finance,Mid,Time Management
4177,33,5.121212121212121,14,7.424242424242424,78.9090909090909,0.42424242424242425,54.14545454545454,HR,Mid,Time Management
4178,29,4.655172413793103,14,7.620689655172414,83.44827586206897,0.4827586206896552,52.15172413793103,HR,Mid,Time Management
4179,29,4.724137931034483,15,7.689655172413793,74.65517241379311,0.5172413793103449,48.47931034482759,Operations,Mid,Time Management
4180,39,5.0256410256410255,21,7.128205128205129,80.23076923076923,0.5384615384615384,53.51538461538462,HR,Mid,Time Management
4181,34,4.764705882352941,14,7.323529411764706,81.26470588235294,0.4117647058823529,55.62647058823529,Operations,Mid,Time Management
4182,24,5.25,10,7.666666666666667,76.70833333333333,0.4166666666666667,50.1125,IT,Mid,Time Management
4183,49,5.040816326530612,25,7.816326530612245,79.3265306122449,0.5102040816326531,58.09183673469387,Marketing,Mid,Time Management
4184,29,5.413793103448276,15,7.172413793103448,78.37931034482759,0.5172413793103449,49.59655172413793,Operations,Mid,Time Management
4185,23,4.739130434782608,14,7.391304347826087,82.73913043478261,0.6086956521739131,45.76086956521739,Finance,Mid,Time Management
4186,47,5.085106382978723,21,7.48936170212766,81.0,0.44680851063829785,59.695744680851064,HR,Mid,Time Management
4187,50,4.64,20,7.6,77.3,0.4,61.19,Finance,Mid,Communication Skills
4188,49,5.408163265306122,26,7.795918367346939,78.26530612244898,0.5306122448979592,57.16122448979592,Finance,Mid,Time Management
4189,20,4.55,6,7.45,80.35,0.3,53.105,HR,Mid,Communication Skills
4190,45,5.133333333333334,19,7.4222222222222225,81.55555555555556,0.4222222222222222,59.8,Finance,Mid,Time Management
4191,25,5.0,12,8.16,77.92,0.48,48.976,Marketing,Mid,Time Management
4192,45,4.355555555555555,18,7.333333333333333,82.57777777777778,0.4,60.77333333333333,HR,Mid,Communication Skills
4193,36,5.583333333333333,16,7.805555555555555,81.30555555555556,0.4444444444444444,55.458333333333336,HR,Mid,Time Management
4194,38,5.078947368421052,15,7.394736842105263,82.26315789473684,0.39473684210526316,58.036842105263155,Marketing,Mid,Communication Skills
4195,24,4.208333333333333,9,7.208333333333333,75.58333333333333,0.375,51.025,IT,Mid,Communication Skills
4196,25,5.28,13,7.4,77.44,0.52,47.632,Finance,Mid,Time Management
4197,45,5.4,24,7.555555555555555,79.15555555555555,0.5333333333333333,55.74666666666667,IT,Mid,Time Management
4198,46,4.891304347826087,22,7.565217391304348,81.82608695652173,0.4782608695652174,58.6,HR,Mid,Time Management
4199,37,4.621621621621622,14,7.756756756756757,81.91891891891892,0.3783783783783784,58.024324324324326,Marketing,Mid,Communication Skills
4200,25,5.08,13,8.0,81.6,0.52,48.879999999999995,Marketing,Mid,Time Management
4201,30,3.9,6,7.266666666666667,78.26666666666667,0.2,59.480000000000004,IT,Mid,Communication Skills
4202,41,5.2439024390243905,23,7.048780487804878,81.5609756097561,0.5609756097560976,54.0390243902439,IT,Mid,Time Management
4203,45,5.355555555555555,25,7.355555555555555,81.4,0.5555555555555556,55.75333333333333,Finance,Mid,Time Management
4204,32,4.9375,13,7.3125,83.90625,0.40625,55.784375,IT,Mid,Time Management
4205,42,5.571428571428571,21,7.523809523809524,79.57142857142857,0.5,55.67142857142857,IT,Mid,Time Management
4206,24,4.958333333333333,8,7.208333333333333,77.41666666666667,0.3333333333333333,52.825,Operations,Mid,Communication Skills
4207,22,4.363636363636363,6,7.363636363636363,88.27272727272727,0.2727272727272727,57.1,Finance,Mid,Communication Skills
4208,46,5.043478260869565,20,7.5,80.54347826086956,0.43478260869565216,59.51956521739131,Finance,Mid,Time Management
4209,43,5.186046511627907,22,7.511627906976744,78.06976744186046,0.5116279069767442,55.272093023255806,Operations,Mid,Time Management
4210,33,5.393939393939394,17,7.666666666666667,76.87878787878788,0.5151515151515151,50.80909090909091,Operations,Mid,Time Management
4211,33,4.393939393939394,19,7.484848484848484,79.9090909090909,0.5757575757575758,49.900000000000006,HR,Mid,Time Management
4212,24,5.458333333333333,11,7.291666666666667,76.79166666666667,0.4583333333333333,48.8875,Marketing,Mid,Time Management
4213,46,4.760869565217392,20,7.6521739130434785,79.80434782608695,0.43478260869565216,59.29782608695653,Operations,Mid,Time Management
4214,26,4.6923076923076925,12,7.576923076923077,80.42307692307692,0.46153846153846156,50.68076923076923,Operations,Mid,Time Management
4215,44,5.340909090909091,17,7.25,81.54545454545455,0.38636363636363635,60.47272727272728,IT,Mid,Communication Skills
4216,41,5.170731707317073,21,7.634146341463414,80.97560975609755,0.5121951219512195,55.326829268292684,Marketing,Mid,Time Management
4217,23,4.826086956521739,10,7.608695652173913,84.17391304347827,0.43478260869565216,51.40869565217392,Marketing,Mid,Time Management
4218,49,4.510204081632653,20,7.428571428571429,81.3061224489796,0.40816326530612246,61.7469387755102,HR,Mid,Time Management
4219,29,4.517241379310345,12,7.241379310344827,80.20689655172414,0.41379310344827586,53.248275862068965,Marketing,Mid,Time Management
4220,34,5.676470588235294,16,7.5588235294117645,79.29411764705883,0.47058823529411764,53.27058823529412,Operations,Mid,Time Management
4221,42,5.190476190476191,20,7.4523809523809526,78.85714285714286,0.47619047619047616,56.17142857142858,HR,Mid,Time Management
4222,49,5.020408163265306,20,7.591836734693878,80.59183673469387,0.40816326530612246,61.53265306122449,Marketing,Mid,Time Management
4223,32,4.5,14,7.6875,76.59375,0.4375,52.653125,Finance,Mid,Time Management
4224,34,6.0,19,7.147058823529412,78.02941176470588,0.5588235294117647,50.24411764705883,HR,Mid,Time Management
4225,29,4.551724137931035,12,7.724137931034483,82.51724137931035,0.41379310344827586,53.94137931034483,Operations,Mid,Time Management
4226,31,4.967741935483871,13,7.419354838709677,79.7741935483871,0.41935483870967744,53.751612903225805,Operations,Mid,Time Management
4227,24,4.375,9,7.708333333333333,82.54166666666667,0.375,53.1125,IT,Mid,Communication Skills
4228,35,5.057142857142857,13,7.542857142857143,81.2,0.37142857142857144,57.21714285714286,Finance,Mid,Communication Skills
4229,46,5.021739130434782,19,7.130434782608695,80.3913043478261,0.41304347826086957,60.12608695652174,Marketing,Mid,Time Management
4230,28,4.714285714285714,11,7.535714285714286,83.03571428571429,0.39285714285714285,54.325,Operations,Mid,Communication Skills
4231,22,5.0,11,7.5,79.95454545454545,0.5,47.78636363636363,Finance,Mid,Time Management
4232,23,5.521739130434782,12,7.478260869565218,77.04347826086956,0.5217391304347826,46.66086956521739,Marketing,Mid,Time Management
4233,31,6.096774193548387,18,7.580645161290323,79.0,0.5806451612903226,48.68064516129032,Marketing,Mid,Time Management
4234,49,4.489795918367347,18,7.918367346938775,77.95918367346938,0.3673469387755102,61.967346938775506,HR,Mid,Communication Skills
4235,43,5.093023255813954,19,7.4186046511627906,78.6046511627907,0.4418604651162791,57.52558139534884,Operations,Mid,Time Management
4236,36,4.222222222222222,11,7.472222222222222,81.83333333333333,0.3055555555555556,59.78333333333333,Finance,Mid,Communication Skills
4237,39,4.717948717948718,18,7.615384615384615,80.46153846153847,0.46153846153846156,55.892307692307696,Marketing,Mid,Time Management
4238,21,5.666666666666667,10,7.523809523809524,80.71428571428571,0.47619047619047616,48.32857142857142,Operations,Mid,Time Management
4239,25,5.84,13,7.76,85.08,0.52,49.92399999999999,IT,Mid,Time Management
4240,26,5.0,11,7.5,77.88461538461539,0.4230769230769231,51.073076923076925,HR,Mid,Time Management
4241,28,4.0,11,7.285714285714286,76.67857142857143,0.39285714285714285,52.417857142857144,HR,Mid,Communication Skills
4242,39,5.17948717948718,15,7.487179487179487,79.43589743589743,0.38461538461538464,57.89230769230769,Finance,Mid,Communication Skills
4243,42,4.928571428571429,24,7.523809523809524,75.69047619047619,0.5714285714285714,52.364285714285714,Marketing,Mid,Time Management
4244,43,5.790697674418604,22,7.441860465116279,77.37209302325581,0.5116279069767442,55.062790697674416,IT,Mid,Time Management
4245,39,4.538461538461538,17,7.564102564102564,76.56410256410257,0.4358974358974359,55.4923076923077,Marketing,Mid,Time Management
4246,39,4.769230769230769,16,7.743589743589744,78.6923076923077,0.41025641025641024,56.900000000000006,Operations,Mid,Time Management
4247,33,5.393939393939394,12,7.878787878787879,81.81818181818181,0.36363636363636365,56.83636363636363,IT,Mid,Communication Skills
4248,43,5.116279069767442,27,7.767441860465116,82.20930232558139,0.627906976744186,53.02558139534884,Operations,Mid,Time Management
4249,50,4.82,20,7.64,76.2,0.4,60.86,Finance,Mid,Communication Skills
4250,43,4.441860465116279,16,7.465116279069767,81.09302325581395,0.37209302325581395,60.36511627906977,HR,Mid,Communication Skills
4251,22,4.2272727272727275,6,7.409090909090909,81.13636363636364,0.2727272727272727,54.95909090909091,Finance,Mid,Communication Skills
4252,24,5.375,11,7.458333333333333,78.125,0.4583333333333333,49.28750000000001,IT,Mid,Time Management
4253,33,5.636363636363637,20,7.393939393939394,83.12121212121212,0.6060606060606061,49.95454545454545,Finance,Mid,Time Management
4254,34,4.264705882352941,9,7.794117647058823,79.0,0.2647058823529412,59.358823529411765,HR,Mid,Communication Skills
4255,31,4.774193548387097,14,7.548387096774194,78.74193548387096,0.45161290322580644,52.47419354838709,Marketing,Mid,Time Management
4256,29,5.517241379310345,13,7.620689655172414,83.62068965517241,0.4482758620689655,53.237931034482756,Finance,Mid,Time Management
4257,24,5.333333333333333,15,7.333333333333333,76.58333333333333,0.625,43.825,HR,Mid,Time Management
4258,48,5.041666666666667,25,7.541666666666667,77.75,0.5208333333333334,56.900000000000006,Operations,Mid,Time Management
4259,39,5.410256410256411,19,7.3076923076923075,82.74358974358974,0.48717948717948717,55.80769230769231,HR,Mid,Time Management
4260,32,3.4375,8,7.71875,82.0,0.25,59.89999999999999,Marketing,Mid,Communication Skills
4261,43,4.953488372093023,15,7.534883720930233,82.44186046511628,0.3488372093023256,61.467441860465115,Operations,Mid,Communication Skills
4262,33,4.909090909090909,10,7.2727272727272725,76.84848484848484,0.30303030303030304,57.16363636363636,IT,Mid,Communication Skills
4263,48,4.958333333333333,18,7.604166666666667,80.04166666666667,0.375,61.962500000000006,Operations,Mid,Communication Skills
4264,22,5.181818181818182,11,7.545454545454546,81.45454545454545,0.5,48.236363636363635,Marketing,Mid,Time Management
4265,33,4.454545454545454,16,7.636363636363637,80.87878787878788,0.48484848484848486,52.91818181818182,IT,Mid,Time Management
4266,26,5.461538461538462,13,7.653846153846154,78.5,0.5,48.95,HR,Mid,Time Management
4267,22,4.454545454545454,8,7.454545454545454,81.0909090909091,0.36363636363636365,52.21818181818182,Finance,Mid,Communication Skills
4268,36,4.722222222222222,13,7.694444444444445,82.05555555555556,0.3611111111111111,58.18333333333333,Marketing,Mid,Communication Skills
4269,45,5.022222222222222,18,7.2,81.88888888888889,0.4,60.56666666666666,HR,Mid,Communication Skills
4270,27,5.592592592592593,17,7.703703703703703,81.70370370370371,0.6296296296296297,46.422222222222224,IT,Mid,Time Management
4271,37,5.162162162162162,15,7.324324324324325,83.62162162162163,0.40540540540540543,57.72432432432433,IT,Mid,Time Management
4272,29,5.517241379310345,18,7.758620689655173,79.3103448275862,0.6206896551724138,46.77241379310345,Marketing,Mid,Time Management
4273,37,5.081081081081081,14,7.5675675675675675,81.78378378378379,0.3783783783783784,57.983783783783785,HR,Mid,Communication Skills
4274,48,5.083333333333333,21,7.645833333333333,80.22916666666667,0.4375,60.143750000000004,Marketing,Mid,Time Management
4275,27,4.407407407407407,12,7.518518518518518,78.70370370370371,0.4444444444444444,51.07777777777778,Operations,Mid,Time Management
4276,48,4.791666666666667,25,7.354166666666667,78.6875,0.5208333333333334,57.181250000000006,Operations,Mid,Time Management
4277,43,4.906976744186046,20,7.395348837209302,78.81395348837209,0.46511627906976744,56.89069767441861,HR,Mid,Time Management
4278,44,4.659090909090909,20,7.681818181818182,77.56818181818181,0.45454545454545453,57.23409090909091,Operations,Mid,Time Management
4279,45,4.911111111111111,17,7.6,78.15555555555555,0.37777777777777777,60.11333333333334,Operations,Mid,Communication Skills
4280,40,5.05,16,7.625,83.225,0.4,58.9675,IT,Mid,Communication Skills
4281,28,4.714285714285714,10,6.857142857142857,79.42857142857143,0.35714285714285715,54.31428571428572,Marketing,Mid,Communication Skills
4282,28,5.571428571428571,14,7.285714285714286,79.57142857142857,0.5,50.07142857142857,Operations,Mid,Time Management
4283,26,5.576923076923077,14,7.653846153846154,81.15384615384616,0.5384615384615384,48.59230769230769,Marketing,Mid,Time Management
4284,39,4.82051282051282,16,7.82051282051282,79.43589743589743,0.41025641025641024,57.12307692307692,IT,Mid,Time Management
4285,34,5.5588235294117645,16,7.264705882352941,81.3529411764706,0.47058823529411764,53.88823529411765,Operations,Mid,Time Management
4286,49,5.3061224489795915,22,7.428571428571429,77.93877551020408,0.4489795918367347,59.512244897959185,Finance,Mid,Time Management
4287,38,4.315789473684211,15,7.473684210526316,79.55263157894737,0.39473684210526316,57.223684210526315,Finance,Mid,Communication Skills
4288,25,4.6,8,7.76,81.52,0.32,54.855999999999995,Marketing,Mid,Communication Skills
4289,41,4.439024390243903,18,7.439024390243903,77.85365853658537,0.43902439024390244,56.585365853658544,HR,Mid,Time Management
4290,45,5.2444444444444445,19,7.777777777777778,81.11111111111111,0.4222222222222222,59.66666666666666,IT,Mid,Time Management
4291,42,4.690476190476191,22,7.428571428571429,77.88095238095238,0.5238095238095238,54.45,Finance,Mid,Time Management
4292,37,4.4324324324324325,13,7.135135135135135,78.75675675675676,0.35135135135135137,57.88648648648649,IT,Mid,Communication Skills
4293,34,5.117647058823529,16,7.647058823529412,77.91176470588235,0.47058823529411764,52.85588235294118,IT,Mid,Time Management
4294,28,5.214285714285714,15,7.5,80.42857142857143,0.5357142857142857,49.25714285714286,HR,Mid,Time Management
4295,31,5.580645161290323,13,7.67741935483871,84.03225806451613,0.41935483870967744,55.02903225806452,Finance,Mid,Time Management
4296,25,4.48,11,7.48,78.6,0.44,50.379999999999995,IT,Mid,Time Management
4297,33,6.242424242424242,24,7.757575757575758,83.81818181818181,0.7272727272727273,46.52727272727273,Operations,Mid,Time Management
4298,27,4.333333333333333,7,7.037037037037037,82.0,0.25925925925925924,57.62222222222222,IT,Mid,Communication Skills
4299,33,4.818181818181818,12,7.363636363636363,82.24242424242425,0.36363636363636365,56.96363636363637,Operations,Mid,Communication Skills
4300,24,5.041666666666667,9,7.166666666666667,77.04166666666667,0.375,51.462500000000006,Marketing,Mid,Communication Skills
4301,47,4.659574468085107,25,7.468085106382978,81.04255319148936,0.5319148936170213,57.155319148936165,Finance,Mid,Time Management
4302,50,5.4,27,7.34,82.86,0.54,58.658,Operations,Mid,Time Management
4303,27,5.481481481481482,14,7.666666666666667,81.92592592592592,0.5185185185185185,49.82222222222222,HR,Mid,Time Management
4304,23,5.3478260869565215,11,7.304347826086956,79.73913043478261,0.4782608695652174,48.77391304347826,Finance,Mid,Time Management
4305,50,5.3,18,7.4,79.48,0.36,63.044000000000004,Marketing,Mid,Communication Skills
4306,46,4.521739130434782,18,7.739130434782608,80.08695652173913,0.391304347826087,60.686956521739134,Marketing,Mid,Communication Skills
4307,34,5.117647058823529,14,7.5,81.05882352941177,0.4117647058823529,55.56470588235294,Operations,Mid,Time Management
4308,43,4.674418604651163,21,7.558139534883721,82.81395348837209,0.4883720930232558,57.39302325581396,Operations,Mid,Time Management
4309,42,4.166666666666667,9,7.404761904761905,79.14285714285714,0.21428571428571427,64.1142857142857,Finance,Mid,Communication Skills
4310,24,4.25,10,7.833333333333333,82.79166666666667,0.4166666666666667,51.9375,IT,Mid,Time Management
4311,31,4.612903225806452,16,7.548387096774194,77.93548387096774,0.5161290322580645,50.29677419354839,Finance,Mid,Time Management
4312,38,5.0,14,7.605263157894737,81.71052631578948,0.3684210526315789,58.660526315789475,Marketing,Mid,Communication Skills
4313,42,5.214285714285714,22,7.4523809523809526,78.73809523809524,0.5238095238095238,54.707142857142856,IT,Mid,Time Management
4314,49,4.8979591836734695,19,7.244897959183674,81.08163265306122,0.3877551020408163,62.291836734693874,HR,Mid,Communication Skills
4315,32,4.625,17,7.40625,82.9375,0.53125,51.74375,Marketing,Mid,Time Management
4316,38,4.7631578947368425,14,7.684210526315789,79.60526315789474,0.3684210526315789,58.02894736842106,Marketing,Mid,Communication Skills
4317,35,5.542857142857143,19,7.8,84.11428571428571,0.5428571428571428,52.94857142857143,Finance,Mid,Time Management
4318,30,5.266666666666667,15,7.666666666666667,85.06666666666666,0.5,52.519999999999996,Marketing,Mid,Time Management
4319,48,5.145833333333333,22,7.666666666666667,81.25,0.4583333333333333,59.825,HR,Mid,Time Management
4320,42,4.357142857142857,18,7.785714285714286,79.88095238095238,0.42857142857142855,57.90714285714286,Finance,Mid,Time Management
4321,41,4.512195121951219,16,7.2682926829268295,83.0,0.3902439024390244,59.59268292682927,Operations,Mid,Communication Skills
4322,38,4.473684210526316,20,7.7105263157894735,79.55263157894737,0.5263157894736842,53.276315789473685,Finance,Mid,Time Management
4323,50,5.36,20,7.52,82.22,0.4,62.666,Operations,Mid,Communication Skills
4324,43,4.511627906976744,18,7.209302325581396,78.74418604651163,0.4186046511627907,58.26511627906977,Operations,Mid,Time Management
4325,30,5.933333333333334,13,7.466666666666667,82.4,0.43333333333333335,53.72,Operations,Mid,Time Management
4326,33,4.9393939393939394,12,7.696969696969697,80.66666666666667,0.36363636363636365,56.490909090909085,Marketing,Mid,Communication Skills
4327,20,4.75,9,7.95,76.45,0.45,47.435,Finance,Mid,Time Management
4328,41,5.219512195121951,23,7.463414634146342,82.8780487804878,0.5609756097560976,54.43414634146342,Operations,Mid,Time Management
4329,31,5.870967741935484,18,7.903225806451613,79.3225806451613,0.5806451612903226,48.77741935483871,Operations,Mid,Time Management
4330,25,5.72,10,7.6,77.4,0.4,51.22,IT,Mid,Communication Skills
4331,42,3.880952380952381,14,7.428571428571429,81.35714285714286,0.3333333333333333,61.20714285714286,IT,Mid,Communication Skills
4332,44,4.840909090909091,19,7.954545454545454,76.11363636363636,0.4318181818181818,57.479545454545445,Finance,Mid,Time Management
4333,26,5.269230769230769,6,7.230769230769231,77.42307692307692,0.23076923076923078,56.70384615384614,Marketing,Mid,Communication Skills
4334,36,4.638888888888889,15,7.666666666666667,80.94444444444444,0.4166666666666667,56.18333333333333,Finance,Mid,Time Management
4335,45,4.866666666666666,19,7.444444444444445,80.55555555555556,0.4222222222222222,59.5,Finance,Mid,Time Management
4336,29,4.413793103448276,11,7.413793103448276,78.0,0.3793103448275862,53.62068965517241,Operations,Mid,Communication Skills
4337,40,4.825,14,7.5,80.225,0.35,59.567499999999995,Finance,Mid,Communication Skills
4338,27,4.962962962962963,10,7.296296296296297,79.25925925925925,0.37037037037037035,53.46666666666667,Operations,Mid,Communication Skills
4339,37,5.081081081081081,17,7.486486486486487,82.21621621621621,0.4594594594594595,55.68108108108108,HR,Mid,Time Management
4340,28,4.107142857142857,9,7.357142857142857,75.03571428571429,0.32142857142857145,54.06785714285714,HR,Mid,Communication Skills
4341,22,4.7727272727272725,12,7.409090909090909,79.04545454545455,0.5454545454545454,46.150000000000006,Finance,Mid,Time Management
4342,47,4.851063829787234,17,7.297872340425532,80.19148936170212,0.3617021276595745,62.00638297872341,IT,Mid,Communication Skills
4343,24,4.375,9,7.583333333333333,80.5,0.375,52.5,IT,Mid,Communication Skills
4344,32,4.8125,16,7.34375,78.84375,0.5,51.453125,Operations,Mid,Time Management
4345,45,4.2,17,7.888888888888889,78.88888888888889,0.37777777777777777,60.333333333333336,Marketing,Mid,Communication Skills
4346,24,4.166666666666667,6,7.458333333333333,79.375,0.25,55.9125,Operations,Mid,Communication Skills
4347,45,4.888888888888889,20,7.355555555555555,78.75555555555556,0.4444444444444444,58.29333333333334,Finance,Mid,Time Management
4348,34,5.411764705882353,18,7.382352941176471,77.70588235294117,0.5294117647058824,51.029411764705884,HR,Mid,Time Management
4349,49,5.081632653061225,28,7.26530612244898,81.36734693877551,0.5714285714285714,56.86734693877551,HR,Mid,Time Management
4350,34,4.617647058823529,16,7.4411764705882355,82.58823529411765,0.47058823529411764,54.25882352941177,HR,Mid,Time Management
4351,32,4.4375,9,7.15625,78.71875,0.28125,57.97812499999999,Marketing,Mid,Communication Skills
4352,27,4.37037037037037,12,7.481481481481482,81.14814814814815,0.4444444444444444,51.81111111111112,Finance,Mid,Time Management
4353,22,5.454545454545454,7,7.318181818181818,77.5909090909091,0.3181818181818182,52.53181818181818,IT,Mid,Communication Skills
4354,36,4.833333333333333,15,7.638888888888889,81.05555555555556,0.4166666666666667,56.21666666666667,Operations,Mid,Time Management
4355,27,5.2592592592592595,12,7.814814814814815,78.48148148148148,0.4444444444444444,51.01111111111111,Finance,Mid,Time Management
4356,29,4.241379310344827,11,7.0344827586206895,76.55172413793103,0.3793103448275862,53.186206896551724,Operations,Mid,Communication Skills
4357,22,4.7727272727272725,10,7.7272727272727275,75.5,0.45454545454545453,47.81363636363636,Finance,Mid,Time Management
4358,41,4.7073170731707314,17,7.341463414634147,80.39024390243902,0.4146341463414634,58.07804878048781,Finance,Mid,Time Management
4359,37,4.54054054054054,17,7.648648648648648,77.83783783783784,0.4594594594594595,54.36756756756757,Marketing,Mid,Time Management
4360,28,4.464285714285714,10,7.928571428571429,81.25,0.35714285714285715,54.86071428571429,Operations,Mid,Communication Skills
4361,38,5.105263157894737,18,7.342105263157895,76.47368421052632,0.47368421052631576,53.93157894736842,Marketing,Mid,Time Management
4362,41,4.7073170731707314,14,7.487804878048781,80.53658536585365,0.34146341463414637,60.3170731707317,Finance,Mid,Communication Skills
4363,33,4.848484848484849,15,7.484848484848484,83.75757575757575,0.45454545454545453,54.69090909090909,HR,Mid,Time Management
4364,41,4.7317073170731705,17,7.390243902439025,78.34146341463415,0.4146341463414634,57.463414634146346,Finance,Mid,Time Management
4365,27,4.888888888888889,15,7.518518518518518,78.11111111111111,0.5555555555555556,47.56666666666666,HR,Mid,Time Management
4366,43,4.651162790697675,13,7.744186046511628,81.37209302325581,0.3023255813953488,62.54186046511629,Finance,Mid,Communication Skills
4367,48,4.458333333333333,16,7.604166666666667,80.08333333333333,0.3333333333333333,63.225,Marketing,Mid,Communication Skills
4368,31,5.483870967741935,15,7.451612903225806,82.54838709677419,0.4838709677419355,52.64838709677419,HR,Mid,Time Management
4369,33,4.090909090909091,14,7.333333333333333,81.57575757575758,0.42424242424242425,54.94545454545454,Operations,Mid,Time Management
4370,46,4.195652173913044,17,7.608695652173913,82.30434782608695,0.3695652173913043,62.004347826086956,Operations,Mid,Communication Skills
4371,24,4.458333333333333,10,7.625,81.33333333333333,0.4166666666666667,51.5,IT,Mid,Time Management
4372,26,4.730769230769231,11,7.384615384615385,80.26923076923077,0.4230769230769231,51.78846153846153,Marketing,Mid,Time Management
4373,46,4.260869565217392,18,7.434782608695652,78.15217391304348,0.391304347826087,60.10652173913044,Finance,Mid,Communication Skills
4374,35,4.9714285714285715,16,7.457142857142857,79.17142857142858,0.45714285714285713,54.03714285714286,Operations,Mid,Time Management
4375,28,5.071428571428571,12,7.607142857142857,82.0,0.42857142857142855,52.942857142857136,Finance,Mid,Time Management
4376,45,4.5777777777777775,12,7.8,78.37777777777778,0.26666666666666666,63.513333333333335,IT,Mid,Communication Skills
4377,29,4.482758620689655,12,7.344827586206897,79.10344827586206,0.41379310344827586,52.91724137931035,Marketing,Mid,Time Management
4378,36,5.25,16,7.611111111111111,79.11111111111111,0.4444444444444444,54.800000000000004,IT,Mid,Time Management
4379,49,4.653061224489796,17,7.428571428571429,79.44897959183673,0.3469387755102041,63.0265306122449,Finance,Mid,Communication Skills
4380,44,5.159090909090909,20,7.590909090909091,79.38636363636364,0.45454545454545453,57.779545454545456,Operations,Mid,Time Management
4381,43,5.27906976744186,21,7.5813953488372094,78.27906976744185,0.4883720930232558,56.032558139534885,Finance,Mid,Time Management
4382,23,5.260869565217392,14,7.173913043478261,79.6086956521739,0.6086956521739131,44.82173913043478,Finance,Mid,Time Management
4383,28,5.071428571428571,16,7.178571428571429,77.21428571428571,0.5714285714285714,47.22142857142857,Marketing,Mid,Time Management
4384,30,5.0,15,7.0,77.23333333333333,0.5,50.17,IT,Mid,Time Management
4385,27,4.851851851851852,16,7.555555555555555,88.4074074074074,0.5925925925925926,49.54444444444445,Finance,Mid,Time Management
4386,48,5.3125,26,7.583333333333333,79.08333333333333,0.5416666666666666,56.675,Operations,Mid,Time Management
4387,27,5.851851851851852,13,7.333333333333333,79.81481481481481,0.48148148148148145,50.3,Marketing,Mid,Time Management
4388,43,4.883720930232558,14,7.488372093023256,79.04651162790698,0.32558139534883723,61.146511627906975,HR,Mid,Communication Skills
4389,27,5.481481481481482,15,7.62962962962963,82.96296296296296,0.5555555555555556,49.022222222222226,IT,Mid,Time Management
4390,23,4.608695652173913,10,7.260869565217392,84.6086956521739,0.43478260869565216,51.53913043478261,Operations,Mid,Time Management
4391,28,4.892857142857143,11,7.25,81.25,0.39285714285714285,53.78928571428572,Operations,Mid,Communication Skills
4392,36,4.083333333333333,13,7.388888888888889,79.16666666666667,0.3611111111111111,57.31666666666666,IT,Mid,Communication Skills
4393,35,4.9714285714285715,15,7.285714285714286,78.37142857142857,0.42857142857142855,54.65428571428571,Operations,Mid,Time Management
4394,40,4.575,19,7.625,78.7,0.475,55.36,IT,Mid,Time Management
4395,43,4.813953488372093,21,7.558139534883721,78.34883720930233,0.4883720930232558,56.05348837209303,HR,Mid,Time Management
4396,29,5.0,11,7.344827586206897,79.17241379310344,0.3793103448275862,53.97241379310344,Marketing,Mid,Communication Skills
4397,29,4.310344827586207,11,7.758620689655173,77.72413793103448,0.3793103448275862,53.53793103448275,Operations,Mid,Communication Skills
4398,24,4.25,6,7.666666666666667,82.95833333333333,0.25,56.9875,IT,Mid,Communication Skills
4399,30,5.466666666666667,12,7.433333333333334,81.83333333333333,0.4,54.55,HR,Mid,Communication Skills
4400,33,4.606060606060606,12,7.606060606060606,79.54545454545455,0.36363636363636365,56.154545454545456,Operations,Mid,Communication Skills
4401,25,4.04,7,7.4,78.04,0.28,55.012,IT,Mid,Communication Skills
4402,40,4.3,16,7.5,81.975,0.4,58.5925,HR,Mid,Communication Skills
4403,43,5.3023255813953485,23,7.3023255813953485,77.95348837209302,0.5348837209302325,54.53953488372093,IT,Mid,Time Management
4404,41,5.609756097560975,24,7.487804878048781,81.34146341463415,0.5853658536585366,53.241463414634154,Finance,Mid,Time Management
4405,45,4.955555555555556,18,7.466666666666667,77.17777777777778,0.4,59.153333333333336,HR,Mid,Communication Skills
4406,47,4.148936170212766,20,7.787234042553192,78.65957446808511,0.425531914893617,59.63191489361702,IT,Mid,Time Management
4407,21,5.333333333333333,12,7.238095238095238,77.52380952380952,0.5714285714285714,44.51428571428572,HR,Mid,Time Management
4408,43,4.8604651162790695,22,7.534883720930233,81.55813953488372,0.5116279069767442,56.31860465116279,Operations,Mid,Time Management
4409,46,5.282608695652174,22,7.608695652173913,80.3695652173913,0.4782608695652174,58.163043478260875,Marketing,Mid,Time Management
4410,36,4.638888888888889,17,7.555555555555555,78.22222222222223,0.4722222222222222,53.7,Finance,Mid,Time Management
4411,33,4.515151515151516,11,7.484848484848484,81.21212121212122,0.3333333333333333,57.56363636363636,HR,Mid,Communication Skills
4412,44,4.818181818181818,17,7.363636363636363,78.18181818181819,0.38636363636363635,59.46363636363637,IT,Mid,Communication Skills
4413,25,4.56,8,7.12,85.92,0.32,56.176,Marketing,Mid,Communication Skills
4414,25,4.64,5,7.92,79.32,0.2,57.79599999999999,Marketing,Mid,Communication Skills
4415,21,5.238095238095238,9,7.571428571428571,76.9047619047619,0.42857142857142855,48.614285714285714,HR,Mid,Time Management
4416,22,5.409090909090909,9,7.545454545454546,78.22727272727273,0.4090909090909091,49.99545454545455,Finance,Mid,Time Management
4417,26,4.730769230769231,9,7.423076923076923,79.76923076923077,0.34615384615384615,53.94615384615385,HR,Mid,Communication Skills
4418,33,5.03030303030303,18,7.666666666666667,79.96969696969697,0.5454545454545454,50.82727272727273,IT,Mid,Time Management
4419,42,4.5476190476190474,19,7.357142857142857,79.02380952380952,0.4523809523809524,56.93571428571428,Operations,Mid,Time Management
4420,27,5.37037037037037,13,7.555555555555555,79.4074074074074,0.48148148148148145,50.17777777777778,Marketing,Mid,Time Management
4421,47,4.680851063829787,19,7.361702127659575,79.76595744680851,0.40425531914893614,60.602127659574464,Marketing,Mid,Time Management
4422,37,5.324324324324325,20,7.513513513513513,82.27027027027027,0.5405405405405406,53.26486486486486,IT,Mid,Time Management
4423,20,5.55,9,7.7,78.7,0.45,48.11,IT,Mid,Time Management
4424,46,4.934782608695652,23,7.565217391304348,80.0,0.5,57.400000000000006,Operations,Mid,Time Management
4425,50,5.48,22,7.1,78.28,0.44,60.28399999999999,HR,Mid,Time Management
4426,28,5.678571428571429,17,7.357142857142857,81.03571428571429,0.6071428571428571,47.29642857142858,Marketing,Mid,Time Management
4427,22,4.2727272727272725,8,7.2727272727272725,82.22727272727273,0.36363636363636365,52.55909090909091,IT,Mid,Communication Skills
4428,45,4.777777777777778,24,7.466666666666667,80.44444444444444,0.5333333333333333,56.13333333333333,Marketing,Mid,Time Management
4429,33,4.878787878787879,17,7.393939393939394,82.54545454545455,0.5151515151515151,52.509090909090915,HR,Mid,Time Management
4430,29,4.241379310344827,8,7.275862068965517,82.27586206896552,0.27586206896551724,58.00689655172414,Finance,Mid,Communication Skills
4431,35,5.428571428571429,20,7.571428571428571,80.45714285714286,0.5714285714285714,50.99428571428571,HR,Mid,Time Management
4432,37,5.081081081081081,16,7.621621621621622,80.32432432432432,0.43243243243243246,55.92432432432432,Operations,Mid,Time Management
4433,45,5.044444444444444,23,7.6,80.64444444444445,0.5111111111111111,56.86,IT,Mid,Time Management
4434,22,4.7727272727272725,11,7.7727272727272725,79.0909090909091,0.5,47.52727272727273,IT,Mid,Time Management
4435,37,4.972972972972973,19,7.594594594594595,79.5945945945946,0.5135135135135135,53.27297297297297,Operations,Mid,Time Management
4436,46,4.956521739130435,20,7.413043478260869,83.47826086956522,0.43478260869565216,60.400000000000006,Operations,Mid,Time Management
4437,21,5.380952380952381,11,7.761904761904762,80.95238095238095,0.5238095238095238,46.97142857142857,Operations,Mid,Time Management
4438,33,5.0606060606060606,12,7.484848484848484,78.18181818181819,0.36363636363636365,55.74545454545455,HR,Mid,Communication Skills
4439,21,5.190476190476191,8,7.190476190476191,79.14285714285714,0.38095238095238093,50.714285714285715,HR,Mid,Communication Skills
4440,49,5.224489795918367,24,7.6938775510204085,78.22448979591837,0.4897959183673469,58.37346938775511,Marketing,Mid,Time Management
4441,43,4.558139534883721,16,7.232558139534884,83.81395348837209,0.37209302325581395,61.181395348837206,Operations,Mid,Communication Skills
4442,43,4.767441860465116,19,7.255813953488372,80.5813953488372,0.4418604651162791,58.1186046511628,HR,Mid,Time Management
4443,28,5.107142857142857,14,7.821428571428571,74.32142857142857,0.5,48.496428571428574,Marketing,Mid,Time Management
4444,28,5.857142857142857,19,7.142857142857143,81.71428571428571,0.6785714285714286,45.357142857142854,Finance,Mid,Time Management
4445,50,4.64,20,7.6,81.4,0.4,62.42,Finance,Mid,Communication Skills
4446,26,5.3076923076923075,11,7.615384615384615,79.57692307692308,0.4230769230769231,51.58076923076923,Marketing,Mid,Time Management
4447,45,5.533333333333333,24,7.888888888888889,80.4,0.5333333333333333,56.120000000000005,Marketing,Mid,Time Management
4448,25,5.28,11,7.44,77.72,0.44,50.116,IT,Mid,Time Management
4449,42,4.785714285714286,22,7.642857142857143,81.4047619047619,0.5238095238095238,55.50714285714285,HR,Mid,Time Management
4450,22,5.090909090909091,13,7.2727272727272725,81.0909090909091,0.5909090909090909,45.4,HR,Mid,Time Management
4451,35,4.8,13,7.371428571428571,79.94285714285714,0.37142857142857144,56.84,HR,Mid,Communication Skills
4452,21,4.380952380952381,10,7.523809523809524,79.9047619047619,0.47619047619047616,48.08571428571428,Operations,Mid,Time Management
4453,21,6.142857142857143,10,7.666666666666667,77.23809523809524,0.47619047619047616,47.285714285714285,IT,Mid,Time Management
4454,43,4.976744186046512,16,7.511627906976744,79.53488372093024,0.37209302325581395,59.89767441860465,HR,Mid,Communication Skills
4455,36,4.5,13,7.888888888888889,82.63888888888889,0.3611111111111111,58.35833333333333,Operations,Mid,Communication Skills
4456,37,5.216216216216216,17,7.297297297297297,78.67567567567568,0.4594594594594595,54.61891891891892,Operations,Mid,Time Management
4457,36,4.472222222222222,16,7.361111111111111,81.27777777777777,0.4444444444444444,55.45,IT,Mid,Time Management
4458,20,5.1,9,7.85,77.95,0.45,47.885000000000005,Finance,Mid,Time Management
4459,36,4.75,13,7.361111111111111,80.19444444444444,0.3611111111111111,57.625,HR,Mid,Communication Skills
4460,31,5.032258064516129,11,7.580645161290323,77.19354838709677,0.3548387096774194,54.91290322580645,Finance,Mid,Communication Skills
4461,48,4.895833333333333,17,7.604166666666667,78.39583333333333,0.3541666666666667,62.09375,HR,Mid,Communication Skills
4462,28,5.0,13,7.357142857142857,76.35714285714286,0.4642857142857143,50.17857142857143,Finance,Mid,Time Management
4463,40,4.75,19,7.7,82.425,0.475,56.4775,Operations,Mid,Time Management
4464,28,4.5,9,7.5,80.10714285714286,0.32142857142857145,55.589285714285715,HR,Mid,Communication Skills
4465,27,4.444444444444445,10,7.555555555555555,81.77777777777777,0.37037037037037035,54.22222222222222,IT,Mid,Communication Skills
4466,32,4.90625,10,7.65625,76.84375,0.3125,56.47812499999999,Finance,Mid,Communication Skills
4467,28,4.785714285714286,10,7.785714285714286,78.85714285714286,0.35714285714285715,54.142857142857146,Marketing,Mid,Communication Skills
4468,40,5.5,19,7.45,78.475,0.475,55.2925,Operations,Mid,Time Management
4469,48,5.125,21,7.6875,78.25,0.4375,59.55,Operations,Mid,Time Management
4470,37,5.216216216216216,17,7.648648648648648,79.08108108108108,0.4594594594594595,54.74054054054054,Finance,Mid,Time Management
4471,20,4.6,8,7.5,79.85,0.4,49.955,Operations,Mid,Communication Skills
4472,33,5.545454545454546,15,7.484848484848484,76.60606060606061,0.45454545454545453,52.54545454545455,Marketing,Mid,Time Management
4473,23,5.391304347826087,11,7.565217391304348,79.78260869565217,0.4782608695652174,48.78695652173913,HR,Mid,Time Management
4474,34,5.0588235294117645,16,7.323529411764706,81.32352941176471,0.47058823529411764,53.879411764705885,IT,Mid,Time Management
4475,39,4.3076923076923075,15,7.3076923076923075,74.64102564102564,0.38461538461538464,56.45384615384615,Operations,Mid,Communication Skills
4476,32,5.25,14,7.4375,82.1875,0.4375,54.33125,Operations,Mid,Time Management
4477,38,5.157894736842105,19,7.5,82.3157894736842,0.5,54.89473684210526,Operations,Mid,Time Management
4478,35,4.0,14,7.6,81.25714285714285,0.4,56.37714285714286,Operations,Mid,Communication Skills
4479,23,5.173913043478261,7,7.739130434782608,80.43478260869566,0.30434782608695654,54.2,Finance,Mid,Communication Skills
4480,48,5.666666666666667,25,7.3125,84.16666666666667,0.5208333333333334,58.825,IT,Mid,Time Management
4481,33,3.9393939393939394,10,7.424242424242424,82.24242424242425,0.30303030303030304,58.78181818181818,HR,Mid,Communication Skills
4482,47,5.170212765957447,18,7.170212765957447,81.1063829787234,0.3829787234042553,61.64255319148937,Operations,Mid,Communication Skills
4483,29,4.448275862068965,12,7.620689655172414,80.72413793103448,0.41379310344827586,53.40344827586207,HR,Mid,Time Management
4484,33,5.303030303030303,16,7.515151515151516,77.72727272727273,0.48484848484848486,51.972727272727276,IT,Mid,Time Management
4485,22,4.909090909090909,10,7.363636363636363,74.77272727272727,0.45454545454545453,47.595454545454544,IT,Mid,Time Management
4486,24,3.875,9,7.458333333333333,82.95833333333333,0.375,53.2375,Finance,Mid,Communication Skills
4487,34,5.647058823529412,20,7.705882352941177,82.26470588235294,0.5882352941176471,50.63235294117647,HR,Mid,Time Management
4488,22,5.181818181818182,11,7.545454545454546,78.9090909090909,0.5,47.47272727272727,Operations,Mid,Time Management
4489,21,6.809523809523809,16,7.523809523809524,81.47619047619048,0.7619047619047619,39.98571428571429,Finance,Junior,Time Management
4490,22,5.136363636363637,5,7.409090909090909,82.9090909090909,0.22727272727272727,56.85454545454545,HR,Mid,Communication Skills
4491,32,4.78125,17,7.28125,83.0,0.53125,51.7625,HR,Mid,Time Management
4492,35,5.314285714285714,18,7.542857142857143,75.82857142857142,0.5142857142857142,51.32,Marketing,Mid,Time Management
4493,26,5.846153846153846,15,7.461538461538462,76.1923076923077,0.5769230769230769,45.95,IT,Mid,Time Management
4494,37,5.324324324324325,17,7.5675675675675675,79.1891891891892,0.4594594594594595,54.77297297297298,Marketing,Mid,Time Management
4495,28,5.0,15,7.607142857142857,80.89285714285714,0.5357142857142857,49.39642857142857,Finance,Mid,Time Management
4496,38,5.078947368421052,18,7.526315789473684,79.8157894736842,0.47368421052631576,54.934210526315795,Operations,Mid,Time Management
4497,35,5.685714285714286,19,7.257142857142857,81.4,0.5428571428571428,52.13428571428572,IT,Mid,Time Management
4498,20,4.65,6,7.45,79.7,0.3,52.91,Marketing,Mid,Communication Skills
4499,24,4.833333333333333,14,7.25,78.16666666666667,0.5833333333333334,45.55,Finance,Mid,Time Management
4500,40,5.45,19,7.525,80.15,0.475,55.795,HR,Mid,Time Management
4501,41,5.0,18,7.414634146341464,82.8780487804878,0.43902439024390244,58.09268292682927,Operations,Mid,Time Management
4502,45,4.955555555555556,21,7.6,81.22222222222223,0.4666666666666667,58.36666666666667,HR,Mid,Time Management
4503,33,5.303030303030303,12,6.96969696969697,79.84848484848484,0.36363636363636365,56.24545454545454,Marketing,Mid,Communication Skills
4504,34,4.794117647058823,17,7.264705882352941,83.41176470588235,0.5,53.62352941176471,IT,Mid,Time Management
4505,30,4.733333333333333,13,7.733333333333333,82.66666666666667,0.43333333333333335,53.8,IT,Mid,Time Management
4506,28,5.285714285714286,13,7.392857142857143,77.28571428571429,0.4642857142857143,50.457142857142856,Operations,Mid,Time Management
4507,41,4.634146341463414,21,7.439024390243903,81.21951219512195,0.5121951219512195,55.4,Finance,Mid,Time Management
4508,24,4.375,6,7.291666666666667,79.41666666666667,0.25,55.925,Marketing,Mid,Communication Skills
4509,50,4.62,21,7.64,80.52,0.42,61.556000000000004,IT,Mid,Time Management
4510,25,5.88,16,7.24,79.6,0.64,44.67999999999999,IT,Mid,Time Management
4511,29,5.103448275862069,19,7.275862068965517,78.55172413793103,0.6551724137931034,45.51034482758621,HR,Mid,Time Management
4512,41,4.902439024390244,19,7.146341463414634,80.58536585365853,0.4634146341463415,56.673170731707316,Marketing,Mid,Time Management
4513,21,4.857142857142857,7,7.380952380952381,81.0,0.3333333333333333,52.7,Operations,Mid,Communication Skills
4514,50,5.46,27,7.46,76.4,0.54,56.72,Operations,Mid,Time Management
4515,36,5.5,15,7.5,80.16666666666667,0.4166666666666667,55.95,Finance,Mid,Time Management
4516,37,5.648648648648648,20,7.4324324324324325,79.8108108108108,0.5405405405405406,52.527027027027025,Finance,Mid,Time Management
4517,44,4.886363636363637,17,7.431818181818182,80.56818181818181,0.38636363636363635,60.17954545454546,Marketing,Mid,Communication Skills
4518,42,5.571428571428571,21,7.190476190476191,78.33333333333333,0.5,55.3,IT,Mid,Time Management
4519,40,4.125,15,7.25,75.45,0.375,57.385000000000005,Operations,Mid,Communication Skills
4520,28,4.892857142857143,16,7.392857142857143,79.46428571428571,0.5714285714285714,47.89642857142857,Marketing,Mid,Time Management
4521,26,5.230769230769231,8,7.615384615384615,80.8076923076923,0.3076923076923077,55.41153846153846,IT,Mid,Communication Skills
4522,42,4.690476190476191,18,7.5476190476190474,82.0952380952381,0.42857142857142855,58.57142857142857,IT,Mid,Time Management
4523,32,5.25,21,7.25,80.71875,0.65625,47.328125,Operations,Mid,Time Management
4524,33,5.242424242424242,14,7.757575757575758,78.12121212121212,0.42424242424242425,53.90909090909091,HR,Mid,Time Management
4525,41,4.2926829268292686,12,7.512195121951219,80.39024390243902,0.2926829268292683,61.736585365853664,Finance,Mid,Communication Skills
4526,49,5.285714285714286,22,7.489795918367347,84.6938775510204,0.4489795918367347,61.53877551020408,IT,Mid,Time Management
4527,23,5.478260869565218,10,7.521739130434782,81.78260869565217,0.43478260869565216,50.69130434782609,IT,Mid,Time Management
4528,49,5.551020408163265,25,7.591836734693878,79.12244897959184,0.5102040816326531,58.03061224489796,IT,Mid,Time Management
4529,37,5.648648648648648,15,7.594594594594595,79.72972972972973,0.40540540540540543,56.556756756756755,Finance,Mid,Time Management
4530,46,5.086956521739131,21,7.217391304347826,76.78260869565217,0.45652173913043476,57.73913043478261,Marketing,Mid,Time Management
4531,34,4.4411764705882355,13,7.588235294117647,84.76470588235294,0.38235294117647056,57.55882352941177,HR,Mid,Communication Skills
4532,25,5.0,10,7.76,78.68,0.4,51.604,IT,Mid,Communication Skills
4533,39,4.461538461538462,17,7.17948717948718,80.23076923076923,0.4358974358974359,56.5923076923077,IT,Mid,Time Management
4534,30,4.133333333333334,12,7.5,77.16666666666667,0.4,53.150000000000006,Marketing,Mid,Communication Skills
4535,41,4.780487804878049,21,7.414634146341464,79.02439024390245,0.5121951219512195,54.74146341463415,Finance,Mid,Time Management
4536,34,4.735294117647059,15,7.647058823529412,79.91176470588235,0.4411764705882353,54.33823529411765,HR,Mid,Time Management
4537,49,5.408163265306122,24,7.469387755102041,79.0204081632653,0.4897959183673469,58.61224489795919,Finance,Mid,Time Management
4538,34,4.9411764705882355,19,7.470588235294118,76.8529411764706,0.5588235294117647,49.891176470588235,Operations,Mid,Time Management
4539,25,4.84,11,7.6,78.6,0.44,50.379999999999995,IT,Mid,Time Management
4540,25,5.44,10,7.64,80.88,0.4,52.263999999999996,Operations,Mid,Communication Skills
4541,44,4.7272727272727275,17,7.5,83.86363636363636,0.38636363636363635,61.16818181818182,IT,Mid,Communication Skills
4542,39,4.487179487179487,15,7.410256410256411,80.94871794871794,0.38461538461538464,58.34615384615384,HR,Mid,Communication Skills
4543,24,4.833333333333333,10,7.875,77.875,0.4166666666666667,50.4625,Marketing,Mid,Time Management
4544,24,5.833333333333333,10,7.541666666666667,78.04166666666667,0.4166666666666667,50.5125,HR,Mid,Time Management
4545,39,4.538461538461538,20,7.564102564102564,80.46153846153847,0.5128205128205128,54.353846153846156,Operations,Mid,Time Management
4546,34,5.205882352941177,15,7.088235294117647,82.79411764705883,0.4411764705882353,55.20294117647059,Finance,Mid,Time Management
4547,46,4.760869565217392,22,7.478260869565218,79.34782608695652,0.4782608695652174,57.856521739130436,Marketing,Mid,Time Management
4548,28,6.357142857142857,19,7.464285714285714,80.64285714285714,0.6785714285714286,45.03571428571428,IT,Mid,Time Management
4549,36,5.583333333333333,20,7.527777777777778,81.75,0.5555555555555556,52.25833333333333,Finance,Mid,Time Management
4550,32,4.40625,10,7.71875,84.875,0.3125,58.887499999999996,Marketing,Mid,Communication Skills
4551,20,4.5,6,7.6,83.15,0.3,53.945,HR,Mid,Communication Skills
4552,22,5.636363636363637,13,7.454545454545454,82.18181818181819,0.5909090909090909,45.72727272727273,IT,Mid,Time Management
4553,49,4.469387755102041,20,7.428571428571429,79.08163265306122,0.40816326530612246,61.07959183673469,IT,Mid,Time Management
4554,39,4.897435897435898,14,7.538461538461538,81.53846153846153,0.358974358974359,59.292307692307695,HR,Mid,Communication Skills
4555,30,5.366666666666666,14,7.466666666666667,80.4,0.4666666666666667,52.120000000000005,Operations,Mid,Time Management
4556,31,5.064516129032258,15,7.387096774193548,80.16129032258064,0.4838709677419355,51.93225806451613,HR,Mid,Time Management
4557,31,5.870967741935484,16,7.225806451612903,81.54838709677419,0.5161290322580645,51.38064516129032,Operations,Mid,Time Management
4558,34,5.029411764705882,19,7.323529411764706,81.6470588235294,0.5588235294117647,51.32941176470588,HR,Mid,Time Management
4559,26,4.730769230769231,11,7.384615384615385,84.38461538461539,0.4230769230769231,53.02307692307692,HR,Mid,Time Management
4560,33,4.636363636363637,14,7.666666666666667,79.21212121212122,0.42424242424242425,54.236363636363635,HR,Mid,Time Management
4561,48,5.6875,25,7.3125,80.02083333333333,0.5208333333333334,57.58125,HR,Mid,Time Management
4562,20,5.15,10,7.45,79.9,0.5,46.97,Marketing,Mid,Time Management
4563,24,5.208333333333333,15,7.5,87.04166666666667,0.625,46.962500000000006,HR,Mid,Time Management
4564,26,4.846153846153846,11,7.230769230769231,79.15384615384616,0.4230769230769231,51.45384615384616,HR,Mid,Time Management
4565,34,5.205882352941177,19,7.4411764705882355,81.32352941176471,0.5588235294117647,51.23235294117647,Marketing,Mid,Time Management
4566,25,3.96,9,7.4,82.16,0.36,53.848,Marketing,Mid,Communication Skills
4567,22,5.090909090909091,13,7.409090909090909,82.86363636363636,0.5909090909090909,45.93181818181817,HR,Mid,Time Management
4568,27,4.185185185185185,12,7.777777777777778,77.0,0.4444444444444444,50.56666666666666,IT,Mid,Time Management
4569,49,5.183673469387755,26,7.653061224489796,80.81632653061224,0.5306122448979592,57.9265306122449,IT,Mid,Time Management
4570,37,5.5675675675675675,19,7.297297297297297,84.45945945945945,0.5135135135135135,54.73243243243243,HR,Mid,Time Management
4571,24,5.333333333333333,9,7.791666666666667,76.66666666666667,0.375,51.35,HR,Mid,Communication Skills
4572,36,5.944444444444445,23,7.361111111111111,79.36111111111111,0.6388888888888888,49.04166666666667,Marketing,Mid,Time Management
4573,49,5.061224489795919,21,7.73469387755102,82.06122448979592,0.42857142857142855,61.36122448979592,Operations,Mid,Time Management
4574,32,5.0625,12,7.46875,82.34375,0.375,56.253125,Marketing,Mid,Communication Skills
4575,22,4.909090909090909,14,7.590909090909091,77.27272727272727,0.6363636363636364,42.89090909090909,Finance,Mid,Time Management
4576,40,5.45,21,7.5,79.625,0.525,54.1375,IT,Mid,Time Management
4577,22,4.7727272727272725,9,7.954545454545454,78.4090909090909,0.4090909090909091,50.05,Marketing,Mid,Time Management
4578,40,5.275,20,7.425,82.575,0.5,55.7725,HR,Mid,Time Management
4579,31,4.838709677419355,15,7.580645161290323,83.29032258064517,0.4838709677419355,52.87096774193549,HR,Mid,Time Management
4580,42,4.714285714285714,17,7.5476190476190474,77.88095238095238,0.40476190476190477,58.02142857142857,Marketing,Mid,Time Management
4581,48,4.5,19,7.604166666666667,78.1875,0.3958333333333333,60.78125,HR,Mid,Communication Skills
4582,23,4.3478260869565215,9,7.434782608695652,82.73913043478261,0.391304347826087,52.28260869565217,Operations,Mid,Communication Skills
4583,25,5.16,13,8.04,77.84,0.52,47.751999999999995,Marketing,Mid,Time Management
4584,48,4.625,19,7.583333333333333,74.5625,0.3958333333333333,59.69375,IT,Mid,Communication Skills
4585,21,4.619047619047619,7,7.809523809523809,82.71428571428571,0.3333333333333333,53.21428571428572,IT,Mid,Communication Skills
4586,23,5.043478260869565,7,7.608695652173913,79.08695652173913,0.30434782608695654,53.79565217391304,HR,Mid,Communication Skills
4587,24,5.0,10,7.833333333333333,80.79166666666667,0.4166666666666667,51.3375,IT,Mid,Time Management
4588,48,4.625,20,7.666666666666667,77.875,0.4166666666666667,60.0625,Marketing,Mid,Time Management
4589,44,5.25,23,7.159090909090909,81.0909090909091,0.5227272727272727,56.24545454545455,HR,Mid,Time Management
4590,26,5.153846153846154,12,7.423076923076923,80.42307692307692,0.46153846153846156,50.68076923076923,Operations,Mid,Time Management
4591,32,5.21875,14,7.0625,78.28125,0.4375,53.159375,Marketing,Mid,Time Management
4592,30,5.3,14,7.733333333333333,79.46666666666667,0.4666666666666667,51.84,IT,Mid,Time Management
4593,38,4.7894736842105265,17,7.315789473684211,81.05263157894737,0.4473684210526316,56.09473684210526,Marketing,Mid,Time Management
4594,47,5.404255319148936,24,7.446808510638298,81.55319148936171,0.5106382978723404,57.946808510638306,IT,Mid,Time Management
4595,30,5.066666666666666,18,7.433333333333334,79.0,0.6,47.7,IT,Mid,Time Management
4596,23,5.434782608695652,12,7.478260869565218,82.34782608695652,0.5217391304347826,48.25217391304348,HR,Mid,Time Management
4597,22,5.7727272727272725,12,7.636363636363637,80.72727272727273,0.5454545454545454,46.654545454545456,Marketing,Mid,Time Management
4598,40,4.75,18,7.4,79.3,0.45,56.29,IT,Mid,Time Management
4599,20,4.3,9,7.3,80.85,0.45,48.754999999999995,HR,Mid,Time Management
4600,38,5.578947368421052,15,7.526315789473684,81.6842105263158,0.39473684210526316,57.863157894736844,IT,Mid,Communication Skills
4601,41,4.439024390243903,15,7.463414634146342,80.65853658536585,0.36585365853658536,59.62195121951219,IT,Mid,Communication Skills
4602,50,5.4,26,7.06,78.76,0.52,58.028,Marketing,Mid,Time Management
4603,42,4.976190476190476,23,7.571428571428571,79.14285714285714,0.5476190476190477,54.114285714285714,Finance,Mid,Time Management
4604,36,5.805555555555555,20,7.555555555555555,81.58333333333333,0.5555555555555556,52.20833333333333,Finance,Mid,Time Management
4605,30,5.166666666666667,13,7.433333333333334,79.43333333333334,0.43333333333333335,52.83,Finance,Mid,Time Management
4606,36,5.611111111111111,14,7.583333333333333,79.88888888888889,0.3888888888888889,56.7,Operations,Mid,Communication Skills
4607,29,3.9310344827586206,13,7.137931034482759,83.75862068965517,0.4482758620689655,53.27931034482759,Finance,Mid,Time Management
4608,20,5.05,10,7.3,80.6,0.5,47.17999999999999,Operations,Mid,Time Management
4609,32,4.4375,14,7.8125,80.375,0.4375,53.7875,Finance,Mid,Time Management
4610,40,4.9,17,7.325,80.6,0.425,57.42999999999999,IT,Mid,Time Management
4611,38,5.657894736842105,21,7.2368421052631575,78.92105263157895,0.5526315789473685,52.29736842105263,IT,Mid,Time Management
4612,37,5.027027027027027,16,7.675675675675675,81.02702702702703,0.43243243243243246,56.13513513513513,Marketing,Mid,Time Management
4613,26,5.153846153846154,11,7.538461538461538,80.42307692307692,0.4230769230769231,51.834615384615375,Marketing,Mid,Time Management
4614,41,5.2682926829268295,15,7.609756097560975,80.97560975609755,0.36585365853658536,59.7170731707317,Marketing,Mid,Communication Skills
4615,32,5.0625,14,7.78125,81.1875,0.4375,54.03125,Marketing,Mid,Time Management
4616,42,4.4523809523809526,17,7.595238095238095,79.30952380952381,0.40476190476190477,58.45,HR,Mid,Time Management
4617,20,5.75,9,7.35,83.3,0.45,49.489999999999995,Marketing,Mid,Time Management
4618,49,4.63265306122449,22,7.63265306122449,79.36734693877551,0.4489795918367347,59.94081632653061,Operations,Mid,Time Management
4619,38,4.473684210526316,12,7.631578947368421,78.97368421052632,0.3157894736842105,59.41842105263159,IT,Mid,Communication Skills
4620,30,5.0,11,7.733333333333333,76.76666666666667,0.36666666666666664,54.03,Operations,Mid,Communication Skills
4621,50,5.16,21,7.62,81.48,0.42,61.84400000000001,HR,Mid,Time Management
4622,37,4.081081081081081,10,7.54054054054054,80.10810810810811,0.2702702702702703,60.72432432432433,Finance,Mid,Communication Skills
4623,40,5.725,19,7.3,81.975,0.475,56.3425,IT,Mid,Time Management
4624,38,5.921052631578948,23,7.7105263157894735,82.47368421052632,0.6052631578947368,51.78421052631579,IT,Mid,Time Management
4625,39,4.410256410256411,18,7.538461538461538,77.0,0.46153846153846156,54.85384615384615,Marketing,Mid,Time Management
4626,32,4.5625,13,7.625,77.375,0.40625,53.825,Marketing,Mid,Time Management
4627,22,4.636363636363637,9,7.0,80.22727272727273,0.4090909090909091,50.595454545454544,Finance,Mid,Time Management
4628,28,5.285714285714286,8,7.571428571428571,84.39285714285714,0.2857142857142857,57.94642857142857,Finance,Mid,Communication Skills
4629,45,4.933333333333334,23,7.444444444444445,78.33333333333333,0.5111111111111111,56.16666666666667,IT,Mid,Time Management
4630,25,4.6,14,7.68,78.56,0.56,46.768,Finance,Mid,Time Management
4631,43,5.27906976744186,21,7.604651162790698,78.76744186046511,0.4883720930232558,56.17906976744186,Marketing,Mid,Time Management
4632,31,5.161290322580645,16,7.419354838709677,77.03225806451613,0.5161290322580645,50.0258064516129,HR,Mid,Time Management
4633,43,4.744186046511628,15,7.72093023255814,79.67441860465117,0.3488372093023256,60.63720930232559,HR,Mid,Communication Skills
4634,44,5.25,20,7.636363636363637,79.77272727272727,0.45454545454545453,57.89545454545455,Marketing,Mid,Time Management
4635,25,4.6,8,7.44,79.12,0.32,54.135999999999996,Marketing,Mid,Communication Skills
4636,40,4.8,14,7.625,78.35,0.35,59.004999999999995,IT,Mid,Communication Skills
4637,39,5.615384615384615,17,7.564102564102564,79.07692307692308,0.4358974358974359,56.24615384615385,HR,Mid,Time Management
4638,37,5.621621621621622,18,7.351351351351352,81.54054054054055,0.4864864864864865,54.66756756756757,Finance,Mid,Time Management
4639,30,4.533333333333333,12,7.033333333333333,81.7,0.4,54.510000000000005,HR,Mid,Communication Skills
4640,35,4.742857142857143,12,7.6,77.88571428571429,0.34285714285714286,57.08,Marketing,Mid,Communication Skills
4641,20,5.1,9,7.7,78.05,0.45,47.915,HR,Mid,Time Management
4642,23,4.3478260869565215,7,7.434782608695652,78.21739130434783,0.30434782608695654,53.53478260869565,HR,Mid,Communication Skills
4643,43,4.790697674418604,24,7.790697674418604,80.3953488372093,0.5581395348837209,54.57441860465116,HR,Mid,Time Management
4644,28,4.5,8,7.464285714285714,78.92857142857143,0.2857142857142857,56.307142857142864,IT,Mid,Communication Skills
4645,35,5.371428571428571,18,7.0285714285714285,76.71428571428571,0.5142857142857142,51.58571428571429,Marketing,Mid,Time Management
4646,48,4.645833333333333,17,7.166666666666667,79.35416666666667,0.3541666666666667,62.38125000000001,Marketing,Mid,Communication Skills
4647,38,4.815789473684211,19,7.2105263157894735,78.92105263157895,0.5,53.876315789473686,Operations,Mid,Time Management
4648,38,5.5,23,7.7894736842105265,81.28947368421052,0.6052631578947368,51.42894736842105,Operations,Mid,Time Management
4649,44,4.636363636363637,16,7.590909090909091,80.04545454545455,0.36363636363636365,60.70454545454545,IT,Mid,Communication Skills
4650,49,4.836734693877551,21,7.448979591836735,80.08163265306122,0.42857142857142855,60.76734693877552,Finance,Mid,Time Management
4651,33,5.181818181818182,17,7.242424242424242,79.36363636363636,0.5151515151515151,51.55454545454546,Operations,Mid,Time Management
4652,33,5.424242424242424,17,7.878787878787879,79.75757575757575,0.5151515151515151,51.67272727272727,Finance,Mid,Time Management
4653,39,4.3076923076923075,13,7.384615384615385,81.8974358974359,0.3333333333333333,60.16923076923078,IT,Mid,Communication Skills
4654,33,5.242424242424242,13,7.636363636363637,76.18181818181819,0.3939393939393939,54.236363636363635,Finance,Mid,Communication Skills
4655,24,4.916666666666667,9,7.625,78.625,0.375,51.9375,IT,Mid,Communication Skills
4656,41,4.780487804878049,23,7.463414634146342,80.1219512195122,0.5609756097560976,53.607317073170734,Operations,Mid,Time Management
4657,24,4.5,8,7.75,80.70833333333333,0.3333333333333333,53.8125,HR,Mid,Communication Skills
4658,40,4.725,15,7.55,82.375,0.375,59.4625,Finance,Mid,Communication Skills
4659,20,4.1,8,7.0,82.45,0.4,50.735,IT,Mid,Communication Skills
4660,50,4.72,21,7.46,81.34,0.42,61.80200000000001,HR,Mid,Time Management
4661,44,4.818181818181818,21,7.340909090909091,80.25,0.4772727272727273,57.356818181818184,Operations,Mid,Time Management
4662,27,4.962962962962963,8,7.333333333333333,83.74074074074075,0.2962962962962963,57.03333333333333,Marketing,Mid,Communication Skills
4663,30,5.333333333333333,15,7.6,81.13333333333334,0.5,51.34,Operations,Mid,Time Management
4664,34,5.529411764705882,14,7.411764705882353,79.55882352941177,0.4117647058823529,55.11470588235294,Finance,Mid,Time Management
4665,25,5.64,14,7.72,76.68,0.56,46.204,Operations,Mid,Time Management
4666,23,6.130434782608695,14,7.434782608695652,79.69565217391305,0.6086956521739131,44.84782608695652,Operations,Mid,Time Management
4667,35,4.4,11,7.428571428571429,80.77142857142857,0.3142857142857143,58.802857142857135,IT,Mid,Communication Skills
4668,44,5.590909090909091,23,7.545454545454546,80.54545454545455,0.5227272727272727,56.081818181818186,Operations,Mid,Time Management
4669,22,4.181818181818182,7,7.5,78.72727272727273,0.3181818181818182,52.872727272727275,Finance,Mid,Communication Skills
4670,28,5.107142857142857,16,7.714285714285714,78.92857142857143,0.5714285714285714,47.73571428571428,Operations,Mid,Time Management
4671,38,4.526315789473684,15,7.552631578947368,78.15789473684211,0.39473684210526316,56.80526315789474,Marketing,Mid,Communication Skills
4672,46,4.3478260869565215,10,7.630434782608695,78.67391304347827,0.21739130434782608,65.48043478260871,HR,Mid,Communication Skills
4673,48,4.291666666666667,14,7.5625,78.10416666666667,0.2916666666666667,63.88125000000001,Finance,Mid,Communication Skills
4674,28,4.5,11,7.357142857142857,82.64285714285714,0.39285714285714285,54.207142857142856,Finance,Mid,Communication Skills
4675,40,5.4,20,7.5,77.825,0.5,54.3475,IT,Mid,Time Management
4676,30,4.633333333333334,17,7.7,80.5,0.5666666666666667,49.15,Operations,Mid,Time Management
4677,24,5.25,8,7.458333333333333,81.41666666666667,0.3333333333333333,54.025000000000006,IT,Mid,Communication Skills
4678,49,5.36734693877551,22,7.591836734693878,80.28571428571429,0.4489795918367347,60.21632653061225,Finance,Mid,Time Management
4679,48,4.5625,21,7.520833333333333,81.16666666666667,0.4375,60.425000000000004,Operations,Mid,Time Management
4680,28,5.392857142857143,14,7.428571428571429,78.85714285714286,0.5,49.85714285714286,IT,Mid,Time Management
4681,42,5.761904761904762,25,7.714285714285714,81.92857142857143,0.5952380952380952,53.52142857142857,Finance,Mid,Time Management
4682,28,5.035714285714286,13,6.928571428571429,79.67857142857143,0.4642857142857143,51.175,Operations,Mid,Time Management
4683,30,4.866666666666666,10,7.6,77.76666666666667,0.3333333333333333,55.33,Operations,Mid,Communication Skills
4684,45,4.8,21,7.6,78.4,0.4666666666666667,57.519999999999996,HR,Mid,Time Management
4685,20,4.95,10,7.45,79.15,0.5,46.745000000000005,Finance,Mid,Time Management
4686,25,4.88,12,7.56,79.84,0.48,49.55200000000001,Marketing,Mid,Time Management
4687,31,5.741935483870968,19,7.419354838709677,83.48387096774194,0.6129032258064516,49.058064516129036,Operations,Mid,Time Management
4688,50,5.12,25,7.46,79.66,0.5,58.897999999999996,HR,Mid,Time Management
4689,46,5.3478260869565215,22,7.565217391304348,78.97826086956522,0.4782608695652174,57.745652173913044,HR,Mid,Time Management
4690,27,4.62962962962963,8,7.888888888888889,78.5925925925926,0.2962962962962963,55.488888888888894,Operations,Mid,Communication Skills
4691,33,5.2727272727272725,12,7.242424242424242,82.0,0.36363636363636365,56.89090909090909,Operations,Mid,Communication Skills
4692,30,4.466666666666667,10,7.4,80.8,0.3333333333333333,56.239999999999995,Operations,Mid,Communication Skills
4693,21,5.428571428571429,12,7.476190476190476,81.57142857142857,0.5714285714285714,45.72857142857143,IT,Mid,Time Management
4694,41,5.341463414634147,17,7.2926829268292686,78.8780487804878,0.4146341463414634,57.62439024390244,HR,Mid,Time Management
4695,24,5.75,14,7.625,83.75,0.5833333333333334,47.225,IT,Mid,Time Management
4696,45,5.088888888888889,20,7.511111111111111,78.02222222222223,0.4444444444444444,58.07333333333334,IT,Mid,Time Management
4697,34,4.147058823529412,6,7.205882352941177,78.44117647058823,0.17647058823529413,61.838235294117645,Operations,Mid,Communication Skills
4698,26,5.3076923076923075,9,7.5,80.73076923076923,0.34615384615384615,54.23461538461538,Marketing,Mid,Communication Skills
4699,35,5.371428571428571,19,7.628571428571429,79.94285714285714,0.5428571428571428,51.69714285714285,Finance,Mid,Time Management
4700,29,5.275862068965517,17,7.482758620689655,75.10344827586206,0.5862068965517241,46.54482758620689,Marketing,Mid,Time Management
4701,20,5.35,7,7.3,80.05,0.35,51.515,Finance,Mid,Communication Skills
4702,20,4.1,9,7.25,78.65,0.45,48.095,Operations,Mid,Time Management
4703,36,5.305555555555555,14,7.833333333333333,81.77777777777777,0.3888888888888889,57.266666666666666,IT,Mid,Communication Skills
4704,41,5.024390243902439,18,7.341463414634147,78.65853658536585,0.43902439024390244,56.826829268292684,Operations,Mid,Time Management
4705,29,5.206896551724138,17,7.586206896551724,78.34482758620689,0.5862068965517241,47.51724137931035,Marketing,Mid,Time Management
4706,29,5.482758620689655,18,7.793103448275862,78.96551724137932,0.6206896551724138,46.66896551724138,Operations,Mid,Time Management
4707,39,5.230769230769231,18,7.6923076923076925,81.38461538461539,0.46153846153846156,56.169230769230765,Marketing,Mid,Time Management
4708,24,5.125,13,7.5,79.04166666666667,0.5416666666666666,47.0625,Finance,Mid,Time Management
4709,30,4.7,15,7.3,82.3,0.5,51.69,Marketing,Mid,Time Management
4710,35,5.714285714285714,20,7.371428571428571,78.02857142857142,0.5714285714285714,50.26571428571428,Operations,Mid,Time Management
4711,50,4.22,17,7.48,78.14,0.34,63.242,Marketing,Mid,Communication Skills
4712,47,5.276595744680851,24,7.51063829787234,79.8936170212766,0.5106382978723404,57.44893617021277,IT,Mid,Time Management
4713,43,4.906976744186046,23,7.325581395348837,80.76744186046511,0.5348837209302325,55.383720930232556,HR,Mid,Time Management
4714,42,5.214285714285714,20,7.404761904761905,77.42857142857143,0.47619047619047616,55.74285714285715,Marketing,Mid,Time Management
4715,31,4.709677419354839,12,7.290322580645161,80.74193548387096,0.3870967741935484,55.00967741935484,IT,Mid,Communication Skills
4716,34,5.0588235294117645,13,7.705882352941177,78.76470588235294,0.38235294117647056,55.75882352941177,Operations,Mid,Communication Skills
4717,40,5.725,17,7.65,83.7,0.425,58.36,HR,Mid,Time Management
4718,50,4.88,20,7.82,84.92,0.4,63.476,Finance,Mid,Communication Skills
4719,46,4.891304347826087,16,7.326086956521739,80.80434782608695,0.34782608695652173,62.20652173913044,IT,Mid,Communication Skills
4720,28,5.142857142857143,13,7.642857142857143,80.89285714285714,0.4642857142857143,51.53928571428571,IT,Mid,Time Management
4721,32,4.375,8,7.4375,80.59375,0.25,59.47812499999999,Operations,Mid,Communication Skills
4722,31,4.290322580645161,11,7.387096774193548,81.7741935483871,0.3548387096774194,56.28709677419356,Finance,Mid,Communication Skills
4723,22,4.7272727272727275,9,7.7272727272727275,78.5909090909091,0.4090909090909091,50.10454545454546,Finance,Mid,Time Management
4724,35,5.685714285714286,12,7.485714285714286,80.28571428571429,0.34285714285714286,57.8,IT,Mid,Communication Skills
4725,35,5.685714285714286,18,7.0285714285714285,80.28571428571429,0.5142857142857142,52.65714285714286,Finance,Mid,Time Management
4726,49,4.8979591836734695,22,7.408163265306122,81.3061224489796,0.4489795918367347,60.52244897959184,Finance,Mid,Time Management
4727,38,4.7894736842105265,16,7.894736842105263,80.05263157894737,0.42105263157894735,56.584210526315786,Operations,Mid,Time Management
4728,37,4.864864864864865,16,7.5675675675675675,80.05405405405405,0.43243243243243246,55.843243243243236,Marketing,Mid,Time Management
4729,43,5.441860465116279,25,7.627906976744186,76.86046511627907,0.5813953488372093,52.81627906976744,Marketing,Mid,Time Management
4730,36,4.166666666666667,12,7.638888888888889,82.38888888888889,0.3333333333333333,59.116666666666674,IT,Mid,Communication Skills
4731,41,4.975609756097561,20,7.219512195121951,82.8780487804878,0.4878048780487805,56.62926829268293,Finance,Mid,Time Management
4732,31,5.129032258064516,14,7.096774193548387,82.48387096774194,0.45161290322580644,53.596774193548384,HR,Mid,Time Management
4733,28,5.357142857142857,8,7.642857142857143,78.07142857142857,0.2857142857142857,56.050000000000004,Operations,Mid,Communication Skills
4734,38,4.473684210526316,15,7.552631578947368,84.13157894736842,0.39473684210526316,58.597368421052636,IT,Mid,Communication Skills
4735,50,5.7,27,7.6,79.54,0.54,57.662,Marketing,Mid,Time Management
4736,25,5.24,8,7.28,82.36,0.32,55.108,Finance,Mid,Communication Skills
4737,33,4.7272727272727275,13,7.333333333333333,79.33333333333333,0.3939393939393939,55.18181818181818,IT,Mid,Communication Skills
4738,26,4.730769230769231,14,7.346153846153846,82.0,0.5384615384615384,48.84615384615384,Operations,Mid,Time Management
4739,41,4.585365853658536,20,7.390243902439025,78.70731707317073,0.4878048780487805,55.3780487804878,Marketing,Mid,Time Management
4740,28,5.428571428571429,11,7.642857142857143,80.60714285714286,0.39285714285714285,53.596428571428575,HR,Mid,Communication Skills
4741,36,4.944444444444445,19,7.861111111111111,82.33333333333333,0.5277777777777778,53.266666666666666,Operations,Mid,Time Management
4742,35,5.571428571428571,17,7.3428571428571425,76.97142857142858,0.4857142857142857,52.519999999999996,IT,Mid,Time Management
4743,42,5.380952380952381,16,7.380952380952381,78.80952380952381,0.38095238095238093,59.01428571428572,Finance,Mid,Communication Skills
4744,37,5.4324324324324325,19,7.675675675675675,78.24324324324324,0.5135135135135135,52.86756756756756,Operations,Mid,Time Management
4745,22,4.818181818181818,10,7.045454545454546,82.86363636363636,0.45454545454545453,50.022727272727266,IT,Mid,Time Management
4746,33,5.636363636363637,16,7.757575757575758,81.36363636363636,0.48484848484848486,53.06363636363636,Marketing,Mid,Time Management
4747,37,5.594594594594595,19,7.648648648648648,81.0,0.5135135135135135,53.69459459459459,Finance,Mid,Time Management
4748,20,5.25,9,7.2,79.6,0.45,48.379999999999995,Operations,Mid,Time Management
4749,50,4.96,26,7.54,83.0,0.52,59.3,IT,Mid,Time Management
4750,39,4.871794871794871,19,7.3076923076923075,73.15384615384616,0.48717948717948717,52.93076923076923,IT,Mid,Time Management
4751,49,4.591836734693878,20,7.653061224489796,82.10204081632654,0.40816326530612246,61.98571428571429,IT,Mid,Time Management
4752,24,4.75,10,7.166666666666667,77.83333333333333,0.4166666666666667,50.449999999999996,Marketing,Mid,Time Management
4753,50,5.0,23,7.5,78.18,0.46,59.654,Finance,Mid,Time Management
4754,25,4.24,6,7.36,80.68,0.24,57.004,Operations,Mid,Communication Skills
4755,50,4.7,18,7.56,79.74,0.36,63.122,Marketing,Mid,Communication Skills
4756,39,4.769230769230769,17,7.358974358974359,77.76923076923077,0.4358974358974359,55.85384615384616,HR,Mid,Time Management
4757,35,4.942857142857143,15,7.314285714285714,79.68571428571428,0.42857142857142855,55.04857142857143,Marketing,Mid,Time Management
4758,33,4.454545454545454,11,7.363636363636363,83.42424242424242,0.3333333333333333,58.227272727272734,Operations,Mid,Communication Skills
4759,34,4.823529411764706,14,7.529411764705882,83.41176470588235,0.4117647058823529,56.27058823529411,IT,Mid,Time Management
4760,47,5.1063829787234045,21,7.574468085106383,79.76595744680851,0.44680851063829785,59.32553191489362,Finance,Mid,Time Management
4761,27,4.2592592592592595,13,7.518518518518518,77.96296296296296,0.48148148148148145,49.74444444444445,IT,Mid,Time Management
4762,21,4.476190476190476,9,7.571428571428571,80.19047619047619,0.42857142857142855,49.6,Finance,Mid,Time Management
4763,43,4.255813953488372,12,7.488372093023256,79.27906976744185,0.27906976744186046,62.61162790697674,IT,Mid,Communication Skills
4764,31,4.483870967741935,14,7.548387096774194,78.74193548387096,0.45161290322580644,52.47419354838709,Marketing,Mid,Time Management
4765,46,4.5,21,7.608695652173913,80.80434782608695,0.45652173913043476,58.94565217391305,IT,Mid,Time Management
4766,22,5.090909090909091,8,7.2727272727272725,83.72727272727273,0.36363636363636365,53.009090909090915,HR,Mid,Communication Skills
4767,27,5.0,13,7.481481481481482,80.44444444444444,0.48148148148148145,50.488888888888894,Finance,Mid,Time Management
4768,20,4.95,11,8.0,76.65,0.55,44.495000000000005,IT,Mid,Time Management
4769,33,4.242424242424242,10,7.181818181818182,79.96969696969697,0.30303030303030304,58.099999999999994,IT,Mid,Communication Skills
4770,27,5.296296296296297,12,7.444444444444445,78.88888888888889,0.4444444444444444,51.13333333333333,HR,Mid,Time Management
4771,30,4.4,12,7.4,74.8,0.4,52.44,Marketing,Mid,Communication Skills
4772,22,5.0,10,7.590909090909091,78.9090909090909,0.45454545454545453,48.836363636363636,Finance,Mid,Time Management
4773,30,5.233333333333333,14,7.966666666666667,82.3,0.4666666666666667,52.69,Operations,Mid,Time Management
4774,20,3.85,9,7.35,72.05,0.45,46.114999999999995,IT,Mid,Time Management
4775,32,5.8125,19,7.4375,79.9375,0.59375,48.96875,Finance,Mid,Time Management
4776,45,4.844444444444444,18,7.533333333333333,80.08888888888889,0.4,60.02666666666667,Finance,Mid,Communication Skills
4777,26,5.076923076923077,12,7.6923076923076925,81.11538461538461,0.46153846153846156,50.888461538461534,Finance,Mid,Time Management
4778,41,5.7073170731707314,23,7.7560975609756095,77.4390243902439,0.5609756097560976,52.80243902439024,Marketing,Mid,Time Management
4779,46,5.260869565217392,22,7.391304347826087,79.73913043478261,0.4782608695652174,57.97391304347826,Marketing,Mid,Time Management
4780,30,5.5,14,7.233333333333333,77.86666666666666,0.4666666666666667,51.36,Marketing,Mid,Time Management
4781,45,4.4,18,7.311111111111111,80.68888888888888,0.4,60.20666666666666,Marketing,Mid,Communication Skills
4782,32,4.0,11,7.625,79.4375,0.34375,56.318749999999994,Marketing,Mid,Communication Skills
4783,20,4.65,5,7.7,78.4,0.25,54.019999999999996,HR,Mid,Communication Skills
4784,22,4.636363636363637,7,7.5,75.81818181818181,0.3181818181818182,52.0,Marketing,Mid,Communication Skills
4785,30,5.433333333333334,15,7.366666666666666,79.0,0.5,50.7,Finance,Mid,Time Management
4786,34,4.794117647058823,14,7.323529411764706,79.88235294117646,0.4117647058823529,55.21176470588235,Operations,Mid,Time Management
4787,44,4.7272727272727275,18,7.613636363636363,78.8409090909091,0.4090909090909091,58.97954545454546,Operations,Mid,Time Management
4788,49,5.0,20,7.571428571428571,81.65306122448979,0.40816326530612246,61.851020408163265,IT,Mid,Time Management
4789,24,4.5,12,7.125,82.20833333333333,0.5,49.2625,HR,Mid,Time Management
4790,21,5.380952380952381,12,7.904761904761905,82.28571428571429,0.5714285714285714,45.94285714285715,Marketing,Mid,Time Management
4791,43,4.4186046511627906,20,7.558139534883721,81.90697674418605,0.46511627906976744,57.8186046511628,Finance,Mid,Time Management
4792,24,4.625,9,7.625,80.08333333333333,0.375,52.375,HR,Mid,Communication Skills
4793,20,4.05,8,7.6,76.65,0.4,48.995000000000005,Operations,Mid,Communication Skills
4794,38,5.631578947368421,19,7.473684210526316,79.28947368421052,0.5,53.98684210526316,Operations,Mid,Time Management
4795,41,4.585365853658536,18,7.804878048780488,82.3170731707317,0.43902439024390244,57.92439024390244,HR,Mid,Time Management
4796,20,4.8,5,7.5,80.0,0.25,54.5,Marketing,Mid,Communication Skills
4797,28,4.321428571428571,7,7.571428571428571,77.75,0.25,57.025000000000006,Finance,Mid,Communication Skills
4798,45,4.822222222222222,21,7.2444444444444445,82.2,0.4666666666666667,58.66,Finance,Mid,Time Management
4799,22,5.545454545454546,14,7.363636363636363,80.0909090909091,0.6363636363636364,43.736363636363635,Marketing,Mid,Time Management
4800,46,5.326086956521739,18,7.195652173913044,80.82608695652173,0.391304347826087,60.90869565217392,IT,Mid,Communication Skills
4801,26,5.153846153846154,15,7.230769230769231,75.46153846153847,0.5769230769230769,45.730769230769226,HR,Mid,Time Management
4802,31,4.935483870967742,11,7.580645161290323,79.61290322580645,0.3548387096774194,55.63870967741936,HR,Mid,Communication Skills
4803,26,5.423076923076923,12,7.846153846153846,78.34615384615384,0.46153846153846156,50.05769230769231,Operations,Mid,Time Management
4804,41,6.2439024390243905,28,7.121951219512195,76.95121951219512,0.6829268292682927,48.99756097560976,HR,Mid,Time Management
4805,38,5.2894736842105265,18,7.394736842105263,79.28947368421052,0.47368421052631576,54.776315789473685,Operations,Mid,Time Management
4806,20,4.8,9,7.25,80.35,0.45,48.605,Finance,Mid,Time Management
4807,23,5.173913043478261,9,7.782608695652174,79.30434782608695,0.391304347826087,51.25217391304348,Marketing,Mid,Communication Skills
4808,23,5.217391304347826,10,7.739130434782608,82.47826086956522,0.43478260869565216,50.900000000000006,Marketing,Mid,Time Management
4809,42,4.119047619047619,15,7.5476190476190474,80.5952380952381,0.35714285714285715,60.26428571428572,IT,Mid,Communication Skills
4810,34,4.911764705882353,15,7.5588235294117645,84.82352941176471,0.4411764705882353,55.811764705882354,Operations,Mid,Time Management
4811,25,4.64,12,7.4,77.52,0.48,48.855999999999995,HR,Mid,Time Management
4812,45,4.711111111111111,20,7.4222222222222225,79.91111111111111,0.4444444444444444,58.64,Marketing,Mid,Time Management
4813,39,5.076923076923077,15,7.564102564102564,81.38461538461539,0.38461538461538464,58.47692307692307,HR,Mid,Communication Skills
4814,39,5.512820512820513,17,7.461538461538462,81.46153846153847,0.4358974358974359,56.96153846153847,HR,Mid,Time Management
4815,23,5.304347826086956,10,7.826086956521739,77.78260869565217,0.43478260869565216,49.49130434782609,Operations,Mid,Time Management
4816,27,5.037037037037037,11,7.333333333333333,83.25925925925925,0.4074074074074074,53.55555555555556,Marketing,Mid,Time Management
4817,22,5.454545454545454,9,7.590909090909091,75.0,0.4090909090909091,49.02727272727273,IT,Mid,Time Management
4818,30,4.433333333333334,13,7.6,82.73333333333333,0.43333333333333335,53.82,Operations,Mid,Time Management
4819,35,5.542857142857143,14,7.0285714285714285,79.42857142857143,0.4,55.82857142857143,Operations,Mid,Communication Skills
4820,42,4.9523809523809526,16,7.523809523809524,80.33333333333333,0.38095238095238093,59.471428571428575,Marketing,Mid,Communication Skills
4821,37,4.27027027027027,14,7.756756756756757,83.24324324324324,0.3783783783783784,58.421621621621625,Finance,Mid,Communication Skills
4822,31,5.0,16,7.387096774193548,81.51612903225806,0.5161290322580645,51.37096774193548,Finance,Mid,Time Management
4823,38,4.947368421052632,18,7.552631578947368,82.36842105263158,0.47368421052631576,55.7,HR,Mid,Time Management
4824,39,4.948717948717949,14,7.589743589743589,79.07692307692308,0.358974358974359,58.55384615384616,Finance,Mid,Communication Skills
4825,22,5.7727272727272725,12,7.090909090909091,79.36363636363636,0.5454545454545454,46.24545454545455,IT,Mid,Time Management
4826,22,6.136363636363637,17,7.590909090909091,79.36363636363636,0.7727272727272727,39.42727272727273,HR,Junior,Time Management
4827,39,5.358974358974359,22,7.384615384615385,78.38461538461539,0.5641025641025641,52.19230769230769,IT,Mid,Time Management
4828,25,4.32,10,7.8,80.28,0.4,52.084,Finance,Mid,Communication Skills
4829,35,4.885714285714286,16,7.685714285714286,78.42857142857143,0.45714285714285713,53.81428571428572,HR,Mid,Time Management
4830,27,4.592592592592593,9,7.925925925925926,77.66666666666667,0.3333333333333333,54.10000000000001,Finance,Mid,Communication Skills
4831,47,4.617021276595745,18,7.361702127659575,79.57446808510639,0.3829787234042553,61.18297872340426,HR,Mid,Communication Skills
4832,34,5.088235294117647,20,7.764705882352941,81.5,0.5882352941176471,50.40294117647059,HR,Mid,Time Management
4833,22,5.409090909090909,10,7.636363636363637,80.04545454545455,0.45454545454545453,49.17727272727272,HR,Mid,Time Management
4834,36,4.805555555555555,16,7.75,80.41666666666667,0.4444444444444444,55.19166666666667,Operations,Mid,Time Management
4835,46,4.782608695652174,18,7.630434782608695,79.8695652173913,0.391304347826087,60.62173913043479,Finance,Mid,Communication Skills
4836,24,4.5,7,7.416666666666667,82.16666666666667,0.2916666666666667,55.5,Finance,Mid,Communication Skills
4837,34,4.470588235294118,14,7.294117647058823,78.20588235294117,0.4117647058823529,54.70882352941177,Operations,Mid,Time Management
4838,45,5.0,25,7.488888888888889,82.53333333333333,0.5555555555555556,56.093333333333334,Finance,Mid,Time Management
4839,23,5.0,11,7.217391304347826,81.47826086956522,0.4782608695652174,49.29565217391304,HR,Mid,Time Management
4840,48,5.5625,21,7.270833333333333,79.20833333333333,0.4375,59.837500000000006,HR,Mid,Time Management
4841,50,4.7,22,7.52,77.82,0.44,60.145999999999994,Operations,Mid,Time Management
4842,30,5.633333333333334,19,7.7,82.46666666666667,0.6333333333333333,47.739999999999995,Operations,Mid,Time Management
4843,29,5.0344827586206895,12,7.068965517241379,77.03448275862068,0.41379310344827586,52.29655172413793,Finance,Mid,Time Management
4844,41,4.853658536585366,18,7.365853658536586,83.8780487804878,0.43902439024390244,58.392682926829266,Marketing,Mid,Time Management
4845,39,4.871794871794871,23,7.564102564102564,82.0,0.5897435897435898,52.50769230769231,Operations,Mid,Time Management
4846,32,4.78125,15,7.65625,82.46875,0.46875,53.478125,HR,Mid,Time Management
4847,28,5.5,15,7.5,78.92857142857143,0.5357142857142857,48.80714285714286,Finance,Mid,Time Management
4848,21,4.523809523809524,11,7.714285714285714,82.76190476190476,0.5238095238095238,47.514285714285705,HR,Mid,Time Management
4849,30,5.466666666666667,14,7.366666666666666,78.43333333333334,0.4666666666666667,51.53,HR,Mid,Time Management
4850,26,5.423076923076923,13,7.346153846153846,83.11538461538461,0.5,50.33461538461538,Operations,Mid,Time Management
4851,23,5.0,9,7.260869565217392,83.26086956521739,0.391304347826087,52.43913043478261,Marketing,Mid,Communication Skills
4852,27,4.444444444444445,8,7.666666666666667,82.07407407407408,0.2962962962962963,56.53333333333333,IT,Mid,Communication Skills
4853,30,5.166666666666667,14,7.566666666666666,79.6,0.4666666666666667,51.879999999999995,IT,Mid,Time Management
4854,43,5.232558139534884,21,7.534883720930233,80.04651162790698,0.4883720930232558,56.562790697674416,HR,Mid,Time Management
4855,27,4.666666666666667,11,7.592592592592593,79.29629629629629,0.4074074074074074,52.36666666666667,HR,Mid,Time Management
4856,31,5.0,15,7.612903225806452,80.06451612903226,0.4838709677419355,51.903225806451616,IT,Mid,Time Management
4857,44,5.045454545454546,16,7.4772727272727275,78.72727272727273,0.36363636363636365,60.30909090909091,Marketing,Mid,Communication Skills
4858,21,4.857142857142857,12,7.523809523809524,81.85714285714286,0.5714285714285714,45.81428571428572,Marketing,Mid,Time Management
4859,35,4.9714285714285715,16,7.885714285714286,79.0,0.45714285714285713,53.98571428571429,Marketing,Mid,Time Management
4860,48,4.645833333333333,19,7.708333333333333,79.58333333333333,0.3958333333333333,61.2,HR,Mid,Communication Skills
4861,40,4.45,20,7.225,80.525,0.5,55.1575,HR,Mid,Time Management
4862,45,5.111111111111111,17,7.4,78.95555555555555,0.37777777777777777,60.35333333333334,Finance,Mid,Communication Skills
4863,42,4.476190476190476,14,7.476190476190476,79.76190476190476,0.3333333333333333,60.72857142857143,Operations,Mid,Communication Skills
4864,28,4.928571428571429,12,7.214285714285714,74.46428571428571,0.42857142857142855,50.68214285714285,Finance,Mid,Time Management
4865,27,4.518518518518518,6,7.444444444444445,79.37037037037037,0.2222222222222222,57.94444444444444,Operations,Mid,Communication Skills
4866,36,5.472222222222222,14,7.583333333333333,81.77777777777777,0.3888888888888889,57.266666666666666,Operations,Mid,Communication Skills
4867,43,5.093023255813954,19,7.511627906976744,76.09302325581395,0.4418604651162791,56.77209302325582,IT,Mid,Time Management
4868,43,4.232558139534884,16,7.488372093023256,78.81395348837209,0.37209302325581395,59.681395348837206,Marketing,Mid,Communication Skills
4869,33,4.787878787878788,16,7.575757575757576,79.27272727272727,0.48484848484848486,52.43636363636364,Operations,Mid,Time Management
4870,40,4.475,18,7.525,80.275,0.45,56.582499999999996,IT,Mid,Time Management
4871,36,4.416666666666667,16,7.305555555555555,82.5,0.4444444444444444,55.81666666666667,IT,Mid,Time Management
4872,37,4.864864864864865,18,7.513513513513513,82.10810810810811,0.4864864864864865,54.83783783783784,IT,Mid,Time Management
4873,47,4.914893617021277,20,7.425531914893617,80.14893617021276,0.425531914893617,60.078723404255314,Marketing,Mid,Time Management
4874,39,5.461538461538462,21,7.487179487179487,81.1025641025641,0.5384615384615384,53.77692307692308,Finance,Mid,Time Management
4875,42,5.333333333333333,20,7.238095238095238,77.73809523809524,0.47619047619047616,55.83571428571429,IT,Mid,Time Management
4876,37,4.972972972972973,23,7.621621621621622,78.86486486486487,0.6216216216216216,49.81081081081081,Marketing,Mid,Time Management
4877,25,4.44,9,7.52,75.72,0.36,51.916,Finance,Mid,Communication Skills
4878,47,5.9787234042553195,30,7.595744680851064,81.0,0.6382978723404256,53.95106382978723,Finance,Mid,Time Management
4879,21,4.523809523809524,9,7.476190476190476,78.76190476190476,0.42857142857142855,49.17142857142857,Operations,Mid,Time Management
4880,44,4.568181818181818,19,7.295454545454546,82.47727272727273,0.4318181818181818,59.388636363636365,HR,Mid,Time Management
4881,34,5.4411764705882355,19,7.705882352941177,81.17647058823529,0.5588235294117647,51.188235294117646,Finance,Mid,Time Management
4882,43,4.465116279069767,15,7.209302325581396,79.0,0.3488372093023256,60.43488372093023,IT,Mid,Communication Skills
4883,24,3.5416666666666665,5,7.666666666666667,77.625,0.20833333333333334,56.6375,Operations,Mid,Communication Skills
4884,46,5.043478260869565,24,7.586956521739131,82.3913043478261,0.5217391304347826,57.46521739130435,IT,Mid,Time Management
4885,28,4.714285714285714,8,7.25,82.75,0.2857142857142857,57.453571428571436,HR,Mid,Communication Skills
4886,20,5.1,10,7.6,83.1,0.5,47.92999999999999,Marketing,Mid,Time Management
4887,44,4.909090909090909,20,7.659090909090909,82.79545454545455,0.45454545454545453,58.80227272727274,HR,Mid,Time Management
4888,48,5.416666666666667,26,7.5625,80.6875,0.5416666666666666,57.15625,HR,Mid,Time Management
4889,34,4.852941176470588,16,7.5,76.02941176470588,0.47058823529411764,52.29117647058824,Operations,Mid,Time Management
4890,30,5.1,17,7.4,81.3,0.5666666666666667,49.39,HR,Mid,Time Management
4891,32,5.25,15,7.28125,81.25,0.46875,53.1125,IT,Mid,Time Management
4892,29,4.482758620689655,11,7.137931034482759,79.82758620689656,0.3793103448275862,54.168965517241375,HR,Mid,Communication Skills
4893,26,5.076923076923077,10,7.615384615384615,77.76923076923077,0.38461538461538464,52.19230769230769,Operations,Mid,Communication Skills
4894,44,4.545454545454546,15,7.431818181818182,77.27272727272727,0.3409090909090909,60.554545454545455,Operations,Mid,Communication Skills
4895,45,5.355555555555555,20,7.533333333333333,81.55555555555556,0.4444444444444444,59.13333333333334,Operations,Mid,Time Management
4896,33,5.03030303030303,15,7.606060606060606,77.60606060606061,0.45454545454545453,52.845454545454544,Operations,Mid,Time Management
4897,29,4.689655172413793,16,7.482758620689655,78.06896551724138,0.5517241379310345,48.46896551724139,HR,Mid,Time Management
4898,32,5.09375,15,7.28125,78.125,0.46875,52.175,Operations,Mid,Time Management
4899,21,5.095238095238095,7,7.476190476190476,78.71428571428571,0.3333333333333333,52.01428571428572,Finance,Mid,Communication Skills
4900,26,4.076923076923077,8,7.961538461538462,74.38461538461539,0.3076923076923077,53.48461538461539,Marketing,Mid,Communication Skills
4901,40,5.7,24,7.525,80.375,0.6,52.1125,Operations,Mid,Time Management
4902,47,5.723404255319149,28,7.48936170212766,80.61702127659575,0.5957446808510638,55.11276595744681,IT,Mid,Time Management
4903,38,4.5,20,7.368421052631579,81.63157894736842,0.5263157894736842,53.900000000000006,Marketing,Mid,Time Management
4904,29,4.344827586206897,10,7.448275862068965,76.27586206896552,0.3448275862068966,54.13793103448276,Marketing,Mid,Communication Skills
4905,46,4.5,18,7.369565217391305,79.56521739130434,0.391304347826087,60.530434782608694,Marketing,Mid,Communication Skills
4906,45,5.088888888888889,20,7.377777777777778,77.66666666666667,0.4444444444444444,57.96666666666667,Marketing,Mid,Time Management
4907,27,4.925925925925926,13,7.0,83.81481481481481,0.48148148148148145,51.5,Finance,Mid,Time Management
4908,36,4.805555555555555,17,7.666666666666667,80.80555555555556,0.4722222222222222,54.475,Operations,Mid,Time Management
4909,40,5.3,16,7.625,77.95,0.4,57.385000000000005,Marketing,Mid,Communication Skills
4910,22,6.545454545454546,15,7.954545454545454,76.36363636363636,0.6818181818181818,41.25454545454545,Marketing,Mid,Time Management
4911,34,4.852941176470588,12,7.411764705882353,78.08823529411765,0.35294117647058826,56.438235294117646,IT,Mid,Communication Skills
4912,33,5.2727272727272725,17,7.515151515151516,81.93939393939394,0.5151515151515151,52.32727272727273,IT,Mid,Time Management
4913,42,4.928571428571429,17,7.5476190476190474,79.16666666666667,0.40476190476190477,58.40714285714286,IT,Mid,Time Management
4914,39,5.717948717948718,20,7.743589743589744,81.02564102564102,0.5128205128205128,54.52307692307693,HR,Mid,Time Management
4915,29,4.310344827586207,11,7.586206896551724,78.58620689655173,0.3793103448275862,53.79655172413793,Operations,Mid,Communication Skills
4916,36,4.222222222222222,16,7.833333333333333,80.88888888888889,0.4444444444444444,55.333333333333336,Finance,Mid,Time Management
4917,31,4.935483870967742,14,7.354838709677419,82.19354838709677,0.45161290322580644,53.50967741935484,HR,Mid,Time Management
4918,31,4.741935483870968,14,7.483870967741935,77.7741935483871,0.45161290322580644,52.18387096774194,IT,Mid,Time Management
4919,50,5.14,24,7.34,81.32,0.48,59.995999999999995,Marketing,Mid,Time Management
4920,27,5.666666666666667,16,7.481481481481482,77.0,0.5925925925925926,46.12222222222222,Operations,Mid,Time Management
4921,32,5.25,17,7.5,80.4375,0.53125,50.99375,Marketing,Mid,Time Management
4922,38,5.447368421052632,18,7.578947368421052,79.94736842105263,0.47368421052631576,54.973684210526315,Finance,Mid,Time Management
4923,20,5.0,9,7.7,80.95,0.45,48.785,Operations,Mid,Time Management
4924,47,3.723404255319149,14,7.446808510638298,78.59574468085107,0.2978723404255319,63.44255319148936,IT,Mid,Communication Skills
4925,29,5.413793103448276,13,7.9655172413793105,81.3103448275862,0.4482758620689655,52.5448275862069,Marketing,Mid,Time Management
4926,25,4.56,11,7.36,77.44,0.44,50.032,HR,Mid,Time Management
4927,35,5.057142857142857,18,7.571428571428571,78.91428571428571,0.5142857142857142,52.245714285714286,Operations,Mid,Time Management
4928,33,5.0,14,7.666666666666667,83.54545454545455,0.42424242424242425,55.53636363636363,HR,Mid,Time Management
4929,48,4.666666666666667,21,7.5,78.8125,0.4375,59.71875,Finance,Mid,Time Management
4930,35,5.142857142857143,16,7.685714285714286,78.45714285714286,0.45714285714285713,53.822857142857146,HR,Mid,Time Management
4931,32,5.15625,14,7.5,76.25,0.4375,52.55,HR,Mid,Time Management
4932,50,4.72,16,7.42,80.42,0.32,64.526,Operations,Mid,Communication Skills
4933,23,4.043478260869565,7,7.608695652173913,78.04347826086956,0.30434782608695654,53.482608695652175,IT,Mid,Communication Skills
4934,50,4.8,12,7.32,82.38,0.24,67.514,HR,Mid,Communication Skills
4935,22,4.818181818181818,11,7.5,76.04545454545455,0.5,46.61363636363636,IT,Mid,Time Management
4936,46,4.891304347826087,18,7.5,78.6304347826087,0.391304347826087,60.25000000000001,Operations,Mid,Communication Skills
4937,32,5.75,15,7.3125,79.03125,0.46875,52.446875,IT,Mid,Time Management
4938,50,5.24,19,7.34,80.98,0.38,62.894000000000005,Operations,Mid,Communication Skills
4939,27,5.074074074074074,13,7.62962962962963,79.14814814814815,0.48148148148148145,50.1,HR,Mid,Time Management
4940,33,5.545454545454546,16,7.696969696969697,81.60606060606061,0.48484848484848486,53.13636363636364,Marketing,Mid,Time Management
4941,20,4.05,3,7.5,84.2,0.15,58.760000000000005,Marketing,Mid,Communication Skills
4942,31,5.129032258064516,14,7.32258064516129,77.0,0.45161290322580644,51.95161290322581,HR,Mid,Time Management
4943,32,5.5625,12,7.78125,77.625,0.375,54.8375,HR,Mid,Communication Skills
4944,42,4.523809523809524,15,7.357142857142857,79.52380952380952,0.35714285714285715,59.94285714285714,HR,Mid,Communication Skills
4945,24,5.708333333333333,8,7.458333333333333,85.04166666666667,0.3333333333333333,55.112500000000004,Marketing,Mid,Communication Skills
4946,40,4.9,25,7.4,77.425,0.625,50.4775,Operations,Mid,Time Management
4947,48,4.479166666666667,19,7.5,80.47916666666667,0.3958333333333333,61.46875,IT,Mid,Communication Skills
4948,39,4.256410256410256,16,7.538461538461538,81.38461538461539,0.41025641025641024,57.70769230769231,Operations,Mid,Time Management
4949,43,4.232558139534884,18,7.604651162790698,80.93023255813954,0.4186046511627907,58.92093023255814,Finance,Mid,Time Management
4950,26,4.8076923076923075,15,7.6923076923076925,79.96153846153847,0.5769230769230769,47.080769230769235,HR,Mid,Time Management
4951,21,4.523809523809524,7,7.666666666666667,81.61904761904762,0.3333333333333333,52.885714285714286,HR,Mid,Communication Skills
4952,21,5.380952380952381,11,7.238095238095238,80.38095238095238,0.5238095238095238,46.8,IT,Mid,Time Management
4953,26,5.538461538461538,10,7.615384615384615,75.23076923076923,0.38461538461538464,51.43076923076923,HR,Mid,Communication Skills
4954,45,5.066666666666666,19,7.377777777777778,80.93333333333334,0.4222222222222222,59.61333333333333,HR,Mid,Time Management
4955,50,5.22,30,7.28,77.96,0.6,55.388,Marketing,Mid,Time Management
4956,45,4.555555555555555,17,7.622222222222222,78.02222222222223,0.37777777777777777,60.07333333333334,Marketing,Mid,Communication Skills
4957,31,5.129032258064516,11,7.451612903225806,76.09677419354838,0.3548387096774194,54.58387096774194,IT,Mid,Communication Skills
4958,25,4.4,10,7.56,82.32,0.4,52.696,Operations,Mid,Communication Skills
4959,22,5.545454545454546,10,7.2272727272727275,80.22727272727273,0.45454545454545453,49.231818181818184,Operations,Mid,Time Management
4960,27,5.37037037037037,10,7.592592592592593,80.14814814814815,0.37037037037037035,53.733333333333334,Marketing,Mid,Communication Skills
4961,28,4.785714285714286,13,7.678571428571429,79.39285714285714,0.4642857142857143,51.08928571428571,Finance,Mid,Time Management
4962,43,4.511627906976744,14,7.558139534883721,80.62790697674419,0.32558139534883723,61.62093023255814,HR,Mid,Communication Skills
4963,31,4.645161290322581,13,7.387096774193548,79.87096774193549,0.41935483870967744,53.78064516129032,Finance,Mid,Time Management
4964,30,4.833333333333333,8,7.566666666666666,84.1,0.26666666666666666,59.23,Marketing,Mid,Communication Skills
4965,20,5.15,8,7.5,86.8,0.4,52.04,IT,Mid,Communication Skills
4966,30,4.733333333333333,14,7.3,80.26666666666667,0.4666666666666667,52.08,HR,Mid,Time Management
4967,24,4.291666666666667,11,7.416666666666667,77.20833333333333,0.4583333333333333,49.0125,Operations,Mid,Time Management
4968,41,4.926829268292683,21,7.512195121951219,80.02439024390245,0.5121951219512195,55.04146341463415,IT,Mid,Time Management
4969,23,5.956521739130435,12,7.608695652173913,78.52173913043478,0.5217391304347826,47.10434782608696,Operations,Mid,Time Management
4970,21,5.0476190476190474,12,7.666666666666667,81.52380952380952,0.5714285714285714,45.714285714285715,IT,Mid,Time Management
4971,41,4.365853658536586,12,7.341463414634147,81.41463414634147,0.2926829268292683,62.04390243902439,Finance,Mid,Communication Skills
4972,29,4.620689655172414,15,7.344827586206897,77.48275862068965,0.5172413793103449,49.327586206896555,HR,Mid,Time Management
4973,50,4.84,19,7.36,79.96,0.38,62.587999999999994,Finance,Mid,Communication Skills
4974,45,4.888888888888889,20,7.488888888888889,79.33333333333333,0.4444444444444444,58.46666666666667,Marketing,Mid,Time Management
4975,38,4.684210526315789,19,7.657894736842105,81.97368421052632,0.5,54.79210526315789,Marketing,Mid,Time Management
4976,28,5.0,12,7.464285714285714,80.5,0.42857142857142855,52.49285714285714,Finance,Mid,Time Management
4977,30,4.266666666666667,8,7.666666666666667,81.2,0.26666666666666666,58.36,IT,Mid,Communication Skills
4978,47,4.851063829787234,25,7.659574468085107,79.27659574468085,0.5319148936170213,56.625531914893614,IT,Mid,Time Management
4979,29,4.206896551724138,13,7.379310344827586,81.6896551724138,0.4482758620689655,52.65862068965517,Finance,Mid,Time Management
4980,32,5.125,15,7.53125,81.53125,0.46875,53.196875,IT,Mid,Time Management
4981,31,4.516129032258065,15,7.387096774193548,81.58064516129032,0.4838709677419355,52.35806451612903,Finance,Mid,Time Management
4982,40,5.125,15,7.25,80.55,0.375,58.915,Marketing,Mid,Communication Skills
4983,30,5.666666666666667,16,7.166666666666667,79.5,0.5333333333333333,49.849999999999994,Operations,Mid,Time Management
4984,38,5.0,17,7.552631578947368,81.02631578947368,0.4473684210526316,56.08684210526316,Marketing,Mid,Time Management
4985,50,4.86,20,7.56,77.76,0.4,61.328,Operations,Mid,Communication Skills
4986,32,4.71875,16,7.59375,82.1875,0.5,52.45625,IT,Mid,Time Management
4987,21,4.714285714285714,8,7.333333333333333,79.52380952380952,0.38095238095238093,50.82857142857143,HR,Mid,Communication Skills
4988,45,4.111111111111111,13,7.4,78.97777777777777,0.28888888888888886,63.02666666666667,Operations,Mid,Communication Skills
4989,25,5.32,14,7.4,78.48,0.56,46.744,IT,Mid,Time Management
4990,23,4.782608695652174,9,7.391304347826087,77.0,0.391304347826087,50.56086956521739,IT,Mid,Communication Skills
4991,47,5.382978723404255,26,7.851063829787234,77.55319148936171,0.5531914893617021,55.47021276595744,IT,Mid,Time Management
4992,30,4.833333333333333,13,7.466666666666667,76.43333333333334,0.43333333333333335,51.93,IT,Mid,Time Management
4993,30,4.933333333333334,12,7.233333333333333,78.63333333333334,0.4,53.59,IT,Mid,Communication Skills
4994,44,4.5,10,7.7272727272727275,80.52272727272727,0.22727272727272727,64.93863636363636,Marketing,Mid,Communication Skills
4995,45,5.511111111111111,21,7.266666666666667,80.73333333333333,0.4666666666666667,58.22,Finance,Mid,Time Management
4996,26,5.230769230769231,13,7.230769230769231,77.5,0.5,48.65,Marketing,Mid,Time Management
4997,32,5.21875,14,7.0625,83.34375,0.4375,54.678125,Operations,Mid,Time Management
4998,39,5.102564102564102,17,7.641025641025641,77.58974358974359,0.4358974358974359,55.800000000000004,Operations,Mid,Time Management
4999,35,5.142857142857143,17,7.285714285714286,78.31428571428572,0.4857142857142857,52.92285714285714,Operations,Mid,Time Management
5000,36,4.722222222222222,17,7.555555555555555,79.83333333333333,0.4722222222222222,54.18333333333334,IT,Mid,Time Management
5001,34,5.088235294117647,17,7.176470588235294,80.08823529411765,0.5,52.62647058823529,Operations,Mid,Time Management
5002,44,5.090909090909091,25,7.613636363636363,80.20454545454545,0.5681818181818182,54.615909090909085,Marketing,Mid,Time Management
5003,30,5.866666666666666,14,7.866666666666666,79.53333333333333,0.4666666666666667,51.86,Operations,Mid,Time Management
5004,21,4.428571428571429,6,7.666666666666667,79.9047619047619,0.2857142857142857,53.8,HR,Mid,Communication Skills
5005,27,4.37037037037037,5,7.518518518518518,81.70370370370371,0.18518518518518517,59.75555555555556,Finance,Mid,Communication Skills
5006,35,5.228571428571429,12,7.6571428571428575,78.62857142857143,0.34285714285714286,57.30285714285715,HR,Mid,Communication Skills
5007,36,4.305555555555555,12,7.166666666666667,80.33333333333333,0.3333333333333333,58.5,Finance,Mid,Communication Skills
5008,34,5.529411764705882,19,7.470588235294118,82.08823529411765,0.5588235294117647,51.46176470588236,Operations,Mid,Time Management
5009,29,5.379310344827586,14,7.655172413793103,79.72413793103448,0.4827586206896552,51.03448275862068,IT,Mid,Time Management
5010,49,4.63265306122449,21,7.836734693877551,78.20408163265306,0.42857142857142855,60.204081632653065,IT,Mid,Time Management
5011,41,5.634146341463414,19,7.512195121951219,79.6829268292683,0.4634146341463415,56.40243902439025,IT,Mid,Time Management
5012,30,5.2,17,7.366666666666666,81.36666666666666,0.5666666666666667,49.41,IT,Mid,Time Management
5013,23,4.826086956521739,8,7.913043478260869,80.47826086956522,0.34782608695652173,52.90869565217391,Operations,Mid,Communication Skills
5014,26,4.884615384615385,12,7.653846153846154,79.38461538461539,0.46153846153846156,50.36923076923077,Operations,Mid,Time Management
5015,34,5.088235294117647,12,7.676470588235294,82.0,0.35294117647058826,57.61176470588235,Marketing,Mid,Communication Skills
5016,33,5.121212121212121,15,7.787878787878788,83.24242424242425,0.45454545454545453,54.53636363636363,HR,Mid,Time Management
5017,42,5.142857142857143,19,7.666666666666667,81.21428571428571,0.4523809523809524,57.59285714285714,Operations,Mid,Time Management
5018,34,5.147058823529412,17,7.5,81.52941176470588,0.5,53.05882352941177,HR,Mid,Time Management
5019,28,5.928571428571429,16,7.571428571428571,78.96428571428571,0.5714285714285714,47.74642857142857,Finance,Mid,Time Management
5020,31,5.161290322580645,14,7.580645161290323,78.54838709677419,0.45161290322580644,52.41612903225806,HR,Mid,Time Management
5021,42,4.928571428571429,15,7.666666666666667,82.45238095238095,0.35714285714285715,60.82142857142857,HR,Mid,Communication Skills
5022,38,4.7368421052631575,16,7.5,80.39473684210526,0.42105263157894735,56.68684210526315,HR,Mid,Time Management
5023,43,5.325581395348837,22,7.6976744186046515,77.55813953488372,0.5116279069767442,55.118604651162784,IT,Mid,Time Management
5024,21,5.523809523809524,9,7.380952380952381,73.47619047619048,0.42857142857142855,47.58571428571429,Marketing,Mid,Time Management
5025,30,4.533333333333333,13,7.766666666666667,82.5,0.43333333333333335,53.75,Marketing,Mid,Time Management
5026,44,4.613636363636363,20,7.5227272727272725,81.11363636363636,0.45454545454545453,58.29772727272727,Operations,Mid,Time Management
5027,32,4.84375,13,7.40625,78.9375,0.40625,54.29375,Marketing,Mid,Time Management
5028,31,4.967741935483871,16,7.67741935483871,82.54838709677419,0.5161290322580645,51.680645161290315,Finance,Mid,Time Management
5029,39,5.0,15,7.076923076923077,78.97435897435898,0.38461538461538464,57.753846153846155,Finance,Mid,Communication Skills
5030,29,4.689655172413793,13,7.896551724137931,76.13793103448276,0.4482758620689655,50.99310344827586,HR,Mid,Time Management
5031,27,5.296296296296297,15,7.37037037037037,83.18518518518519,0.5555555555555556,49.08888888888889,HR,Mid,Time Management
5032,35,4.828571428571428,14,7.514285714285714,79.08571428571429,0.4,55.72571428571429,Marketing,Mid,Communication Skills
5033,49,4.714285714285714,22,7.040816326530612,79.12244897959184,0.4489795918367347,59.86734693877551,HR,Mid,Time Management
5034,48,5.020833333333333,14,7.354166666666667,79.77083333333333,0.2916666666666667,64.38125,Marketing,Mid,Communication Skills
5035,24,6.041666666666667,15,7.666666666666667,79.875,0.625,44.8125,Operations,Mid,Time Management
5036,49,4.612244897959184,22,7.591836734693878,80.81632653061224,0.4489795918367347,60.375510204081635,Operations,Mid,Time Management
5037,31,4.419354838709677,13,7.161290322580645,80.7741935483871,0.41935483870967744,54.05161290322581,HR,Mid,Time Management
5038,34,4.4411764705882355,14,7.382352941176471,80.05882352941177,0.4117647058823529,55.26470588235294,Marketing,Mid,Time Management
5039,29,5.310344827586207,17,7.310344827586207,82.51724137931035,0.5862068965517241,48.768965517241384,IT,Mid,Time Management
5040,32,4.84375,16,7.53125,78.1875,0.5,51.25625,Marketing,Mid,Time Management
5041,33,5.393939393939394,19,7.878787878787879,79.18181818181819,0.5757575757575758,49.68181818181819,Marketing,Mid,Time Management
5042,41,4.878048780487805,18,8.073170731707316,80.04878048780488,0.43902439024390244,57.243902439024396,IT,Mid,Time Management
5043,21,5.380952380952381,10,7.380952380952381,80.80952380952381,0.47619047619047616,48.35714285714286,HR,Mid,Time Management
5044,35,5.457142857142857,16,7.514285714285714,79.08571428571429,0.45714285714285713,54.011428571428574,HR,Mid,Time Management
5045,31,4.967741935483871,16,7.0,77.16129032258064,0.5161290322580645,50.064516129032256,IT,Mid,Time Management
5046,25,4.64,16,7.24,80.32,0.64,44.895999999999994,Finance,Mid,Time Management
5047,35,4.542857142857143,12,7.485714285714286,82.05714285714286,0.34285714285714286,58.331428571428575,HR,Mid,Communication Skills
5048,32,5.03125,18,7.46875,81.40625,0.5625,50.346875,Finance,Mid,Time Management
5049,44,5.136363636363637,17,7.454545454545454,76.72727272727273,0.38636363636363635,59.02727272727273,Finance,Mid,Communication Skills
5050,49,5.224489795918367,27,7.612244897959184,78.34693877551021,0.5510204081632653,56.573469387755104,IT,Mid,Time Management
5051,45,5.155555555555556,19,7.511111111111111,78.77777777777777,0.4222222222222222,58.966666666666654,IT,Mid,Time Management
5052,36,4.083333333333333,14,7.472222222222222,83.05555555555556,0.3888888888888889,57.650000000000006,Finance,Mid,Communication Skills
5053,47,5.51063829787234,22,7.51063829787234,77.97872340425532,0.46808510638297873,58.15106382978723,Finance,Mid,Time Management
5054,32,4.15625,13,7.5625,81.375,0.40625,55.025,Marketing,Mid,Time Management
5055,37,4.378378378378378,14,7.54054054054054,80.48648648648648,0.3783783783783784,57.5945945945946,Marketing,Mid,Communication Skills
5056,29,5.931034482758621,20,7.310344827586207,80.13793103448276,0.6896551724137931,44.95172413793104,HR,Mid,Time Management
5057,44,5.7727272727272725,25,7.25,81.38636363636364,0.5681818181818182,54.970454545454544,Marketing,Mid,Time Management
5058,47,5.553191489361702,20,7.404255319148936,75.74468085106383,0.425531914893617,58.757446808510636,IT,Mid,Time Management
5059,25,4.68,12,7.68,81.08,0.48,49.924,Operations,Mid,Time Management
5060,47,4.872340425531915,22,7.191489361702128,80.97872340425532,0.46808510638297873,59.05106382978723,HR,Mid,Time Management
5061,23,4.173913043478261,6,7.608695652173913,78.1304347826087,0.2608695652173913,54.813043478260866,IT,Mid,Communication Skills
5062,32,5.5,14,7.4375,81.34375,0.4375,54.078125,HR,Mid,Time Management
5063,46,5.369565217391305,20,7.673913043478261,79.30434782608695,0.43478260869565216,59.14782608695653,IT,Mid,Time Management
5064,34,5.5588235294117645,20,7.647058823529412,77.0,0.5882352941176471,49.05294117647058,IT,Mid,Time Management
5065,27,4.925925925925926,12,7.518518518518518,80.96296296296296,0.4444444444444444,51.75555555555556,Marketing,Mid,Time Management
5066,48,4.354166666666667,19,7.729166666666667,79.25,0.3958333333333333,61.1,Operations,Mid,Communication Skills
5067,47,4.468085106382978,18,7.553191489361702,80.42553191489361,0.3829787234042553,61.43829787234043,Finance,Mid,Communication Skills
5068,35,5.285714285714286,18,7.542857142857143,80.42857142857143,0.5142857142857142,52.7,Finance,Mid,Time Management
5069,22,4.2272727272727275,7,7.5,82.0909090909091,0.3181818181818182,53.88181818181819,Operations,Mid,Communication Skills
5070,47,5.0,19,7.553191489361702,78.72340425531915,0.40425531914893614,60.289361702127664,Marketing,Mid,Time Management
5071,50,5.46,19,7.48,83.42,0.38,63.626000000000005,Operations,Mid,Communication Skills
5072,38,5.0,16,7.342105263157895,79.63157894736842,0.42105263157894735,56.45789473684211,IT,Mid,Time Management
5073,31,6.129032258064516,18,7.516129032258065,77.0,0.5806451612903226,48.08064516129032,Operations,Mid,Time Management
5074,43,4.4186046511627906,19,7.5813953488372094,81.88372093023256,0.4418604651162791,58.5093023255814,Operations,Mid,Time Management
5075,21,5.333333333333333,12,6.809523809523809,80.61904761904762,0.5714285714285714,45.44285714285715,HR,Mid,Time Management
5076,41,5.146341463414634,19,7.658536585365853,80.17073170731707,0.4634146341463415,56.548780487804876,HR,Mid,Time Management
5077,35,4.542857142857143,12,7.514285714285714,78.85714285714286,0.34285714285714286,57.371428571428574,Operations,Mid,Communication Skills
5078,39,4.923076923076923,17,7.410256410256411,78.6923076923077,0.4358974358974359,56.13076923076923,HR,Mid,Time Management
5079,26,4.730769230769231,10,7.653846153846154,80.11538461538461,0.38461538461538464,52.89615384615385,Finance,Mid,Communication Skills
5080,48,5.0,22,7.395833333333333,82.625,0.4583333333333333,60.2375,IT,Mid,Time Management
5081,43,5.627906976744186,24,7.511627906976744,77.83720930232558,0.5581395348837209,53.806976744186045,Finance,Mid,Time Management
5082,49,4.142857142857143,18,7.591836734693878,76.83673469387755,0.3673469387755102,61.63061224489796,Operations,Mid,Communication Skills
5083,45,5.488888888888889,20,7.711111111111111,80.71111111111111,0.4444444444444444,58.88,Finance,Mid,Time Management
5084,30,4.9,12,7.633333333333334,79.06666666666666,0.4,53.72,Marketing,Mid,Communication Skills
5085,21,4.285714285714286,10,7.190476190476191,75.76190476190476,0.47619047619047616,46.84285714285714,Finance,Mid,Time Management
5086,31,4.838709677419355,11,7.741935483870968,83.80645161290323,0.3548387096774194,56.896774193548396,IT,Mid,Communication Skills
5087,50,5.1,21,7.58,80.06,0.42,61.418000000000006,HR,Mid,Time Management
5088,36,4.944444444444445,15,7.611111111111111,80.97222222222223,0.4166666666666667,56.19166666666666,Finance,Mid,Time Management
5089,24,5.541666666666667,11,7.625,79.33333333333333,0.4583333333333333,49.650000000000006,IT,Mid,Time Management
5090,43,5.162790697674419,19,7.395348837209302,79.06976744186046,0.4418604651162791,57.66511627906977,Marketing,Mid,Time Management
5091,45,5.688888888888889,24,7.444444444444445,82.24444444444444,0.5333333333333333,56.67333333333333,Finance,Mid,Time Management
5092,21,4.809523809523809,8,7.428571428571429,78.33333333333333,0.38095238095238093,50.471428571428575,Finance,Mid,Communication Skills
5093,29,5.310344827586207,12,7.517241379310345,76.55172413793103,0.41379310344827586,52.15172413793104,Marketing,Mid,Time Management
5094,41,4.7560975609756095,23,7.439024390243903,80.02439024390245,0.5609756097560976,53.578048780487805,HR,Mid,Time Management
5095,39,5.051282051282051,17,7.615384615384615,79.94871794871794,0.4358974358974359,56.50769230769231,Marketing,Mid,Time Management
5096,45,4.866666666666666,20,7.4,82.42222222222222,0.4444444444444444,59.39333333333333,Marketing,Mid,Time Management
5097,47,4.617021276595745,18,7.23404255319149,78.42553191489361,0.3829787234042553,60.838297872340426,IT,Mid,Communication Skills
5098,39,5.051282051282051,17,7.538461538461538,79.56410256410257,0.4358974358974359,56.392307692307696,HR,Mid,Time Management
5099,22,5.136363636363637,10,7.454545454545454,78.68181818181819,0.45454545454545453,48.768181818181816,Finance,Mid,Time Management
5100,37,4.837837837837838,14,7.27027027027027,79.27027027027027,0.3783783783783784,57.229729729729726,Marketing,Mid,Communication Skills
5101,24,5.333333333333333,14,7.541666666666667,82.875,0.5833333333333334,46.962500000000006,Finance,Mid,Time Management
5102,33,5.03030303030303,17,7.787878787878788,83.18181818181819,0.5151515151515151,52.7,Operations,Mid,Time Management
5103,47,4.680851063829787,24,7.297872340425532,82.46808510638297,0.5106382978723404,58.22127659574468,Operations,Mid,Time Management
5104,46,4.934782608695652,20,6.913043478260869,79.3913043478261,0.43478260869565216,59.173913043478265,Marketing,Mid,Time Management
5105,24,5.208333333333333,9,7.083333333333333,84.45833333333333,0.375,53.6875,IT,Mid,Communication Skills
5106,32,3.8125,8,7.75,80.4375,0.25,59.43124999999999,Operations,Mid,Communication Skills
5107,22,4.454545454545454,9,7.363636363636363,79.13636363636364,0.4090909090909091,50.268181818181816,Marketing,Mid,Time Management
5108,24,4.333333333333333,8,7.291666666666667,79.375,0.3333333333333333,53.41250000000001,IT,Mid,Communication Skills
5109,21,4.238095238095238,7,7.285714285714286,81.33333333333333,0.3333333333333333,52.800000000000004,IT,Mid,Communication Skills
5110,50,5.24,21,7.5,78.66,0.42,60.998000000000005,Finance,Mid,Time Management
5111,27,5.2592592592592595,9,7.481481481481482,79.37037037037037,0.3333333333333333,54.611111111111114,Marketing,Mid,Communication Skills
5112,47,5.382978723404255,20,7.361702127659575,80.93617021276596,0.425531914893617,60.314893617021276,Finance,Mid,Time Management
5113,47,5.425531914893617,25,7.76595744680851,80.65957446808511,0.5319148936170213,57.04042553191489,IT,Mid,Time Management
5114,44,5.181818181818182,22,7.5227272727272725,79.61363636363636,0.5,56.48409090909091,Finance,Mid,Time Management
5115,49,5.387755102040816,23,7.6938775510204085,81.0204081632653,0.46938775510204084,59.82448979591837,IT,Mid,Time Management
5116,38,4.5,17,7.2894736842105265,81.47368421052632,0.4473684210526316,56.22105263157894,Marketing,Mid,Time Management
5117,23,5.043478260869565,8,7.521739130434782,81.52173913043478,0.34782608695652173,53.221739130434784,HR,Mid,Communication Skills
5118,35,4.742857142857143,15,7.4,76.85714285714286,0.42857142857142855,54.2,HR,Mid,Time Management
5119,20,5.55,8,7.0,81.6,0.4,50.48,IT,Mid,Communication Skills
5120,37,4.1891891891891895,11,7.54054054054054,81.21621621621621,0.2972972972972973,60.24594594594594,HR,Mid,Communication Skills
5121,50,5.12,20,7.78,83.04,0.4,62.912000000000006,Operations,Mid,Communication Skills
5122,20,4.85,11,7.4,75.95,0.55,44.285,IT,Mid,Time Management
5123,29,5.793103448275862,15,7.689655172413793,84.58620689655173,0.5172413793103449,51.45862068965518,Marketing,Mid,Time Management
5124,36,4.972222222222222,11,7.416666666666667,81.02777777777777,0.3055555555555556,59.541666666666664,HR,Mid,Communication Skills
5125,30,4.833333333333333,11,7.466666666666667,79.86666666666666,0.36666666666666664,54.959999999999994,Finance,Mid,Communication Skills
5126,42,5.642857142857143,23,7.404761904761905,80.71428571428571,0.5476190476190477,54.58571428571428,Finance,Mid,Time Management
5127,42,4.928571428571429,13,7.809523809523809,77.92857142857143,0.30952380952380953,60.89285714285715,Finance,Mid,Communication Skills
5128,41,4.682926829268292,19,7.097560975609756,76.73170731707317,0.4634146341463415,55.517073170731706,Operations,Mid,Time Management
5129,23,4.956521739130435,9,7.565217391304348,79.78260869565217,0.391304347826087,51.39565217391305,Finance,Mid,Communication Skills
5130,36,4.75,15,7.388888888888889,78.75,0.4166666666666667,55.525,Marketing,Mid,Time Management
5131,41,4.585365853658536,15,7.463414634146342,79.51219512195122,0.36585365853658536,59.27804878048781,Finance,Mid,Communication Skills
5132,24,5.166666666666667,10,7.208333333333333,80.33333333333333,0.4166666666666667,51.199999999999996,Marketing,Mid,Time Management
5133,42,4.904761904761905,16,7.166666666666667,79.80952380952381,0.38095238095238093,59.31428571428572,Marketing,Mid,Communication Skills
5134,25,5.24,10,7.52,78.36,0.4,51.507999999999996,Marketing,Mid,Communication Skills
5135,31,5.419354838709677,14,7.741935483870968,78.96774193548387,0.45161290322580644,52.54193548387097,IT,Mid,Time Management
5136,43,4.953488372093023,21,7.534883720930233,80.30232558139535,0.4883720930232558,56.63953488372093,Operations,Mid,Time Management
5137,33,4.818181818181818,13,7.333333333333333,78.93939393939394,0.3939393939393939,55.06363636363636,Operations,Mid,Communication Skills
5138,44,5.113636363636363,21,7.4772727272727275,79.29545454545455,0.4772727272727273,57.070454545454545,Finance,Mid,Time Management
5139,35,4.685714285714286,15,7.542857142857143,79.91428571428571,0.42857142857142855,55.11714285714285,IT,Mid,Time Management
5140,35,5.4,19,7.771428571428571,77.17142857142858,0.5428571428571428,50.86571428571429,Marketing,Mid,Time Management
5141,34,4.529411764705882,14,7.676470588235294,79.05882352941177,0.4117647058823529,54.964705882352945,IT,Mid,Time Management
5142,24,3.2916666666666665,6,7.5,79.16666666666667,0.25,55.85,HR,Mid,Communication Skills
5143,21,4.904761904761905,7,7.333333333333333,79.0,0.3333333333333333,52.10000000000001,HR,Mid,Communication Skills
5144,27,6.148148148148148,16,7.703703703703703,81.55555555555556,0.5925925925925926,47.488888888888894,Finance,Mid,Time Management
5145,42,4.738095238095238,17,7.238095238095238,78.45238095238095,0.40476190476190477,58.19285714285714,Marketing,Mid,Time Management
5146,28,5.035714285714286,12,7.571428571428571,79.42857142857143,0.42857142857142855,52.17142857142857,Operations,Mid,Time Management
5147,42,5.166666666666667,18,7.404761904761905,83.54761904761905,0.42857142857142855,59.00714285714285,IT,Mid,Time Management
5148,25,5.12,14,7.92,80.88,0.56,47.464,Marketing,Mid,Time Management
5149,36,4.944444444444445,17,7.194444444444445,79.55555555555556,0.4722222222222222,54.1,IT,Mid,Time Management
5150,31,4.838709677419355,11,7.354838709677419,81.03225806451613,0.3548387096774194,56.064516129032256,IT,Mid,Communication Skills
5151,46,4.695652173913044,21,7.391304347826087,79.19565217391305,0.45652173913043476,58.46304347826087,HR,Mid,Time Management
5152,40,4.925,18,7.25,81.125,0.45,56.8375,HR,Mid,Time Management
5153,38,5.2368421052631575,16,7.447368421052632,80.21052631578948,0.42105263157894735,56.631578947368425,IT,Mid,Time Management
5154,35,4.457142857142857,8,7.371428571428571,78.6,0.22857142857142856,60.72285714285714,Operations,Mid,Communication Skills
5155,24,5.75,13,8.0,79.54166666666667,0.5416666666666666,47.212500000000006,HR,Mid,Time Management
5156,41,4.926829268292683,15,7.829268292682927,76.1951219512195,0.36585365853658536,58.28292682926829,IT,Mid,Communication Skills
5157,45,5.022222222222222,23,7.7555555555555555,75.55555555555556,0.5111111111111111,55.33333333333334,Operations,Mid,Time Management
5158,50,4.92,21,7.32,78.66,0.42,60.998000000000005,Operations,Mid,Time Management
5159,40,4.875,16,7.325,76.4,0.4,56.92,HR,Mid,Communication Skills
5160,47,4.425531914893617,18,7.297872340425532,79.59574468085107,0.3829787234042553,61.18936170212767,HR,Mid,Communication Skills
5161,22,4.954545454545454,12,7.409090909090909,82.27272727272727,0.5454545454545454,47.11818181818182,Operations,Mid,Time Management
5162,34,6.0588235294117645,23,7.705882352941177,80.11764705882354,0.6764705882352942,47.34117647058824,HR,Mid,Time Management
5163,32,5.03125,10,7.84375,79.0625,0.3125,57.14375,Operations,Mid,Communication Skills
5164,27,4.888888888888889,9,7.296296296296297,78.5925925925926,0.3333333333333333,54.37777777777778,Operations,Mid,Communication Skills
5165,26,4.615384615384615,13,7.846153846153846,79.0,0.5,49.099999999999994,HR,Mid,Time Management
5166,41,4.975609756097561,19,7.560975609756097,76.70731707317073,0.4634146341463415,55.50975609756098,IT,Mid,Time Management
5167,23,4.173913043478261,9,7.782608695652174,76.69565217391305,0.391304347826087,50.469565217391306,HR,Mid,Communication Skills
5168,42,5.238095238095238,26,7.785714285714286,79.83333333333333,0.6190476190476191,52.17857142857143,Marketing,Mid,Time Management
5169,30,4.8,16,7.533333333333333,78.73333333333333,0.5333333333333333,49.620000000000005,Operations,Mid,Time Management
5170,35,4.914285714285715,15,7.942857142857143,81.74285714285715,0.42857142857142855,55.66571428571429,HR,Mid,Time Management
5171,38,4.7631578947368425,16,7.368421052631579,81.42105263157895,0.42105263157894735,56.99473684210526,HR,Mid,Time Management
5172,21,4.714285714285714,5,7.9523809523809526,82.71428571428571,0.23809523809523808,56.07142857142857,Marketing,Mid,Communication Skills
5173,20,5.05,6,7.0,74.25,0.3,51.275,Operations,Mid,Communication Skills
5174,36,4.833333333333333,18,7.666666666666667,79.27777777777777,0.5,53.18333333333333,Operations,Mid,Time Management
5175,42,5.333333333333333,23,7.476190476190476,82.33333333333333,0.5476190476190477,55.07142857142857,IT,Mid,Time Management
5176,30,4.866666666666666,10,8.0,82.66666666666667,0.3333333333333333,56.8,Operations,Mid,Communication Skills
5177,46,5.1521739130434785,22,7.478260869565218,78.23913043478261,0.4782608695652174,57.52391304347826,Operations,Mid,Time Management
5178,48,5.6875,32,7.395833333333333,80.625,0.6666666666666666,53.3875,HR,Mid,Time Management
5179,47,5.25531914893617,21,7.595744680851064,81.1063829787234,0.44680851063829785,59.72765957446809,Marketing,Mid,Time Management
5180,48,4.708333333333333,15,7.458333333333333,78.75,0.3125,63.45,IT,Mid,Communication Skills
5181,33,5.2727272727272725,20,7.151515151515151,75.72727272727273,0.6060606060606061,47.736363636363635,Operations,Mid,Time Management
5182,23,5.913043478260869,11,7.608695652173913,79.6086956521739,0.4782608695652174,48.73478260869565,Marketing,Mid,Time Management
5183,25,5.44,14,7.68,84.12,0.56,48.436,Operations,Mid,Time Management
5184,31,5.354838709677419,12,7.225806451612903,79.7741935483871,0.3870967741935484,54.71935483870968,HR,Mid,Communication Skills
5185,31,5.645161290322581,15,7.483870967741935,81.58064516129032,0.4838709677419355,52.35806451612903,HR,Mid,Time Management
5186,26,4.653846153846154,11,7.6923076923076925,80.5,0.4230769230769231,51.857692307692304,IT,Mid,Time Management
5187,48,4.416666666666667,16,7.520833333333333,79.95833333333333,0.3333333333333333,63.1875,IT,Mid,Communication Skills
5188,30,4.866666666666666,15,7.133333333333334,77.3,0.5,50.19,IT,Mid,Time Management
5189,36,4.527777777777778,16,7.5,83.22222222222223,0.4444444444444444,56.03333333333334,IT,Mid,Time Management
5190,50,5.1,22,7.44,79.74,0.44,60.721999999999994,Finance,Mid,Time Management
5191,50,5.1,26,7.52,78.6,0.52,57.98,Operations,Mid,Time Management
5192,49,4.816326530612245,25,7.836734693877551,81.61224489795919,0.5102040816326531,58.77755102040817,Operations,Mid,Time Management
5193,50,5.38,22,7.48,79.56,0.44,60.66799999999999,Finance,Mid,Time Management
5194,49,4.795918367346939,25,7.816326530612245,77.65306122448979,0.5102040816326531,57.589795918367344,Operations,Mid,Time Management
5195,37,4.972972972972973,13,7.648648648648648,81.21621621621621,0.35135135135135137,58.62432432432433,Marketing,Mid,Communication Skills
5196,47,4.914893617021277,17,7.382978723404255,79.59574468085107,0.3617021276595745,61.827659574468086,Finance,Mid,Communication Skills
5197,34,4.852941176470588,13,7.205882352941177,80.23529411764706,0.38235294117647056,56.2,HR,Mid,Communication Skills
5198,42,4.976190476190476,19,7.261904761904762,76.71428571428571,0.4523809523809524,56.24285714285714,HR,Mid,Time Management
5199,29,5.655172413793103,14,7.482758620689655,78.34482758620689,0.4827586206896552,50.62068965517241,IT,Mid,Time Management
5200,29,3.793103448275862,10,7.517241379310345,77.93103448275862,0.3448275862068966,54.63448275862069,Marketing,Mid,Communication Skills
5201,33,4.696969696969697,13,7.606060606060606,83.21212121212122,0.3939393939393939,56.345454545454544,IT,Mid,Communication Skills
5202,29,4.620689655172414,10,7.551724137931035,80.58620689655173,0.3448275862068966,55.43103448275862,IT,Mid,Communication Skills
5203,31,5.645161290322581,16,7.32258064516129,78.6774193548387,0.5161290322580645,50.519354838709674,Operations,Mid,Time Management
5204,44,5.454545454545454,25,7.5,83.43181818181819,0.5681818181818182,55.58409090909091,HR,Mid,Time Management
5205,40,5.0,16,7.425,81.4,0.4,58.42,IT,Mid,Communication Skills
5206,49,4.673469387755102,25,7.428571428571429,82.79591836734694,0.5102040816326531,59.13265306122449,Operations,Mid,Time Management
5207,41,4.975609756097561,18,7.390243902439025,80.70731707317073,0.43902439024390244,57.44146341463415,Operations,Mid,Time Management
5208,44,4.795454545454546,18,7.5,79.45454545454545,0.4090909090909091,59.163636363636364,Finance,Mid,Time Management
5209,50,4.7,20,7.42,79.04,0.4,61.712,IT,Mid,Communication Skills
5210,34,5.117647058823529,18,7.617647058823529,82.32352941176471,0.5294117647058824,52.41470588235295,Marketing,Mid,Time Management
5211,46,4.630434782608695,15,7.369565217391305,80.28260869565217,0.32608695652173914,62.70217391304348,Operations,Mid,Communication Skills
5212,45,4.777777777777778,17,7.5777777777777775,79.4,0.37777777777777777,60.48666666666667,Marketing,Mid,Communication Skills
5213,45,4.466666666666667,11,7.4222222222222225,77.82222222222222,0.24444444444444444,64.01333333333334,HR,Mid,Communication Skills
5214,24,4.708333333333333,10,7.666666666666667,77.91666666666667,0.4166666666666667,50.474999999999994,HR,Mid,Time Management
5215,37,4.783783783783784,12,7.45945945945946,77.97297297297297,0.32432432432432434,58.46216216216216,HR,Mid,Communication Skills
5216,23,4.565217391304348,11,7.391304347826087,81.30434782608695,0.4782608695652174,49.243478260869566,IT,Mid,Time Management
5217,50,5.02,23,7.52,78.86,0.46,59.858000000000004,HR,Mid,Time Management
5218,24,6.0,16,7.25,76.54166666666667,0.6666666666666666,42.5625,Operations,Mid,Time Management
5219,35,4.371428571428571,14,7.428571428571429,82.11428571428571,0.4,56.63428571428571,Marketing,Mid,Communication Skills
5220,45,5.311111111111111,22,7.311111111111111,80.5111111111111,0.4888888888888889,57.486666666666665,HR,Mid,Time Management
5221,26,4.538461538461538,9,7.5,80.26923076923077,0.34615384615384615,54.096153846153854,Finance,Mid,Communication Skills
5222,49,5.122448979591836,22,7.183673469387755,80.95918367346938,0.4489795918367347,60.41836734693878,Operations,Mid,Time Management
5223,45,5.377777777777778,23,7.511111111111111,79.11111111111111,0.5111111111111111,56.400000000000006,Operations,Mid,Time Management
5224,26,5.0,11,7.5,79.11538461538461,0.4230769230769231,51.44230769230769,Operations,Mid,Time Management
5225,36,6.027777777777778,13,7.777777777777778,79.13888888888889,0.3611111111111111,57.30833333333332,Marketing,Mid,Productivity Improvement
5226,27,4.333333333333333,10,7.7407407407407405,75.81481481481481,0.37037037037037035,52.43333333333334,HR,Mid,Communication Skills
5227,43,5.674418604651163,24,7.5813953488372094,81.79069767441861,0.5581395348837209,54.99302325581395,IT,Mid,Time Management
5228,49,4.571428571428571,20,7.285714285714286,82.12244897959184,0.40816326530612246,61.99183673469388,Finance,Mid,Time Management
5229,49,5.0,19,7.857142857142857,81.79591836734694,0.3877551020408163,62.506122448979596,Operations,Mid,Communication Skills
5230,34,5.088235294117647,16,7.176470588235294,78.76470588235294,0.47058823529411764,53.11176470588235,Finance,Mid,Time Management
5231,22,4.909090909090909,7,7.318181818181818,76.18181818181819,0.3181818181818182,52.10909090909091,HR,Mid,Communication Skills
5232,22,5.090909090909091,11,7.7727272727272725,79.63636363636364,0.5,47.69090909090909,Operations,Mid,Time Management
5233,45,4.7555555555555555,15,7.666666666666667,80.77777777777777,0.3333333333333333,62.233333333333334,Operations,Mid,Communication Skills
5234,48,5.0,21,7.145833333333333,78.64583333333333,0.4375,59.66875,Finance,Mid,Time Management
5235,22,4.7727272727272725,9,7.7727272727272725,80.0,0.4090909090909091,50.52727272727273,HR,Mid,Time Management
5236,38,4.631578947368421,16,7.552631578947368,79.39473684210526,0.42105263157894735,56.386842105263156,Operations,Mid,Time Management
5237,45,4.622222222222222,17,7.266666666666667,79.13333333333334,0.37777777777777777,60.40666666666667,Marketing,Mid,Communication Skills
5238,26,4.5,14,7.384615384615385,79.92307692307692,0.5384615384615384,48.22307692307692,HR,Mid,Time Management
5239,49,5.469387755102041,22,7.469387755102041,82.04081632653062,0.4489795918367347,60.74285714285715,Marketing,Mid,Time Management
5240,24,4.625,10,8.0,80.45833333333333,0.4166666666666667,51.2375,Finance,Mid,Time Management
5241,27,5.555555555555555,17,7.333333333333333,82.62962962962963,0.6296296296296297,46.7,Marketing,Mid,Time Management
5242,22,4.363636363636363,6,7.636363636363637,76.45454545454545,0.2727272727272727,53.554545454545455,Finance,Mid,Communication Skills
5243,25,4.44,8,7.76,77.2,0.32,53.56,Operations,Mid,Communication Skills
5244,28,5.392857142857143,13,7.5,78.92857142857143,0.4642857142857143,50.95,Finance,Mid,Time Management
5245,44,5.2727272727272725,21,7.318181818181818,79.02272727272727,0.4772727272727273,56.98863636363636,Operations,Mid,Time Management
5246,31,5.387096774193548,16,7.870967741935484,79.12903225806451,0.5161290322580645,50.65483870967742,Finance,Mid,Time Management
5247,47,5.0,26,7.553191489361702,79.29787234042553,0.5531914893617021,55.99361702127659,Marketing,Mid,Time Management
5248,30,5.266666666666667,14,7.866666666666666,81.23333333333333,0.4666666666666667,52.370000000000005,HR,Mid,Time Management
5249,50,5.04,19,7.68,80.2,0.38,62.66,Operations,Mid,Communication Skills
5250,41,4.804878048780488,18,7.780487804878049,76.48780487804878,0.43902439024390244,56.175609756097565,Marketing,Mid,Time Management
5251,44,4.704545454545454,15,7.704545454545454,77.56818181818181,0.3409090909090909,60.643181818181816,Operations,Mid,Communication Skills
5252,29,5.586206896551724,17,7.620689655172414,79.41379310344827,0.5862068965517241,47.837931034482764,Marketing,Mid,Time Management
5253,44,5.204545454545454,14,7.454545454545454,81.9090909090909,0.3181818181818182,62.62727272727273,Marketing,Mid,Communication Skills
5254,48,4.770833333333333,18,7.583333333333333,81.10416666666667,0.375,62.28125,Operations,Mid,Communication Skills
5255,42,5.261904761904762,21,7.642857142857143,79.78571428571429,0.5,55.73571428571429,Operations,Mid,Time Management
5256,40,5.55,16,7.55,79.975,0.4,57.99249999999999,Marketing,Mid,Communication Skills
5257,39,5.102564102564102,14,7.564102564102564,79.6923076923077,0.358974358974359,58.73846153846154,HR,Mid,Communication Skills
5258,23,4.565217391304348,9,7.782608695652174,77.8695652173913,0.391304347826087,50.82173913043478,Finance,Mid,Communication Skills
5259,48,4.875,24,7.770833333333333,79.72916666666667,0.5,58.118750000000006,Marketing,Mid,Time Management
5260,23,4.521739130434782,7,7.3478260869565215,83.43478260869566,0.30434782608695654,55.10000000000001,Operations,Mid,Communication Skills
5261,22,4.318181818181818,8,7.2272727272727275,83.54545454545455,0.36363636363636365,52.95454545454545,IT,Mid,Communication Skills
5262,21,4.190476190476191,8,7.142857142857143,83.14285714285714,0.38095238095238093,51.91428571428571,IT,Mid,Communication Skills
5263,21,5.285714285714286,9,7.761904761904762,80.23809523809524,0.42857142857142855,49.614285714285714,Operations,Mid,Time Management
5264,38,5.394736842105263,18,7.578947368421052,78.52631578947368,0.47368421052631576,54.54736842105264,IT,Mid,Time Management
5265,22,4.2727272727272725,9,7.363636363636363,79.18181818181819,0.4090909090909091,50.28181818181818,IT,Mid,Time Management
5266,45,5.066666666666666,17,7.466666666666667,81.26666666666667,0.37777777777777777,61.04666666666667,Operations,Mid,Communication Skills
5267,41,5.073170731707317,19,7.634146341463414,79.4390243902439,0.4634146341463415,56.329268292682926,HR,Mid,Time Management
5268,21,4.380952380952381,8,7.571428571428571,79.52380952380952,0.38095238095238093,50.82857142857143,Operations,Mid,Communication Skills
5269,28,5.571428571428571,13,7.428571428571429,81.85714285714286,0.4642857142857143,51.82857142857143,HR,Mid,Time Management
5270,32,5.375,17,7.5,82.21875,0.53125,51.528125,Marketing,Mid,Time Management
5271,29,5.0,16,7.586206896551724,79.79310344827586,0.5517241379310345,48.98620689655172,HR,Mid,Time Management
5272,43,4.767441860465116,22,7.255813953488372,79.34883720930233,0.5116279069767442,55.65581395348837,Finance,Mid,Time Management
5273,40,5.15,16,7.325,82.975,0.4,58.8925,HR,Mid,Communication Skills
5274,25,5.56,13,7.92,83.96,0.52,49.587999999999994,Finance,Mid,Time Management
5275,20,5.4,11,7.4,84.3,0.55,46.79,Operations,Mid,Time Management
5276,25,5.36,10,7.56,79.48,0.4,51.844,IT,Mid,Communication Skills
5277,22,4.181818181818182,8,7.136363636363637,75.63636363636364,0.36363636363636365,50.58181818181818,Finance,Mid,Communication Skills
5278,36,5.472222222222222,18,7.472222222222222,80.66666666666667,0.5,53.599999999999994,HR,Mid,Time Management
5279,50,5.3,28,7.38,79.96,0.56,57.188,IT,Mid,Time Management
5280,32,4.6875,12,7.40625,79.125,0.375,55.2875,Operations,Mid,Communication Skills
5281,48,5.333333333333333,23,7.604166666666667,78.4375,0.4791666666666667,58.35625,Finance,Mid,Time Management
5282,28,5.035714285714286,9,7.607142857142857,77.60714285714286,0.32142857142857145,54.839285714285715,Finance,Mid,Communication Skills
5283,49,5.040816326530612,23,7.448979591836735,82.83673469387755,0.46938775510204084,60.36938775510204,IT,Mid,Time Management
5284,28,4.178571428571429,11,7.642857142857143,77.21428571428571,0.39285714285714285,52.57857142857143,HR,Mid,Communication Skills
5285,22,4.636363636363637,11,7.318181818181818,80.63636363636364,0.5,47.99090909090909,Marketing,Mid,Time Management
5286,25,4.76,9,7.48,81.4,0.36,53.620000000000005,IT,Mid,Communication Skills
5287,39,5.410256410256411,20,7.846153846153846,76.3076923076923,0.5128205128205128,53.10769230769231,Finance,Mid,Time Management
5288,27,5.37037037037037,10,7.592592592592593,81.66666666666667,0.37037037037037035,54.18888888888889,Finance,Mid,Communication Skills
5289,33,5.606060606060606,17,7.333333333333333,80.42424242424242,0.5151515151515151,51.872727272727275,Finance,Mid,Time Management
5290,29,4.655172413793103,12,7.344827586206897,81.62068965517241,0.41379310344827586,53.67241379310345,Marketing,Mid,Time Management
5291,28,5.035714285714286,11,7.607142857142857,84.07142857142857,0.39285714285714285,54.635714285714286,Finance,Mid,Communication Skills
5292,36,4.416666666666667,10,7.305555555555555,77.30555555555556,0.2777777777777778,59.25833333333334,HR,Mid,Communication Skills
5293,45,4.022222222222222,15,7.377777777777778,77.73333333333333,0.3333333333333333,61.32,HR,Mid,Communication Skills
5294,22,4.909090909090909,8,7.454545454545454,81.22727272727273,0.36363636363636365,52.259090909090915,HR,Mid,Communication Skills
5295,29,5.241379310344827,12,7.551724137931035,81.93103448275862,0.41379310344827586,53.765517241379314,Finance,Mid,Time Management
5296,32,4.53125,13,7.40625,81.46875,0.40625,55.053125,IT,Mid,Time Management
5297,29,5.241379310344827,18,7.310344827586207,81.3103448275862,0.6206896551724138,47.37241379310345,HR,Mid,Time Management
5298,49,4.8979591836734695,20,7.346938775510204,82.65306122448979,0.40816326530612246,62.15102040816326,IT,Mid,Time Management
5299,26,4.846153846153846,10,7.3076923076923075,82.3076923076923,0.38461538461538464,53.55384615384615,Finance,Mid,Communication Skills
5300,25,4.52,10,7.96,79.0,0.4,51.7,Marketing,Mid,Communication Skills
5301,33,4.818181818181818,13,7.454545454545454,78.72727272727273,0.3939393939393939,55.0,Marketing,Mid,Communication Skills
5302,49,4.73469387755102,23,7.36734693877551,81.08163265306122,0.46938775510204084,59.84285714285714,Operations,Mid,Time Management
5303,34,4.9411764705882355,19,7.323529411764706,77.38235294117646,0.5588235294117647,50.05,IT,Mid,Time Management
5304,21,5.571428571428571,11,8.238095238095237,80.0952380952381,0.5238095238095238,46.71428571428571,HR,Mid,Time Management
5305,48,4.708333333333333,19,7.333333333333333,78.66666666666667,0.3958333333333333,60.925000000000004,Marketing,Mid,Communication Skills
5306,42,5.928571428571429,23,7.833333333333333,81.73809523809524,0.5476190476190477,54.89285714285714,Marketing,Mid,Time Management
5307,41,5.365853658536586,21,7.7073170731707314,77.5609756097561,0.5121951219512195,54.302439024390246,Finance,Mid,Time Management
5308,32,4.25,9,7.3125,77.15625,0.28125,57.50937499999999,Marketing,Mid,Communication Skills
5309,36,4.861111111111111,18,7.833333333333333,80.33333333333333,0.5,53.5,IT,Mid,Time Management
5310,33,5.363636363636363,14,7.515151515151516,82.9090909090909,0.42424242424242425,55.345454545454544,Marketing,Mid,Time Management
5311,45,4.7555555555555555,20,7.688888888888889,80.68888888888888,0.4444444444444444,58.873333333333335,IT,Mid,Time Management
5312,27,4.888888888888889,10,7.851851851851852,81.96296296296296,0.37037037037037035,54.27777777777778,IT,Mid,Communication Skills
5313,34,5.735294117647059,19,7.529411764705882,79.0,0.5588235294117647,50.535294117647055,HR,Mid,Time Management
5314,30,6.166666666666667,18,7.266666666666667,78.83333333333333,0.6,47.65,HR,Mid,Time Management
5315,43,5.348837209302325,18,7.790697674418604,77.93023255813954,0.4186046511627907,58.02093023255814,Finance,Mid,Time Management
5316,49,5.163265306122449,23,7.448979591836735,79.59183673469387,0.46938775510204084,59.39591836734694,IT,Mid,Time Management
5317,43,4.72093023255814,13,7.27906976744186,78.79069767441861,0.3023255813953488,61.76744186046513,Finance,Mid,Communication Skills
5318,34,4.588235294117647,16,7.5588235294117645,79.91176470588235,0.47058823529411764,53.455882352941174,Finance,Mid,Time Management
5319,47,5.574468085106383,25,7.48936170212766,82.19148936170212,0.5319148936170213,57.5,Marketing,Mid,Time Management
5320,44,4.590909090909091,24,7.409090909090909,82.22727272727273,0.5454545454545454,55.904545454545456,Finance,Mid,Time Management
5321,32,5.65625,15,7.5,73.5,0.46875,50.7875,Operations,Mid,Time Management
5322,39,5.6923076923076925,21,7.589743589743589,82.43589743589743,0.5384615384615384,54.176923076923075,HR,Mid,Time Management
5323,35,5.685714285714286,15,7.685714285714286,80.94285714285714,0.42857142857142855,55.42571428571428,Marketing,Mid,Time Management
5324,38,5.315789473684211,16,7.868421052631579,78.6842105263158,0.42105263157894735,56.17368421052632,Operations,Mid,Time Management
5325,40,5.05,17,7.475,82.15,0.425,57.894999999999996,Marketing,Mid,Time Management
5326,32,5.3125,15,7.40625,77.4375,0.46875,51.96875,Finance,Mid,Time Management
5327,50,5.36,23,7.5,79.28,0.46,59.984,Finance,Mid,Time Management
5328,27,4.407407407407407,6,7.407407407407407,78.29629629629629,0.2222222222222222,57.62222222222222,HR,Mid,Communication Skills
5329,21,5.285714285714286,9,7.523809523809524,76.61904761904762,0.42857142857142855,48.528571428571425,Finance,Mid,Time Management
5330,30,4.6,13,7.7,76.83333333333333,0.43333333333333335,52.05,Marketing,Mid,Time Management
5331,27,4.814814814814815,6,7.185185185185185,80.81481481481481,0.2222222222222222,58.37777777777778,IT,Mid,Communication Skills
5332,32,5.0,10,7.59375,81.84375,0.3125,57.97812499999999,Operations,Mid,Communication Skills
5333,46,5.282608695652174,18,7.565217391304348,79.45652173913044,0.391304347826087,60.49782608695652,HR,Mid,Communication Skills
5334,44,5.7272727272727275,18,7.5227272727272725,78.54545454545455,0.4090909090909091,58.89090909090909,Finance,Mid,Time Management
5335,35,4.942857142857143,16,7.2,76.14285714285714,0.45714285714285713,53.12857142857143,Marketing,Mid,Time Management
5336,43,4.6976744186046515,21,7.674418604651163,81.86046511627907,0.4883720930232558,57.10697674418605,IT,Mid,Time Management
5337,35,4.857142857142857,15,7.257142857142857,81.57142857142857,0.42857142857142855,55.614285714285714,Marketing,Mid,Time Management
5338,34,5.235294117647059,13,7.735294117647059,80.0,0.38235294117647056,56.129411764705885,HR,Mid,Communication Skills
5339,20,4.6,9,7.5,78.15,0.45,47.945,Finance,Mid,Time Management
5340,37,5.837837837837838,20,7.702702702702703,79.51351351351352,0.5405405405405406,52.43783783783783,Finance,Mid,Time Management
5341,35,4.9714285714285715,15,7.457142857142857,80.34285714285714,0.42857142857142855,55.245714285714286,Finance,Mid,Time Management
5342,21,5.142857142857143,6,7.380952380952381,78.61904761904762,0.2857142857142857,53.41428571428571,HR,Mid,Communication Skills
5343,36,4.111111111111111,13,7.388888888888889,76.30555555555556,0.3611111111111111,56.45833333333333,Finance,Mid,Communication Skills
5344,28,5.214285714285714,15,7.428571428571429,77.07142857142857,0.5357142857142857,48.25,Finance,Mid,Time Management
5345,44,4.659090909090909,20,7.590909090909091,77.77272727272727,0.45454545454545453,57.29545454545455,IT,Mid,Time Management
5346,29,4.793103448275862,13,7.379310344827586,79.65517241379311,0.4482758620689655,52.04827586206897,HR,Mid,Time Management
5347,24,5.708333333333333,10,7.541666666666667,79.25,0.4166666666666667,50.875,HR,Mid,Time Management
5348,43,5.441860465116279,20,7.395348837209302,77.86046511627907,0.46511627906976744,56.6046511627907,IT,Mid,Time Management
5349,47,4.76595744680851,18,7.340425531914893,84.34042553191489,0.3829787234042553,62.61276595744681,Operations,Mid,Communication Skills
5350,49,4.489795918367347,18,7.73469387755102,81.53061224489795,0.3673469387755102,63.038775510204076,IT,Mid,Communication Skills
5351,44,4.4772727272727275,18,7.5,80.45454545454545,0.4090909090909091,59.46363636363637,HR,Mid,Time Management
5352,32,4.84375,16,7.5,80.4375,0.5,51.93125,HR,Mid,Time Management
5353,27,4.37037037037037,12,7.481481481481482,82.22222222222223,0.4444444444444444,52.13333333333334,IT,Mid,Time Management
5354,27,5.407407407407407,14,7.444444444444445,82.55555555555556,0.5185185185185185,50.01111111111111,Marketing,Mid,Time Management
5355,36,4.888888888888889,14,7.805555555555555,83.33333333333333,0.3888888888888889,57.733333333333334,HR,Mid,Communication Skills
5356,43,5.209302325581396,19,7.255813953488372,83.02325581395348,0.4418604651162791,58.85116279069767,HR,Mid,Time Management
5357,25,4.6,7,7.64,83.2,0.28,56.56,Marketing,Mid,Communication Skills
5358,45,5.155555555555556,18,7.311111111111111,80.37777777777778,0.4,60.11333333333333,Finance,Mid,Communication Skills
5359,47,4.531914893617022,17,7.446808510638298,79.51063829787235,0.3617021276595745,61.80212765957447,IT,Mid,Communication Skills
5360,32,4.1875,12,7.40625,83.3125,0.375,56.54375,Marketing,Mid,Communication Skills
5361,44,4.954545454545454,23,7.681818181818182,78.6590909090909,0.5227272727272727,55.51590909090909,Finance,Mid,Time Management
5362,37,5.108108108108108,18,7.486486486486487,78.43243243243244,0.4864864864864865,53.73513513513514,Marketing,Mid,Time Management
5363,37,4.972972972972973,18,7.324324324324325,81.24324324324324,0.4864864864864865,54.578378378378375,IT,Mid,Time Management
5364,45,4.955555555555556,13,7.5777777777777775,79.75555555555556,0.28888888888888886,63.260000000000005,Operations,Mid,Communication Skills
5365,27,5.0,11,7.407407407407407,79.77777777777777,0.4074074074074074,52.511111111111106,Marketing,Mid,Time Management
5366,38,5.5,18,8.078947368421053,82.15789473684211,0.47368421052631576,55.63684210526316,Marketing,Mid,Time Management
5367,22,5.0,7,7.545454545454546,78.5909090909091,0.3181818181818182,52.831818181818186,HR,Mid,Communication Skills
5368,30,4.666666666666667,12,7.7,81.96666666666667,0.4,54.59,Marketing,Mid,Communication Skills
5369,26,5.384615384615385,10,7.461538461538462,78.26923076923077,0.38461538461538464,52.3423076923077,HR,Mid,Communication Skills
5370,43,5.0,22,7.4186046511627906,79.46511627906976,0.5116279069767442,55.6906976744186,Finance,Mid,Time Management
5371,25,4.6,11,7.36,85.84,0.44,52.552,Operations,Mid,Time Management
5372,50,4.92,19,7.72,78.98,0.38,62.294,Finance,Mid,Communication Skills
5373,42,5.833333333333333,27,7.666666666666667,81.16666666666667,0.6428571428571429,51.864285714285714,Finance,Mid,Time Management
5374,26,5.0,9,7.423076923076923,80.3076923076923,0.34615384615384615,54.10769230769231,Operations,Mid,Communication Skills
5375,20,5.4,8,7.9,81.2,0.4,50.36,Finance,Mid,Communication Skills
5376,27,4.2592592592592595,11,8.074074074074074,77.92592592592592,0.4074074074074074,51.955555555555556,Operations,Mid,Time Management
5377,35,5.085714285714285,11,7.514285714285714,78.08571428571429,0.3142857142857143,57.997142857142855,IT,Mid,Communication Skills
5378,23,5.521739130434782,7,7.565217391304348,79.65217391304348,0.30434782608695654,53.96521739130435,HR,Mid,Communication Skills
5379,29,4.793103448275862,14,7.310344827586207,80.79310344827586,0.4827586206896552,51.3551724137931,Marketing,Mid,Time Management
5380,42,5.119047619047619,22,7.904761904761905,80.11904761904762,0.5238095238095238,55.12142857142857,HR,Mid,Time Management
5381,20,5.8,10,7.3,79.4,0.5,46.82,IT,Mid,Time Management
5382,44,5.75,26,7.681818181818182,80.0909090909091,0.5909090909090909,53.900000000000006,Marketing,Mid,Time Management
5383,42,5.190476190476191,16,7.5476190476190474,79.28571428571429,0.38095238095238093,59.15714285714286,Marketing,Mid,Communication Skills
5384,43,4.930232558139535,18,7.906976744186046,77.72093023255815,0.4186046511627907,57.95813953488373,Finance,Mid,Time Management
5385,40,5.475,19,7.4,81.675,0.475,56.2525,Marketing,Mid,Time Management
5386,20,4.9,6,7.8,77.6,0.3,52.28,HR,Mid,Communication Skills
5387,34,4.823529411764706,19,7.294117647058823,79.20588235294117,0.5588235294117647,50.59705882352941,Marketing,Mid,Time Management
5388,35,5.314285714285714,16,7.542857142857143,79.91428571428571,0.45714285714285713,54.260000000000005,Finance,Mid,Time Management
5389,31,4.741935483870968,13,7.67741935483871,80.19354838709677,0.41935483870967744,53.87741935483871,IT,Mid,Time Management
5390,31,5.258064516129032,13,7.67741935483871,81.41935483870968,0.41935483870967744,54.245161290322585,Operations,Mid,Time Management
5391,28,4.535714285714286,12,7.428571428571429,78.82142857142857,0.42857142857142855,51.989285714285714,IT,Mid,Time Management
5392,27,4.851851851851852,9,7.592592592592593,80.5925925925926,0.3333333333333333,54.97777777777778,HR,Mid,Communication Skills
5393,37,5.081081081081081,22,7.297297297297297,78.56756756756756,0.5945945945945946,50.53243243243243,IT,Mid,Time Management
5394,46,5.282608695652174,22,7.608695652173913,78.04347826086956,0.4782608695652174,57.46521739130435,Marketing,Mid,Time Management
5395,25,5.12,13,7.32,83.84,0.52,49.552,IT,Mid,Time Management
5396,49,4.938775510204081,27,7.530612244897959,79.48979591836735,0.5510204081632653,56.916326530612245,HR,Mid,Time Management
5397,43,4.744186046511628,20,7.4186046511627906,78.06976744186046,0.46511627906976744,56.66744186046512,Operations,Mid,Time Management
5398,36,4.527777777777778,15,7.888888888888889,76.5,0.4166666666666667,54.849999999999994,Operations,Mid,Time Management
5399,22,4.636363636363637,8,7.2727272727272725,77.86363636363636,0.36363636363636365,51.25,Marketing,Mid,Communication Skills
5400,26,5.076923076923077,14,7.461538461538462,82.53846153846153,0.5384615384615384,49.00769230769231,Marketing,Mid,Time Management
5401,49,4.836734693877551,22,7.448979591836735,80.59183673469387,0.4489795918367347,60.30816326530612,Operations,Mid,Time Management
5402,28,4.678571428571429,10,7.678571428571429,76.57142857142857,0.35714285714285715,53.457142857142856,Finance,Mid,Communication Skills
5403,32,5.34375,16,7.46875,78.46875,0.5,51.340625,IT,Mid,Time Management
5404,45,4.955555555555556,23,7.466666666666667,82.02222222222223,0.5111111111111111,57.27333333333334,Finance,Mid,Time Management
5405,36,4.166666666666667,10,7.666666666666667,76.94444444444444,0.2777777777777778,59.150000000000006,Finance,Mid,Communication Skills
5406,31,4.32258064516129,13,7.612903225806452,79.03225806451613,0.41935483870967744,53.52903225806452,Finance,Mid,Time Management
5407,47,5.595744680851064,23,7.446808510638298,78.23404255319149,0.48936170212765956,57.58936170212766,Finance,Mid,Time Management
5408,25,4.88,12,7.4,81.96,0.48,50.188,Operations,Mid,Time Management
5409,48,5.020833333333333,21,7.395833333333333,78.625,0.4375,59.6625,Operations,Mid,Time Management
5410,42,5.333333333333333,17,7.5,79.92857142857143,0.40476190476190477,58.635714285714286,Operations,Mid,Time Management
5411,35,5.085714285714285,16,7.685714285714286,74.94285714285714,0.45714285714285713,52.76857142857143,HR,Mid,Time Management
5412,41,5.170731707317073,21,7.512195121951219,76.29268292682927,0.5121951219512195,53.921951219512195,Marketing,Mid,Time Management
5413,34,5.147058823529412,14,7.588235294117647,80.97058823529412,0.4117647058823529,55.53823529411765,Marketing,Mid,Time Management
5414,33,5.303030303030303,14,7.636363636363637,78.6969696969697,0.42424242424242425,54.08181818181818,Finance,Mid,Time Management
5415,24,4.75,11,7.833333333333333,74.0,0.4583333333333333,48.050000000000004,HR,Mid,Time Management
5416,27,4.777777777777778,11,7.62962962962963,81.11111111111111,0.4074074074074074,52.91111111111111,Finance,Mid,Time Management
5417,44,5.090909090909091,22,7.909090909090909,82.63636363636364,0.5,57.39090909090909,Marketing,Mid,Time Management
5418,24,4.583333333333333,8,7.166666666666667,77.95833333333333,0.3333333333333333,52.987500000000004,IT,Mid,Communication Skills
5419,27,5.074074074074074,12,7.481481481481482,84.85185185185185,0.4444444444444444,52.92222222222222,Marketing,Mid,Time Management
5420,44,4.954545454545454,19,7.5,79.97727272727273,0.4318181818181818,58.638636363636365,HR,Mid,Time Management
5421,31,5.129032258064516,17,7.258064516129032,80.35483870967742,0.5483870967741935,50.054838709677426,HR,Mid,Time Management
5422,24,4.833333333333333,4,7.375,81.54166666666667,0.16666666666666666,59.0625,Finance,Mid,Communication Skills
5423,33,5.454545454545454,16,7.363636363636363,79.78787878787878,0.48484848484848486,52.59090909090909,Finance,Mid,Time Management
5424,41,5.097560975609756,16,7.560975609756097,81.46341463414635,0.3902439024390244,59.13170731707318,Operations,Mid,Communication Skills
5425,36,4.305555555555555,13,7.611111111111111,79.88888888888889,0.3611111111111111,57.53333333333333,IT,Mid,Communication Skills
5426,37,5.216216216216216,19,7.486486486486487,84.05405405405405,0.5135135135135135,54.610810810810804,Operations,Mid,Time Management
5427,33,5.212121212121212,14,7.484848484848484,80.87878787878788,0.42424242424242425,54.736363636363635,HR,Mid,Time Management
5428,31,4.806451612903226,14,7.709677419354839,80.90322580645162,0.45161290322580644,53.12258064516129,HR,Mid,Time Management
5429,24,5.458333333333333,12,7.666666666666667,77.20833333333333,0.5,47.7625,HR,Mid,Time Management
5430,24,4.291666666666667,9,7.541666666666667,82.45833333333333,0.375,53.0875,IT,Mid,Communication Skills
5431,35,5.285714285714286,15,7.6,81.6,0.42857142857142855,55.62285714285714,HR,Mid,Time Management
5432,46,5.608695652173913,25,7.282608695652174,82.15217391304348,0.5434782608695652,56.74130434782609,Finance,Mid,Time Management
5433,37,3.7567567567567566,16,7.45945945945946,79.08108108108108,0.43243243243243246,55.55135135135135,Operations,Mid,Time Management
5434,41,4.951219512195122,20,7.585365853658536,81.82926829268293,0.4878048780487805,56.31463414634146,HR,Mid,Time Management
5435,31,5.354838709677419,14,7.516129032258065,80.12903225806451,0.45161290322580644,52.89032258064516,Finance,Mid,Time Management
5436,36,5.027777777777778,12,7.138888888888889,77.13888888888889,0.3333333333333333,57.54166666666667,Finance,Mid,Communication Skills
5437,30,5.733333333333333,16,7.233333333333333,80.7,0.5333333333333333,50.21,IT,Mid,Time Management
5438,43,4.8604651162790695,17,7.627906976744186,78.32558139534883,0.3953488372093023,58.837209302325576,Operations,Mid,Communication Skills
5439,42,4.928571428571429,16,7.214285714285714,80.5952380952381,0.38095238095238093,59.550000000000004,HR,Mid,Communication Skills
5440,38,4.7894736842105265,15,7.605263157894737,83.44736842105263,0.39473684210526316,58.392105263157895,Operations,Mid,Communication Skills
5441,24,5.083333333333333,10,7.375,80.5,0.4166666666666667,51.25,HR,Mid,Time Management
5442,35,4.6,15,7.628571428571429,75.17142857142858,0.42857142857142855,53.69428571428571,Operations,Mid,Time Management
5443,24,5.25,14,7.75,76.58333333333333,0.5833333333333334,45.075,Finance,Mid,Time Management
5444,40,4.575,16,7.25,79.475,0.4,57.8425,HR,Mid,Communication Skills
5445,44,5.045454545454546,19,7.431818181818182,80.63636363636364,0.4318181818181818,58.83636363636363,IT,Mid,Time Management
5446,38,5.026315789473684,18,7.868421052631579,79.76315789473684,0.47368421052631576,54.91842105263158,Operations,Mid,Time Management
5447,33,5.515151515151516,16,7.393939393939394,79.66666666666667,0.48484848484848486,52.55454545454546,IT,Mid,Time Management
5448,35,5.457142857142857,19,7.257142857142857,77.8,0.5428571428571428,51.05428571428571,Finance,Mid,Time Management
5449,20,5.0,9,7.45,81.3,0.45,48.89,Operations,Mid,Time Management
5450,43,5.395348837209302,22,7.325581395348837,81.06976744186046,0.5116279069767442,56.17209302325581,Operations,Mid,Time Management
5451,41,4.390243902439025,19,7.341463414634147,80.63414634146342,0.4634146341463415,56.68780487804878,IT,Mid,Time Management
5452,22,4.954545454545454,9,7.2272727272727275,79.5,0.4090909090909091,50.377272727272725,Marketing,Mid,Time Management
5453,46,4.739130434782608,20,7.6521739130434785,84.1304347826087,0.43478260869565216,60.59565217391305,Operations,Mid,Time Management
5454,40,4.75,17,7.325,80.9,0.425,57.519999999999996,Marketing,Mid,Time Management
5455,32,5.15625,15,7.3125,82.9375,0.46875,53.61875,Finance,Mid,Time Management
5456,37,5.675675675675675,21,7.243243243243243,82.02702702702703,0.5675675675675675,52.38108108108108,Marketing,Mid,Time Management
5457,27,4.111111111111111,10,7.407407407407407,79.48148148148148,0.37037037037037035,53.53333333333333,IT,Mid,Communication Skills
5458,25,4.76,10,7.32,81.84,0.4,52.552,HR,Mid,Communication Skills
5459,34,5.529411764705882,14,7.5588235294117645,79.70588235294117,0.4117647058823529,55.15882352941176,Marketing,Mid,Time Management
5460,23,4.130434782608695,9,7.391304347826087,82.21739130434783,0.391304347826087,52.126086956521746,HR,Mid,Communication Skills
5461,48,5.604166666666667,24,7.270833333333333,78.10416666666667,0.5,57.63125000000001,IT,Mid,Time Management
5462,45,4.155555555555556,17,7.511111111111111,82.0,0.37777777777777777,61.266666666666666,IT,Mid,Communication Skills
5463,36,5.277777777777778,19,7.611111111111111,80.55555555555556,0.5277777777777778,52.733333333333334,Marketing,Mid,Time Management
5464,32,5.0625,11,7.25,77.96875,0.34375,55.878125,Marketing,Mid,Communication Skills
5465,23,6.217391304347826,15,7.521739130434782,73.78260869565217,0.6521739130434783,41.7695652173913,Operations,Mid,Time Management
5466,27,4.666666666666667,13,7.222222222222222,80.22222222222223,0.48148148148148145,50.422222222222224,Marketing,Mid,Time Management
5467,21,4.761904761904762,10,7.904761904761905,79.42857142857143,0.47619047619047616,47.94285714285714,Finance,Mid,Time Management
5468,38,4.5,19,7.7631578947368425,78.10526315789474,0.5,53.631578947368425,Finance,Mid,Time Management
5469,22,5.454545454545454,13,7.363636363636363,79.36363636363636,0.5909090909090909,44.881818181818176,HR,Mid,Time Management
5470,32,5.71875,17,7.21875,79.78125,0.53125,50.796875,Marketing,Mid,Time Management
5471,47,5.212765957446808,18,7.23404255319149,83.51063829787235,0.3829787234042553,62.36382978723405,HR,Mid,Communication Skills
5472,38,4.421052631578948,15,7.5,76.78947368421052,0.39473684210526316,56.39473684210526,Finance,Mid,Communication Skills
5473,20,4.95,7,7.3,78.05,0.35,50.915,HR,Mid,Communication Skills
5474,39,5.6923076923076925,20,7.666666666666667,81.6923076923077,0.5128205128205128,54.723076923076924,Finance,Mid,Time Management
5475,35,5.371428571428571,17,7.714285714285714,81.51428571428572,0.4857142857142857,53.88285714285714,Finance,Mid,Time Management
5476,21,4.619047619047619,7,7.619047619047619,80.95238095238095,0.3333333333333333,52.68571428571429,Marketing,Mid,Communication Skills
5477,47,5.617021276595745,24,7.425531914893617,79.34042553191489,0.5106382978723404,57.282978723404256,Marketing,Mid,Time Management
5478,39,4.102564102564102,17,7.333333333333333,79.1025641025641,0.4358974358974359,56.253846153846155,Finance,Mid,Time Management
5479,33,5.636363636363637,15,7.363636363636363,78.63636363636364,0.45454545454545453,53.154545454545456,IT,Mid,Time Management
5480,46,4.869565217391305,22,7.608695652173913,82.17391304347827,0.4782608695652174,58.70434782608696,Operations,Mid,Time Management
5481,34,6.588235294117647,22,7.764705882352941,79.70588235294117,0.6470588235294118,48.099999999999994,Operations,Mid,Time Management
5482,39,4.743589743589744,16,7.717948717948718,82.64102564102564,0.41025641025641024,58.08461538461539,Finance,Mid,Time Management
5483,50,5.64,26,7.68,84.12,0.52,59.635999999999996,HR,Mid,Time Management
5484,34,4.647058823529412,11,7.4411764705882355,79.58823529411765,0.3235294117647059,57.77058823529413,HR,Mid,Communication Skills
5485,35,5.114285714285714,16,7.4,79.34285714285714,0.45714285714285713,54.08857142857143,Operations,Mid,Time Management
5486,20,5.3,8,7.3,81.3,0.4,50.39,Marketing,Mid,Communication Skills
5487,39,5.153846153846154,22,7.512820512820513,78.97435897435898,0.5641025641025641,52.36923076923077,HR,Mid,Time Management
5488,23,4.739130434782608,9,7.521739130434782,79.73913043478261,0.391304347826087,51.38260869565218,Finance,Mid,Communication Skills
5489,22,4.636363636363637,8,7.5,79.0,0.36363636363636365,51.59090909090909,HR,Mid,Communication Skills
5490,38,5.2368421052631575,19,7.552631578947368,79.42105263157895,0.5,54.026315789473685,HR,Mid,Time Management
5491,46,4.239130434782608,15,7.586956521739131,80.8695652173913,0.32608695652173914,62.87826086956521,Marketing,Mid,Communication Skills
5492,29,4.9655172413793105,15,7.344827586206897,79.34482758620689,0.5172413793103449,49.88620689655173,Marketing,Mid,Time Management
5493,50,5.22,23,7.38,80.08,0.46,60.224000000000004,IT,Mid,Time Management
5494,44,5.659090909090909,25,7.568181818181818,79.1590909090909,0.5681818181818182,54.30227272727272,Finance,Mid,Time Management
5495,41,5.170731707317073,16,7.317073170731708,80.36585365853658,0.3902439024390244,58.80243902439024,IT,Mid,Communication Skills
5496,48,5.4375,23,7.5,81.08333333333333,0.4791666666666667,59.150000000000006,HR,Mid,Time Management
5497,38,5.657894736842105,18,7.842105263157895,82.94736842105263,0.47368421052631576,55.87368421052632,Finance,Mid,Time Management
5498,31,5.258064516129032,12,7.32258064516129,78.96774193548387,0.3870967741935484,54.477419354838716,Marketing,Mid,Communication Skills
5499,25,4.8,10,7.72,78.92,0.4,51.676,Marketing,Mid,Communication Skills
5500,41,5.487804878048781,24,7.780487804878049,82.1219512195122,0.5853658536585366,53.47560975609757,HR,Mid,Time Management
5501,40,5.175,23,7.475,79.125,0.575,52.4875,Finance,Mid,Time Management
5502,34,5.617647058823529,20,7.4411764705882355,77.97058823529412,0.5882352941176471,49.34411764705882,Marketing,Mid,Time Management
5503,38,4.947368421052632,19,7.394736842105263,82.55263157894737,0.5,54.96578947368421,HR,Mid,Time Management
5504,32,5.375,18,7.59375,77.125,0.5625,49.0625,Operations,Mid,Time Management
5505,20,5.1,13,7.5,80.0,0.65,42.5,Finance,Mid,Time Management
5506,32,5.375,15,7.5625,81.65625,0.46875,53.234375,IT,Mid,Time Management
5507,45,5.133333333333334,23,7.355555555555555,77.73333333333333,0.5111111111111111,55.98666666666667,Finance,Mid,Time Management
5508,24,5.083333333333333,10,7.833333333333333,79.04166666666667,0.4166666666666667,50.8125,IT,Mid,Time Management
5509,40,5.05,19,7.4,81.8,0.475,56.29,Finance,Mid,Time Management
5510,41,4.853658536585366,14,7.2926829268292686,78.5609756097561,0.34146341463414637,59.724390243902434,Operations,Mid,Communication Skills
5511,40,4.825,18,7.65,80.2,0.45,56.56,IT,Mid,Time Management
5512,50,4.84,24,7.58,82.28,0.48,60.284000000000006,Finance,Mid,Time Management
5513,33,4.424242424242424,12,7.787878787878788,81.27272727272727,0.36363636363636365,56.67272727272727,HR,Mid,Communication Skills
5514,22,4.863636363636363,10,7.636363636363637,74.04545454545455,0.45454545454545453,47.377272727272725,Finance,Mid,Time Management
5515,46,4.608695652173913,19,7.630434782608695,78.78260869565217,0.41304347826086957,59.643478260869564,HR,Mid,Time Management
5516,47,4.914893617021277,25,7.531914893617022,79.7872340425532,0.5319148936170213,56.77872340425532,IT,Mid,Time Management
5517,35,5.171428571428572,16,7.8,82.25714285714285,0.45714285714285713,54.962857142857146,HR,Mid,Time Management
5518,25,5.76,15,7.24,80.2,0.6,46.06,HR,Mid,Time Management
5519,23,5.130434782608695,13,7.173913043478261,84.04347826086956,0.5652173913043478,47.45652173913044,Operations,Mid,Time Management
5520,39,5.102564102564102,14,7.487179487179487,78.87179487179488,0.358974358974359,58.4923076923077,Operations,Mid,Communication Skills
5521,22,4.5,13,7.681818181818182,81.77272727272727,0.5909090909090909,45.604545454545445,Marketing,Mid,Time Management
5522,28,4.142857142857143,11,7.571428571428571,80.57142857142857,0.39285714285714285,53.58571428571429,IT,Mid,Communication Skills
5523,49,4.326530612244898,21,7.448979591836735,79.53061224489795,0.42857142857142855,60.602040816326536,Operations,Mid,Time Management
5524,39,4.9743589743589745,17,7.82051282051282,82.0,0.4358974358974359,57.12307692307692,Marketing,Mid,Time Management
5525,48,4.791666666666667,16,7.395833333333333,82.29166666666667,0.3333333333333333,63.8875,HR,Mid,Communication Skills
5526,27,4.851851851851852,12,7.518518518518518,77.51851851851852,0.4444444444444444,50.72222222222223,Marketing,Mid,Time Management
5527,27,4.481481481481482,10,7.222222222222222,85.0,0.37037037037037035,55.18888888888889,HR,Mid,Communication Skills
5528,22,5.045454545454546,7,7.5,77.36363636363636,0.3181818181818182,52.46363636363637,Finance,Mid,Communication Skills
5529,21,5.571428571428571,12,7.571428571428571,80.04761904761905,0.5714285714285714,45.27142857142857,Marketing,Mid,Time Management
5530,46,5.891304347826087,27,7.543478260869565,82.15217391304348,0.5869565217391305,55.436956521739134,IT,Mid,Time Management
5531,38,4.473684210526316,14,7.684210526315789,80.5,0.3684210526315789,58.29736842105263,Operations,Mid,Communication Skills
5532,39,4.256410256410256,14,7.3076923076923075,81.71794871794872,0.358974358974359,59.346153846153854,Finance,Mid,Communication Skills
5533,20,5.4,10,7.2,79.25,0.5,46.775,Operations,Mid,Time Management
5534,22,5.090909090909091,9,7.318181818181818,78.04545454545455,0.4090909090909091,49.94090909090909,Operations,Mid,Time Management
5535,30,3.7,7,7.566666666666666,81.1,0.23333333333333334,59.33,Marketing,Mid,Communication Skills
5536,31,4.612903225806452,14,7.645161290322581,82.90322580645162,0.45161290322580644,53.72258064516129,Finance,Mid,Time Management
5537,20,4.3,8,7.45,75.65,0.4,48.695,Marketing,Mid,Communication Skills
5538,35,5.485714285714286,18,7.0285714285714285,78.82857142857142,0.5142857142857142,52.22,Finance,Mid,Time Management
5539,23,5.782608695652174,14,7.391304347826087,76.3913043478261,0.6086956521739131,43.856521739130436,Operations,Mid,Time Management
5540,33,4.696969696969697,14,7.666666666666667,82.03030303030303,0.42424242424242425,55.08181818181818,Finance,Mid,Time Management
5541,36,5.611111111111111,22,7.555555555555555,80.72222222222223,0.6111111111111112,50.28333333333333,Operations,Mid,Time Management
5542,20,4.75,11,7.95,76.65,0.55,44.495000000000005,Finance,Mid,Time Management
5543,48,5.0,22,7.854166666666667,81.66666666666667,0.4583333333333333,59.95,HR,Mid,Time Management
5544,34,4.823529411764706,13,7.764705882352941,79.79411764705883,0.38235294117647056,56.06764705882353,Marketing,Mid,Communication Skills
5545,33,4.606060606060606,15,7.606060606060606,81.06060606060606,0.45454545454545453,53.881818181818176,Marketing,Mid,Time Management
5546,28,5.607142857142857,18,7.571428571428571,79.64285714285714,0.6428571428571429,45.80714285714286,IT,Mid,Time Management
5547,28,5.357142857142857,16,8.035714285714286,79.5,0.5714285714285714,47.90714285714286,Finance,Mid,Time Management
5548,36,5.527777777777778,16,7.333333333333333,81.86111111111111,0.4444444444444444,55.625,HR,Mid,Time Management
5549,43,5.0,23,7.674418604651163,77.04651162790698,0.5348837209302325,54.26744186046511,Operations,Mid,Time Management
5550,37,5.216216216216216,18,7.594594594594595,78.37837837837837,0.4864864864864865,53.71891891891892,Finance,Mid,Time Management
5551,50,4.9,26,7.38,81.52,0.52,58.855999999999995,Operations,Mid,Time Management
5552,39,5.0,17,7.410256410256411,81.87179487179488,0.4358974358974359,57.08461538461539,Marketing,Mid,Time Management
5553,27,5.333333333333333,13,7.888888888888889,81.18518518518519,0.48148148148148145,50.711111111111116,IT,Mid,Time Management
5554,35,4.628571428571429,12,7.285714285714286,83.4,0.34285714285714286,58.73428571428572,Marketing,Mid,Communication Skills
5555,45,4.955555555555556,19,7.4,79.71111111111111,0.4222222222222222,59.246666666666655,Finance,Mid,Time Management
5556,29,4.620689655172414,11,7.068965517241379,78.6896551724138,0.3793103448275862,53.827586206896555,IT,Mid,Communication Skills
5557,36,4.388888888888889,14,7.666666666666667,77.66666666666667,0.3888888888888889,56.03333333333333,Marketing,Mid,Communication Skills
5558,44,4.340909090909091,20,7.659090909090909,83.02272727272727,0.45454545454545453,58.87045454545455,Marketing,Mid,Time Management
5559,44,5.295454545454546,25,7.659090909090909,79.36363636363636,0.5681818181818182,54.36363636363636,HR,Mid,Time Management
5560,28,5.785714285714286,15,7.607142857142857,86.82142857142857,0.5357142857142857,51.175,Finance,Mid,Time Management
5561,34,5.264705882352941,13,7.676470588235294,79.52941176470588,0.38235294117647056,55.98823529411765,Finance,Mid,Communication Skills
5562,22,5.590909090909091,11,7.318181818181818,79.4090909090909,0.5,47.622727272727275,HR,Mid,Time Management
5563,24,5.791666666666667,18,7.375,76.54166666666667,0.75,40.0625,HR,Mid,Time Management
5564,28,5.107142857142857,19,7.964285714285714,78.71428571428571,0.6785714285714286,44.457142857142856,HR,Mid,Time Management
5565,38,4.815789473684211,16,7.578947368421052,81.42105263157895,0.42105263157894735,56.99473684210526,Marketing,Mid,Time Management
5566,24,5.208333333333333,10,7.416666666666667,80.0,0.4166666666666667,51.099999999999994,Marketing,Mid,Time Management
5567,36,4.833333333333333,14,7.611111111111111,79.91666666666667,0.3888888888888889,56.708333333333336,IT,Mid,Communication Skills
5568,50,5.26,21,7.52,78.22,0.42,60.866,Finance,Mid,Time Management
5569,23,5.739130434782608,13,7.391304347826087,85.78260869565217,0.5652173913043478,47.97826086956522,Marketing,Mid,Time Management
5570,31,5.161290322580645,16,7.483870967741935,80.38709677419355,0.5161290322580645,51.03225806451613,Marketing,Mid,Time Management
5571,35,5.285714285714286,16,7.2,80.94285714285714,0.45714285714285713,54.56857142857143,Finance,Mid,Time Management
5572,37,5.5675675675675675,17,7.4324324324324325,85.24324324324324,0.4594594594594595,56.58918918918919,Marketing,Mid,Time Management
5573,23,5.695652173913044,11,8.0,77.21739130434783,0.4782608695652174,48.017391304347825,Finance,Mid,Time Management
5574,33,5.090909090909091,15,7.7272727272727275,79.78787878787878,0.45454545454545453,53.5,Finance,Mid,Time Management
5575,25,4.48,11,7.12,83.92,0.44,51.976,IT,Mid,Time Management
5576,34,4.794117647058823,13,7.176470588235294,78.94117647058823,0.38235294117647056,55.811764705882354,Operations,Mid,Communication Skills
5577,48,5.25,23,7.416666666666667,83.97916666666667,0.4791666666666667,60.018750000000004,Finance,Mid,Time Management
5578,20,5.1,12,7.6,73.85,0.6,42.155,Finance,Mid,Time Management
5579,24,5.208333333333333,9,7.75,77.0,0.375,51.45,HR,Mid,Communication Skills
5580,21,3.5714285714285716,7,7.761904761904762,77.14285714285714,0.3333333333333333,51.542857142857144,IT,Mid,Communication Skills
5581,42,5.5476190476190474,26,7.5476190476190474,82.23809523809524,0.6190476190476191,52.9,HR,Mid,Time Management
5582,38,5.131578947368421,21,7.5,77.34210526315789,0.5526315789473685,51.82368421052631,IT,Mid,Time Management
5583,43,5.372093023255814,25,7.465116279069767,79.81395348837209,0.5813953488372093,53.70232558139534,IT,Mid,Time Management
5584,50,5.1,22,7.76,79.64,0.44,60.69199999999999,Marketing,Mid,Time Management
5585,44,4.75,21,7.4772727272727275,81.45454545454545,0.4772727272727273,57.71818181818182,Marketing,Mid,Time Management
5586,48,4.625,23,7.354166666666667,81.79166666666667,0.4791666666666667,59.362500000000004,IT,Mid,Time Management
5587,21,5.809523809523809,9,8.0,78.42857142857143,0.42857142857142855,49.07142857142857,IT,Mid,Time Management
5588,27,5.814814814814815,16,7.851851851851852,80.48148148148148,0.5925925925925926,47.16666666666667,Finance,Mid,Time Management
5589,26,4.846153846153846,9,7.153846153846154,78.15384615384616,0.34615384615384615,53.46153846153847,Operations,Mid,Communication Skills
5590,38,4.368421052631579,13,7.421052631578948,81.0,0.34210526315789475,59.236842105263165,Marketing,Mid,Communication Skills
5591,37,5.108108108108108,15,7.378378378378378,77.54054054054055,0.40540540540540543,55.9,Finance,Mid,Time Management
5592,48,4.895833333333333,26,7.458333333333333,81.33333333333333,0.5416666666666666,57.35,HR,Mid,Time Management
5593,21,4.619047619047619,9,7.666666666666667,79.85714285714286,0.42857142857142855,49.5,Operations,Mid,Time Management
5594,43,5.837209302325581,16,7.767441860465116,80.83720930232558,0.37209302325581395,60.288372093023256,Finance,Mid,Communication Skills
5595,23,5.086956521739131,10,7.391304347826087,79.3913043478261,0.43478260869565216,49.97391304347826,IT,Mid,Time Management
5596,25,5.44,14,7.36,78.68,0.56,46.804,HR,Mid,Time Management
5597,27,4.703703703703703,11,7.851851851851852,80.74074074074075,0.4074074074074074,52.800000000000004,IT,Mid,Time Management
5598,38,5.184210526315789,20,7.657894736842105,75.89473684210526,0.5263157894736842,52.17894736842105,Finance,Mid,Time Management
5599,39,5.589743589743589,20,7.461538461538462,79.92307692307692,0.5128205128205128,54.19230769230769,Marketing,Mid,Time Management
5600,25,4.88,11,7.32,79.04,0.44,50.512,Finance,Mid,Time Management
5601,21,4.809523809523809,7,7.428571428571429,78.61904761904762,0.3333333333333333,51.985714285714295,HR,Mid,Communication Skills
5602,45,4.4222222222222225,16,7.288888888888889,79.35555555555555,0.35555555555555557,61.13999999999999,IT,Mid,Communication Skills
5603,35,4.628571428571429,13,7.2,76.97142857142858,0.37142857142857144,55.948571428571434,Marketing,Mid,Communication Skills
5604,45,5.0,20,7.466666666666667,80.53333333333333,0.4444444444444444,58.82666666666667,HR,Mid,Time Management
5605,26,5.346153846153846,17,7.461538461538462,76.15384615384616,0.6538461538461539,43.63076923076923,Operations,Mid,Time Management
5606,30,4.266666666666667,13,7.566666666666666,81.3,0.43333333333333335,53.39,IT,Mid,Time Management
5607,33,5.787878787878788,17,7.393939393939394,81.36363636363636,0.5151515151515151,52.154545454545456,Finance,Mid,Time Management
5608,28,5.571428571428571,17,7.714285714285714,79.03571428571429,0.6071428571428571,46.69642857142857,Marketing,Mid,Time Management
5609,43,4.441860465116279,16,7.604651162790698,80.76744186046511,0.37209302325581395,60.26744186046511,HR,Mid,Communication Skills
5610,42,5.0476190476190474,17,7.714285714285714,80.19047619047619,0.40476190476190477,58.714285714285715,Finance,Mid,Time Management
5611,36,4.888888888888889,15,7.638888888888889,78.91666666666667,0.4166666666666667,55.575,Finance,Mid,Time Management
5612,41,4.512195121951219,15,7.097560975609756,78.29268292682927,0.36585365853658536,58.912195121951214,IT,Mid,Communication Skills
5613,38,5.552631578947368,16,7.7105263157894735,76.94736842105263,0.42105263157894735,55.652631578947364,Finance,Mid,Time Management
5614,20,5.1,5,7.15,80.75,0.25,54.724999999999994,Operations,Mid,Communication Skills
5615,21,5.0476190476190474,14,7.428571428571429,79.61904761904762,0.6666666666666666,42.28571428571429,IT,Mid,Time Management
5616,38,5.578947368421052,22,7.5,79.15789473684211,0.5789473684210527,51.578947368421055,Marketing,Mid,Time Management
5617,40,4.575,12,7.725,82.75,0.3,61.825,HR,Mid,Communication Skills
5618,22,4.954545454545454,8,7.2727272727272725,77.0909090909091,0.36363636363636365,51.018181818181816,Marketing,Mid,Communication Skills
5619,25,4.92,9,7.48,80.64,0.36,53.391999999999996,Finance,Mid,Communication Skills
5620,28,3.9285714285714284,6,7.714285714285714,80.82142857142857,0.21428571428571427,59.01785714285714,IT,Mid,Communication Skills
5621,35,4.885714285714286,14,7.228571428571429,79.8,0.4,55.94,Operations,Mid,Communication Skills
5622,48,4.770833333333333,23,7.479166666666667,76.75,0.4791666666666667,57.85,Operations,Mid,Time Management
5623,32,4.3125,15,7.78125,79.90625,0.46875,52.709375,Operations,Mid,Time Management
5624,44,5.590909090909091,23,7.295454545454546,80.02272727272727,0.5227272727272727,55.925,HR,Mid,Time Management
5625,37,4.108108108108108,14,7.702702702702703,80.62162162162163,0.3783783783783784,57.63513513513514,Operations,Mid,Communication Skills
5626,28,5.25,13,7.428571428571429,79.5,0.4642857142857143,51.12142857142857,IT,Mid,Time Management
5627,27,4.7407407407407405,9,7.407407407407407,75.51851851851852,0.3333333333333333,53.45555555555556,Marketing,Mid,Communication Skills
5628,33,4.666666666666667,13,7.303030303030303,77.63636363636364,0.3939393939393939,54.67272727272727,IT,Mid,Communication Skills
5629,37,5.243243243243243,22,7.27027027027027,78.05405405405405,0.5945945945945946,50.37837837837837,Marketing,Mid,Time Management
5630,20,4.9,11,7.35,77.9,0.55,44.870000000000005,Marketing,Mid,Time Management
5631,34,4.970588235294118,15,7.617647058823529,80.5,0.4411764705882353,54.51470588235294,Marketing,Mid,Time Management
5632,30,4.266666666666667,13,7.433333333333334,76.96666666666667,0.43333333333333335,52.09,IT,Mid,Time Management
5633,32,4.875,17,7.375,79.3125,0.53125,50.65625,Marketing,Mid,Time Management
5634,40,4.625,13,7.375,79.85,0.325,60.205,IT,Mid,Communication Skills
5635,36,4.833333333333333,15,7.305555555555555,80.38888888888889,0.4166666666666667,56.016666666666666,IT,Mid,Time Management
5636,34,5.088235294117647,15,7.382352941176471,82.38235294117646,0.4411764705882353,55.07941176470588,Marketing,Mid,Time Management
5637,34,4.911764705882353,19,7.4411764705882355,82.29411764705883,0.5588235294117647,51.523529411764706,Finance,Mid,Time Management
5638,39,4.153846153846154,11,7.6923076923076925,82.43589743589743,0.28205128205128205,61.86923076923077,Marketing,Mid,Communication Skills
5639,31,5.193548387096774,15,7.67741935483871,77.16129032258064,0.4838709677419355,51.03225806451613,Finance,Mid,Time Management
5640,43,4.186046511627907,20,7.767441860465116,81.62790697674419,0.46511627906976744,57.73488372093024,Finance,Mid,Time Management
5641,38,5.605263157894737,20,7.868421052631579,74.94736842105263,0.5263157894736842,51.89473684210526,Finance,Mid,Time Management
5642,29,4.551724137931035,8,7.206896551724138,78.27586206896552,0.27586206896551724,56.80689655172414,Marketing,Mid,Communication Skills
5643,22,4.954545454545454,8,7.045454545454546,77.95454545454545,0.36363636363636365,51.27727272727273,Marketing,Mid,Communication Skills
5644,25,4.72,9,7.36,74.92,0.36,51.676,Finance,Mid,Communication Skills
5645,49,5.142857142857143,20,7.714285714285714,78.81632653061224,0.40816326530612246,61.0,Marketing,Mid,Time Management
5646,44,5.136363636363637,19,7.5227272727272725,78.8409090909091,0.4318181818181818,58.29772727272727,Marketing,Mid,Time Management
5647,41,5.390243902439025,20,7.365853658536586,82.41463414634147,0.4878048780487805,56.49024390243903,Finance,Mid,Time Management
5648,24,5.791666666666667,11,7.833333333333333,83.25,0.4583333333333333,50.825,Operations,Mid,Time Management
5649,22,4.863636363636363,10,7.318181818181818,80.13636363636364,0.45454545454545453,49.20454545454545,IT,Mid,Time Management
5650,20,4.55,8,7.5,76.9,0.4,49.07,Operations,Mid,Communication Skills
5651,49,5.510204081632653,26,7.387755102040816,82.57142857142857,0.5306122448979592,58.4530612244898,Operations,Mid,Time Management
5652,34,5.0,12,7.705882352941177,79.94117647058823,0.35294117647058826,56.99411764705883,HR,Mid,Communication Skills
5653,23,5.478260869565218,10,7.695652173913044,83.52173913043478,0.43478260869565216,51.21304347826087,Operations,Mid,Time Management
5654,44,5.181818181818182,26,7.636363636363637,80.20454545454545,0.5909090909090909,53.93409090909091,HR,Mid,Time Management
5655,43,4.8604651162790695,19,7.395348837209302,77.04651162790698,0.4418604651162791,57.05813953488372,Operations,Mid,Time Management
5656,24,4.666666666666667,8,7.458333333333333,78.375,0.3333333333333333,53.112500000000004,Operations,Mid,Communication Skills
5657,36,3.8333333333333335,13,7.472222222222222,79.22222222222223,0.3611111111111111,57.33333333333333,HR,Mid,Communication Skills
5658,30,5.7,18,7.766666666666667,75.03333333333333,0.6,46.51,Operations,Mid,Time Management
5659,20,5.15,10,7.85,80.1,0.5,47.03,Finance,Mid,Time Management
5660,44,5.0,25,7.545454545454546,78.70454545454545,0.5681818181818182,54.16590909090909,Finance,Mid,Time Management
5661,38,4.947368421052632,17,7.315789473684211,76.05263157894737,0.4473684210526316,54.59473684210526,IT,Mid,Time Management
5662,37,5.45945945945946,20,7.4324324324324325,77.8108108108108,0.5405405405405406,51.92702702702702,HR,Mid,Time Management
5663,31,4.580645161290323,9,7.612903225806452,82.38709677419355,0.2903225806451613,58.406451612903226,Operations,Mid,Communication Skills
5664,36,4.555555555555555,16,7.611111111111111,80.13888888888889,0.4444444444444444,55.108333333333334,HR,Mid,Time Management
5665,47,5.0,24,7.531914893617022,79.48936170212765,0.5106382978723404,57.327659574468086,Operations,Mid,Time Management
5666,22,5.590909090909091,14,7.090909090909091,79.4090909090909,0.6363636363636364,43.53181818181818,Marketing,Mid,Time Management
5667,27,5.0,12,7.2592592592592595,81.18518518518519,0.4444444444444444,51.82222222222222,HR,Mid,Time Management
5668,48,4.958333333333333,17,7.5,81.66666666666667,0.3541666666666667,63.075,Operations,Mid,Communication Skills
5669,34,5.352941176470588,16,7.147058823529412,80.32352941176471,0.47058823529411764,53.57941176470588,IT,Mid,Time Management
5670,50,4.66,22,7.46,80.18,0.44,60.854,HR,Mid,Time Management
5671,34,4.470588235294118,15,7.382352941176471,78.55882352941177,0.4411764705882353,53.932352941176475,Operations,Mid,Time Management
5672,36,5.0,8,7.638888888888889,77.13888888888889,0.2222222222222222,60.875,Finance,Mid,Communication Skills
5673,49,4.979591836734694,26,7.612244897959184,79.81632653061224,0.5306122448979592,57.626530612244906,Finance,Mid,Time Management
5674,40,5.3,16,7.425,77.7,0.4,57.31,Finance,Mid,Communication Skills
5675,32,4.375,14,7.40625,77.75,0.4375,53.0,IT,Mid,Time Management
5676,23,5.260869565217392,10,7.086956521739131,76.69565217391305,0.43478260869565216,49.16521739130435,Marketing,Mid,Time Management
5677,34,5.352941176470588,18,7.205882352941177,79.20588235294117,0.5294117647058824,51.47941176470589,Marketing,Mid,Time Management
5678,46,5.043478260869565,22,7.565217391304348,80.17391304347827,0.4782608695652174,58.104347826086965,Finance,Mid,Time Management
5679,31,4.67741935483871,13,7.290322580645161,78.93548387096774,0.41935483870967744,53.5,Finance,Mid,Time Management
5680,47,5.382978723404255,22,7.51063829787234,79.27659574468085,0.46808510638297873,58.54042553191489,HR,Mid,Time Management
5681,23,5.782608695652174,13,7.826086956521739,81.73913043478261,0.5652173913043478,46.76521739130435,IT,Mid,Time Management
5682,23,5.043478260869565,12,7.391304347826087,75.30434782608695,0.5217391304347826,46.13913043478261,IT,Mid,Time Management
5683,30,4.833333333333333,14,7.333333333333333,81.16666666666667,0.4666666666666667,52.35,Finance,Mid,Time Management
5684,25,5.44,11,7.36,75.8,0.44,49.54,HR,Mid,Time Management
5685,35,5.714285714285714,18,7.257142857142857,80.57142857142857,0.5142857142857142,52.74285714285715,Operations,Mid,Time Management
5686,24,5.125,8,7.5,76.33333333333333,0.3333333333333333,52.5,HR,Mid,Communication Skills
5687,25,5.36,13,7.8,78.64,0.52,47.992,HR,Mid,Time Management
5688,46,4.586956521739131,21,7.782608695652174,81.54347826086956,0.45652173913043476,59.16739130434783,Marketing,Mid,Time Management
5689,22,5.863636363636363,8,7.636363636363637,79.68181818181819,0.36363636363636365,51.79545454545455,Finance,Mid,Communication Skills
5690,40,4.725,19,7.525,81.025,0.475,56.057500000000005,IT,Mid,Time Management
5691,50,5.16,24,7.56,81.84,0.48,60.152,HR,Mid,Time Management
5692,31,5.225806451612903,14,7.225806451612903,79.41935483870968,0.45161290322580644,52.677419354838705,Finance,Mid,Time Management
5693,23,4.391304347826087,7,7.608695652173913,80.17391304347827,0.30434782608695654,54.12173913043479,IT,Mid,Communication Skills
5694,30,4.8,11,7.1,76.7,0.36666666666666664,54.010000000000005,Finance,Mid,Communication Skills
5695,26,4.615384615384615,14,7.230769230769231,85.92307692307692,0.5384615384615384,50.02307692307692,HR,Mid,Time Management
5696,26,5.769230769230769,8,7.653846153846154,74.92307692307692,0.3076923076923077,53.64615384615385,IT,Mid,Communication Skills
5697,34,6.294117647058823,21,7.411764705882353,81.11764705882354,0.6176470588235294,49.40588235294118,Marketing,Mid,Time Management
5698,31,4.741935483870968,16,7.580645161290323,81.41935483870968,0.5161290322580645,51.34193548387097,Operations,Mid,Time Management
5699,45,5.377777777777778,19,7.177777777777778,82.15555555555555,0.4222222222222222,59.97999999999999,Operations,Mid,Time Management
5700,35,5.0,19,7.6,80.05714285714286,0.5428571428571428,51.73142857142857,Finance,Mid,Time Management
5701,23,4.521739130434782,10,7.173913043478261,82.47826086956522,0.43478260869565216,50.900000000000006,Finance,Mid,Time Management
5702,35,5.314285714285714,19,7.6,77.14285714285714,0.5428571428571428,50.85714285714286,Operations,Mid,Time Management
5703,41,5.878048780487805,26,7.560975609756097,78.51219512195122,0.6341463414634146,50.92926829268293,Marketing,Mid,Time Management
5704,25,5.32,16,7.2,86.0,0.64,46.599999999999994,Marketing,Mid,Time Management
5705,42,4.857142857142857,17,7.523809523809524,78.61904761904762,0.40476190476190477,58.24285714285715,IT,Mid,Time Management
5706,21,5.666666666666667,15,7.571428571428571,78.19047619047619,0.7142857142857143,40.42857142857143,Operations,Mid,Time Management
5707,29,5.137931034482759,15,7.310344827586207,82.55172413793103,0.5172413793103449,50.84827586206897,HR,Mid,Time Management
5708,46,5.260869565217392,22,7.1521739130434785,79.56521739130434,0.4782608695652174,57.92173913043479,Marketing,Mid,Time Management
5709,46,5.956521739130435,23,7.456521739130435,79.1304347826087,0.5,57.139130434782615,Operations,Mid,Time Management
5710,48,4.666666666666667,22,7.395833333333333,80.0,0.4583333333333333,59.45,IT,Mid,Time Management
5711,43,5.558139534883721,26,7.465116279069767,78.06976744186046,0.6046511627906976,52.48139534883721,Finance,Mid,Time Management
5712,46,5.326086956521739,25,7.978260869565218,80.67391304347827,0.5434782608695652,56.29782608695652,HR,Mid,Time Management
5713,41,4.487804878048781,14,7.7317073170731705,79.1951219512195,0.34146341463414637,59.914634146341456,Operations,Mid,Communication Skills
5714,31,5.258064516129032,16,7.258064516129032,81.6774193548387,0.5161290322580645,51.41935483870967,HR,Mid,Time Management
5715,27,3.962962962962963,10,7.481481481481482,80.48148148148148,0.37037037037037035,53.83333333333333,IT,Mid,Communication Skills
5716,31,4.709677419354839,13,7.064516129032258,82.3225806451613,0.41935483870967744,54.516129032258064,HR,Mid,Time Management
5717,20,5.0,11,7.65,80.0,0.55,45.5,HR,Mid,Time Management
5718,25,5.64,17,7.48,81.96,0.68,44.187999999999995,Marketing,Mid,Time Management
5719,50,5.1,20,7.7,77.96,0.4,61.388,IT,Mid,Communication Skills
5720,39,5.589743589743589,24,7.641025641025641,79.3076923076923,0.6153846153846154,50.93076923076923,HR,Mid,Time Management
5721,48,5.395833333333333,23,7.75,81.8125,0.4791666666666667,59.368750000000006,HR,Mid,Time Management
5722,26,4.846153846153846,10,7.384615384615385,80.07692307692308,0.38461538461538464,52.88461538461539,Marketing,Mid,Communication Skills
5723,23,4.913043478260869,11,7.434782608695652,74.91304347826087,0.4782608695652174,47.32608695652174,IT,Mid,Time Management
5724,50,5.42,21,7.58,77.72,0.42,60.71600000000001,Finance,Mid,Time Management
5725,25,4.84,9,7.84,76.6,0.36,52.17999999999999,HR,Mid,Communication Skills
5726,33,5.303030303030303,14,7.606060606060606,78.39393939393939,0.42424242424242425,53.990909090909085,HR,Mid,Time Management
5727,29,4.137931034482759,12,7.379310344827586,81.79310344827586,0.41379310344827586,53.724137931034484,IT,Mid,Time Management
5728,33,5.575757575757576,19,7.424242424242424,83.12121212121212,0.5757575757575758,50.86363636363637,Finance,Mid,Time Management
5729,22,4.863636363636363,13,7.409090909090909,76.31818181818181,0.5909090909090909,43.96818181818182,IT,Mid,Time Management
5730,37,5.135135135135135,17,7.891891891891892,81.62162162162163,0.4594594594594595,55.502702702702706,Finance,Mid,Time Management
5731,36,5.472222222222222,16,7.888888888888889,80.88888888888889,0.4444444444444444,55.333333333333336,IT,Mid,Time Management
5732,42,5.880952380952381,19,7.595238095238095,79.69047619047619,0.4523809523809524,57.135714285714286,IT,Mid,Time Management
5733,49,5.571428571428571,19,7.469387755102041,76.89795918367346,0.3877551020408163,61.03673469387755,Operations,Mid,Communication Skills
5734,47,4.723404255319149,20,7.829787234042553,83.55319148936171,0.425531914893617,61.1,Operations,Mid,Time Management
5735,24,5.625,12,7.583333333333333,76.70833333333333,0.5,47.6125,Marketing,Mid,Time Management
5736,38,4.842105263157895,17,7.7368421052631575,85.89473684210526,0.4473684210526316,57.547368421052624,HR,Mid,Time Management
5737,50,5.36,24,7.5,80.92,0.48,59.876000000000005,HR,Mid,Time Management
5738,42,5.261904761904762,20,7.5476190476190474,81.78571428571429,0.47619047619047616,57.05000000000001,IT,Mid,Time Management
5739,48,5.0,22,7.479166666666667,81.04166666666667,0.4583333333333333,59.7625,Finance,Mid,Time Management
5740,35,5.257142857142857,17,7.371428571428571,77.85714285714286,0.4857142857142857,52.785714285714285,HR,Mid,Time Management
5741,36,4.222222222222222,14,7.388888888888889,77.13888888888889,0.3888888888888889,55.875,Marketing,Mid,Communication Skills
5742,27,4.666666666666667,11,7.518518518518518,82.07407407407408,0.4074074074074074,53.2,IT,Mid,Time Management
5743,35,5.257142857142857,15,7.428571428571429,80.08571428571429,0.42857142857142855,55.168571428571425,Operations,Mid,Time Management
5744,39,5.17948717948718,16,7.897435897435898,76.97435897435898,0.41025641025641024,56.38461538461539,Operations,Mid,Time Management
5745,35,5.085714285714285,15,7.685714285714286,79.34285714285714,0.42857142857142855,54.94571428571429,Finance,Mid,Time Management
5746,48,4.833333333333333,21,7.4375,77.4375,0.4375,59.306250000000006,Operations,Mid,Time Management
5747,41,5.0,23,7.829268292682927,81.6829268292683,0.5609756097560976,54.07560975609756,Operations,Mid,Time Management
5748,35,4.8,15,7.8,81.71428571428571,0.42857142857142855,55.65714285714286,Operations,Mid,Time Management
5749,48,4.520833333333333,22,7.645833333333333,78.41666666666667,0.4583333333333333,58.97500000000001,HR,Mid,Time Management
5750,42,4.761904761904762,17,7.404761904761905,79.61904761904762,0.40476190476190477,58.542857142857144,Finance,Mid,Time Management
5751,50,5.96,24,7.66,77.22,0.48,58.766000000000005,IT,Mid,Time Management
5752,20,4.35,9,7.5,83.4,0.45,49.519999999999996,IT,Mid,Time Management
5753,28,4.785714285714286,7,7.857142857142857,81.07142857142857,0.25,58.02142857142857,IT,Mid,Communication Skills
5754,32,5.3125,10,7.46875,79.09375,0.3125,57.153124999999996,Operations,Mid,Communication Skills
5755,38,5.473684210526316,19,7.631578947368421,76.0,0.5,53.0,Finance,Mid,Time Management
5756,27,5.111111111111111,17,7.407407407407407,82.0,0.6296296296296297,46.511111111111106,HR,Mid,Time Management
5757,47,4.553191489361702,19,7.74468085106383,77.76595744680851,0.40425531914893614,60.00212765957447,Operations,Mid,Time Management
5758,20,5.1,9,7.0,80.55,0.45,48.665,Marketing,Mid,Time Management
5759,44,4.840909090909091,21,7.340909090909091,80.93181818181819,0.4772727272727273,57.56136363636364,Operations,Mid,Time Management
5760,35,3.9714285714285715,6,7.714285714285714,78.0,0.17142857142857143,62.25714285714285,Marketing,Mid,Communication Skills
5761,42,5.619047619047619,22,7.309523809523809,80.57142857142857,0.5238095238095238,55.25714285714285,Finance,Mid,Time Management
5762,32,4.25,14,7.375,79.03125,0.4375,53.384375,Operations,Mid,Time Management
5763,32,4.9375,14,7.4375,76.75,0.4375,52.7,Operations,Mid,Time Management
5764,39,5.0,18,7.3076923076923075,78.12820512820512,0.46153846153846156,55.19230769230769,Finance,Mid,Time Management
5765,40,5.0,22,7.675,81.4,0.55,53.92,Finance,Mid,Time Management
5766,35,5.257142857142857,17,7.742857142857143,80.45714285714286,0.4857142857142857,53.56571428571428,Operations,Mid,Time Management
5767,40,4.625,18,7.7,83.1,0.45,57.42999999999999,Operations,Mid,Time Management
5768,24,4.833333333333333,11,7.708333333333333,82.95833333333333,0.4583333333333333,50.737500000000004,Marketing,Mid,Time Management
5769,22,5.409090909090909,9,7.681818181818182,79.45454545454545,0.4090909090909091,50.36363636363636,HR,Mid,Time Management
5770,20,4.05,6,7.45,78.75,0.3,52.625,IT,Mid,Communication Skills
5771,23,4.478260869565218,9,7.3478260869565215,81.65217391304348,0.391304347826087,51.95652173913044,Finance,Mid,Communication Skills
5772,35,5.171428571428572,16,7.771428571428571,81.25714285714285,0.45714285714285713,54.66285714285714,HR,Mid,Time Management
5773,27,4.555555555555555,7,7.37037037037037,76.70370370370371,0.25925925925925924,56.03333333333334,IT,Mid,Communication Skills
5774,35,6.2,22,7.6,82.88571428571429,0.6285714285714286,50.00857142857143,Marketing,Mid,Time Management
5775,44,5.431818181818182,23,7.545454545454546,76.75,0.5227272727272727,54.94318181818182,IT,Mid,Time Management
5776,49,5.653061224489796,25,7.408163265306122,82.04081632653062,0.5102040816326531,58.90612244897959,HR,Mid,Time Management
5777,31,5.032258064516129,13,7.419354838709677,79.29032258064517,0.41935483870967744,53.60645161290323,Operations,Mid,Time Management
5778,47,4.680851063829787,21,7.51063829787234,82.29787234042553,0.44680851063829785,60.08510638297872,IT,Mid,Time Management
5779,43,4.72093023255814,18,7.488372093023256,81.44186046511628,0.4186046511627907,59.074418604651164,Operations,Mid,Time Management
5780,28,4.964285714285714,10,6.964285714285714,78.92857142857143,0.35714285714285715,54.16428571428571,IT,Mid,Communication Skills
5781,33,4.96969696969697,13,7.424242424242424,82.06060606060606,0.3939393939393939,56.0,Marketing,Mid,Communication Skills
5782,37,4.891891891891892,16,7.648648648648648,78.89189189189189,0.43243243243243246,55.49459459459459,Operations,Mid,Time Management
5783,49,5.387755102040816,21,7.510204081632653,79.12244897959184,0.42857142857142855,60.4795918367347,Marketing,Mid,Time Management
5784,24,4.666666666666667,7,7.583333333333333,81.375,0.2916666666666667,55.262499999999996,HR,Mid,Communication Skills
5785,32,4.90625,14,7.5625,82.0,0.4375,54.275,Operations,Mid,Time Management
5786,27,5.111111111111111,13,7.444444444444445,77.55555555555556,0.48148148148148145,49.62222222222222,Marketing,Mid,Time Management
5787,47,5.404255319148936,22,7.659574468085107,80.91489361702128,0.46808510638297873,59.031914893617014,Marketing,Mid,Time Management
5788,30,4.966666666666667,15,7.5,82.13333333333334,0.5,51.64,Operations,Mid,Time Management
5789,43,5.0,19,7.558139534883721,80.79069767441861,0.4418604651162791,58.18139534883721,Marketing,Mid,Time Management
5790,23,4.869565217391305,5,7.739130434782608,80.69565217391305,0.21739130434782608,56.88695652173914,HR,Mid,Communication Skills
5791,33,4.424242424242424,10,7.757575757575758,78.33333333333333,0.30303030303030304,57.60909090909091,Marketing,Mid,Communication Skills
5792,42,5.5476190476190474,24,7.690476190476191,78.83333333333333,0.5714285714285714,53.30714285714286,Finance,Mid,Time Management
5793,46,4.804347826086956,21,7.586956521739131,76.0,0.45652173913043476,57.504347826086956,HR,Mid,Time Management
5794,46,4.891304347826087,20,7.173913043478261,80.6304347826087,0.43478260869565216,59.545652173913055,Operations,Mid,Time Management
5795,21,3.6666666666666665,6,7.761904761904762,84.66666666666667,0.2857142857142857,55.22857142857143,Marketing,Mid,Communication Skills
5796,23,4.391304347826087,8,7.434782608695652,82.95652173913044,0.34782608695652173,53.65217391304348,HR,Mid,Communication Skills
5797,33,4.818181818181818,13,7.181818181818182,80.27272727272727,0.3939393939393939,55.46363636363636,IT,Mid,Communication Skills
5798,33,5.0606060606060606,15,7.242424242424242,80.87878787878788,0.45454545454545453,53.82727272727273,IT,Mid,Time Management
5799,50,5.38,22,7.72,81.56,0.44,61.268,Finance,Mid,Time Management
5800,21,4.380952380952381,10,7.285714285714286,82.71428571428571,0.47619047619047616,48.92857142857143,IT,Mid,Time Management
5801,32,5.40625,16,7.625,77.6875,0.5,51.10625,Finance,Mid,Time Management
5802,27,4.814814814814815,14,7.7407407407407405,81.07407407407408,0.5185185185185185,49.56666666666667,Operations,Mid,Time Management
5803,25,5.24,10,6.96,79.96,0.4,51.988,Operations,Mid,Communication Skills
5804,30,5.333333333333333,14,7.5,83.1,0.4666666666666667,52.92999999999999,HR,Mid,Time Management
5805,25,4.76,10,7.32,81.36,0.4,52.408,Marketing,Mid,Communication Skills
5806,27,5.185185185185185,12,7.518518518518518,77.62962962962963,0.4444444444444444,50.75555555555556,Marketing,Mid,Time Management
5807,42,4.642857142857143,17,7.523809523809524,80.61904761904762,0.40476190476190477,58.84285714285714,Finance,Mid,Time Management
5808,48,4.770833333333333,21,7.8125,82.08333333333333,0.4375,60.7,Finance,Mid,Time Management
5809,40,5.15,16,7.65,81.075,0.4,58.322500000000005,Operations,Mid,Communication Skills
5810,41,4.804878048780488,15,7.634146341463414,78.26829268292683,0.36585365853658536,58.90487804878049,Finance,Mid,Communication Skills
5811,32,5.375,19,7.53125,78.375,0.59375,48.5,Finance,Mid,Time Management
5812,23,4.478260869565218,10,7.260869565217392,84.52173913043478,0.43478260869565216,51.51304347826087,HR,Mid,Time Management
5813,29,4.724137931034483,15,7.517241379310345,80.55172413793103,0.5172413793103449,50.248275862068965,HR,Mid,Time Management
5814,25,4.8,7,7.04,77.72,0.28,54.916,Marketing,Mid,Communication Skills
5815,37,5.216216216216216,16,7.594594594594595,81.08108108108108,0.43243243243243246,56.15135135135135,Finance,Mid,Time Management
5816,26,4.1923076923076925,6,7.769230769230769,82.96153846153847,0.23076923076923078,58.36538461538461,Finance,Mid,Communication Skills
5817,41,4.536585365853658,15,7.317073170731708,82.65853658536585,0.36585365853658536,60.22195121951219,Operations,Mid,Communication Skills
5818,35,5.9714285714285715,20,7.542857142857143,78.62857142857143,0.5714285714285714,50.44571428571429,IT,Mid,Time Management
5819,24,5.708333333333333,11,7.416666666666667,77.20833333333333,0.4583333333333333,49.0125,Operations,Mid,Time Management
5820,30,4.566666666666666,14,7.1,81.2,0.4666666666666667,52.36,Marketing,Mid,Time Management
5821,47,4.872340425531915,17,7.617021276595745,80.95744680851064,0.3617021276595745,62.236170212765956,Operations,Mid,Communication Skills
5822,37,5.081081081081081,16,7.783783783783784,79.13513513513513,0.43243243243243246,55.567567567567565,Operations,Mid,Time Management
5823,23,5.217391304347826,11,7.782608695652174,80.6086956521739,0.4782608695652174,49.03478260869565,HR,Mid,Time Management
5824,29,4.0,11,7.620689655172414,80.55172413793103,0.3793103448275862,54.38620689655173,Operations,Mid,Communication Skills
5825,43,4.465116279069767,16,7.27906976744186,80.65116279069767,0.37209302325581395,60.23255813953487,Operations,Mid,Communication Skills
5826,33,5.0,13,7.303030303030303,80.3030303030303,0.3939393939393939,55.47272727272727,Operations,Mid,Communication Skills
5827,46,4.826086956521739,15,7.630434782608695,79.0,0.32608695652173914,62.31739130434782,Finance,Mid,Communication Skills
5828,40,4.8,18,7.525,80.775,0.45,56.7325,Operations,Mid,Time Management
5829,41,5.170731707317073,17,7.2926829268292686,79.46341463414635,0.4146341463414634,57.80000000000001,Finance,Mid,Time Management
5830,36,4.972222222222222,14,7.583333333333333,81.72222222222223,0.3888888888888889,57.25,HR,Mid,Communication Skills
5831,36,4.861111111111111,20,7.277777777777778,75.88888888888889,0.5555555555555556,50.5,Marketing,Mid,Time Management
5832,30,4.466666666666667,9,7.666666666666667,76.96666666666667,0.3,56.09,IT,Mid,Communication Skills
5833,45,4.622222222222222,23,7.622222222222222,78.22222222222223,0.5111111111111111,56.13333333333334,Finance,Mid,Time Management
5834,24,4.083333333333333,7,7.375,79.91666666666667,0.2916666666666667,54.825,Marketing,Mid,Communication Skills
5835,41,5.219512195121951,19,7.341463414634147,77.97560975609755,0.4634146341463415,55.890243902439025,Operations,Mid,Time Management
5836,24,4.875,9,7.416666666666667,81.875,0.375,52.9125,Operations,Mid,Communication Skills
5837,31,4.483870967741935,14,7.354838709677419,81.96774193548387,0.45161290322580644,53.441935483870964,Finance,Mid,Time Management
5838,26,4.730769230769231,9,7.230769230769231,76.76923076923077,0.34615384615384615,53.04615384615385,Finance,Mid,Communication Skills
5839,44,5.386363636363637,21,7.545454545454546,79.43181818181819,0.4772727272727273,57.111363636363635,Marketing,Mid,Time Management
5840,36,4.75,18,7.055555555555555,78.83333333333333,0.5,53.05,Operations,Mid,Time Management
5841,26,4.076923076923077,8,7.384615384615385,79.92307692307692,0.3076923076923077,55.14615384615385,Marketing,Mid,Communication Skills
5842,34,5.088235294117647,10,7.323529411764706,77.44117647058823,0.29411764705882354,58.00882352941177,IT,Mid,Communication Skills
5843,36,5.666666666666667,19,7.5,81.08333333333333,0.5277777777777778,52.891666666666666,HR,Mid,Time Management
5844,41,5.219512195121951,18,7.853658536585366,76.97560975609755,0.43902439024390244,56.3219512195122,HR,Mid,Time Management
5845,49,5.448979591836735,26,7.551020408163265,78.36734693877551,0.5306122448979592,57.19183673469388,IT,Mid,Time Management
5846,32,4.65625,14,7.3125,81.65625,0.4375,54.171875,IT,Mid,Time Management
5847,37,4.783783783783784,15,7.513513513513513,80.83783783783784,0.40540540540540543,56.88918918918918,Marketing,Mid,Time Management
5848,46,5.391304347826087,19,7.826086956521739,78.23913043478261,0.41304347826086957,59.4804347826087,IT,Mid,Time Management
5849,20,5.2,6,7.8,75.75,0.3,51.724999999999994,HR,Mid,Communication Skills
5850,45,4.8,16,7.733333333333333,78.31111111111112,0.35555555555555557,60.82666666666667,Operations,Mid,Communication Skills
5851,34,5.117647058823529,20,7.352941176470588,79.52941176470588,0.5882352941176471,49.811764705882354,Operations,Mid,Time Management
5852,38,5.473684210526316,22,7.342105263157895,76.71052631578948,0.5789473684210527,50.84473684210526,Finance,Mid,Time Management
5853,46,5.217391304347826,20,7.586956521739131,80.23913043478261,0.43478260869565216,59.42826086956522,Operations,Mid,Time Management
5854,37,4.513513513513513,14,7.243243243243243,79.02702702702703,0.3783783783783784,57.156756756756764,HR,Mid,Communication Skills
5855,46,5.521739130434782,22,7.608695652173913,80.17391304347827,0.4782608695652174,58.104347826086965,HR,Mid,Time Management
5856,50,4.54,22,7.38,79.64,0.44,60.69199999999999,HR,Mid,Time Management
5857,27,6.185185185185185,15,7.222222222222222,79.5925925925926,0.5555555555555556,48.011111111111106,Marketing,Mid,Time Management
5858,36,4.777777777777778,13,7.583333333333333,80.27777777777777,0.3611111111111111,57.64999999999999,Operations,Mid,Communication Skills
5859,46,4.891304347826087,16,7.304347826086956,80.56521739130434,0.34782608695652173,62.13478260869565,IT,Mid,Communication Skills
5860,23,4.260869565217392,11,7.304347826086956,79.3913043478261,0.4782608695652174,48.66956521739131,IT,Mid,Time Management
5861,45,4.644444444444445,20,7.6,81.62222222222222,0.4444444444444444,59.153333333333336,Operations,Mid,Time Management
5862,37,4.621621621621622,17,7.45945945945946,78.27027027027027,0.4594594594594595,54.4972972972973,Operations,Mid,Time Management
5863,26,4.923076923076923,11,7.653846153846154,79.03846153846153,0.4230769230769231,51.419230769230765,HR,Mid,Time Management
5864,40,4.875,18,7.6,83.3,0.45,57.489999999999995,IT,Mid,Time Management
5865,46,4.891304347826087,19,7.456521739130435,81.8695652173913,0.41304347826086957,60.5695652173913,Operations,Mid,Time Management
5866,47,4.957446808510638,17,7.148936170212766,79.17021276595744,0.3617021276595745,61.7,IT,Mid,Communication Skills
5867,31,5.161290322580645,12,7.451612903225806,78.06451612903226,0.3870967741935484,54.20645161290322,HR,Mid,Communication Skills
5868,29,5.206896551724138,13,7.448275862068965,77.37931034482759,0.4482758620689655,51.36551724137931,HR,Mid,Time Management
5869,35,5.314285714285714,13,7.571428571428571,79.11428571428571,0.37142857142857144,56.59142857142858,HR,Mid,Communication Skills
5870,24,5.791666666666667,12,7.375,80.16666666666667,0.5,48.650000000000006,Marketing,Mid,Time Management
5871,47,5.23404255319149,18,7.0638297872340425,76.8936170212766,0.3829787234042553,60.378723404255325,Marketing,Mid,Communication Skills
5872,28,5.107142857142857,17,7.714285714285714,78.0,0.6071428571428571,46.385714285714286,Marketing,Mid,Time Management
5873,20,4.6,10,7.45,79.5,0.5,46.849999999999994,Marketing,Mid,Time Management
5874,37,5.081081081081081,21,7.378378378378378,80.32432432432432,0.5675675675675675,51.87027027027027,HR,Mid,Time Management
5875,45,5.466666666666667,22,7.533333333333333,82.08888888888889,0.4888888888888889,57.959999999999994,Marketing,Mid,Time Management
5876,39,5.17948717948718,15,7.717948717948718,78.28205128205128,0.38461538461538464,57.54615384615384,Operations,Mid,Communication Skills
5877,45,5.555555555555555,22,7.4,81.08888888888889,0.4888888888888889,57.66,Operations,Mid,Time Management
5878,30,5.3,13,7.333333333333333,83.46666666666667,0.43333333333333335,54.04,Marketing,Mid,Time Management
5879,26,5.653846153846154,10,7.461538461538462,80.65384615384616,0.38461538461538464,53.057692307692314,Operations,Mid,Communication Skills
5880,36,5.333333333333333,19,7.555555555555555,75.5,0.5277777777777778,51.21666666666667,HR,Mid,Time Management
5881,23,4.869565217391305,10,8.08695652173913,77.65217391304348,0.43478260869565216,49.45217391304348,Finance,Mid,Time Management
5882,38,5.684210526315789,21,7.5,79.92105263157895,0.5526315789473685,52.597368421052636,Marketing,Mid,Time Management
5883,48,4.4375,15,7.333333333333333,80.95833333333333,0.3125,64.1125,HR,Mid,Communication Skills
5884,25,5.0,15,7.56,76.4,0.6,44.92,HR,Mid,Time Management
5885,31,4.612903225806452,12,7.258064516129032,81.29032258064517,0.3870967741935484,55.174193548387095,IT,Mid,Communication Skills
5886,45,5.044444444444444,22,7.133333333333334,78.93333333333334,0.4888888888888889,57.01333333333333,HR,Mid,Time Management
5887,30,4.966666666666667,15,7.7,74.73333333333333,0.5,49.42,Marketing,Mid,Time Management
5888,34,5.705882352941177,18,7.235294117647059,82.29411764705883,0.5294117647058824,52.40588235294118,HR,Mid,Time Management
5889,37,5.27027027027027,19,7.45945945945946,75.10810810810811,0.5135135135135135,51.92702702702702,Operations,Mid,Time Management
5890,49,4.673469387755102,19,7.142857142857143,79.44897959183673,0.3877551020408163,61.80204081632653,IT,Mid,Communication Skills
5891,35,5.514285714285714,19,7.571428571428571,77.71428571428571,0.5428571428571428,51.028571428571425,Finance,Mid,Time Management
5892,48,4.625,21,7.5,80.14583333333333,0.4375,60.118750000000006,HR,Mid,Time Management
5893,26,5.230769230769231,13,7.384615384615385,79.84615384615384,0.5,49.35384615384615,Finance,Mid,Time Management
5894,29,4.9655172413793105,10,7.448275862068965,81.37931034482759,0.3448275862068966,55.668965517241375,Marketing,Mid,Communication Skills
5895,33,5.212121212121212,17,7.454545454545454,81.51515151515152,0.5151515151515151,52.2,Marketing,Mid,Time Management
5896,25,3.8,4,7.88,81.2,0.16,59.56,IT,Mid,Communication Skills
5897,48,4.958333333333333,16,7.604166666666667,80.02083333333333,0.3333333333333333,63.20625,HR,Mid,Communication Skills
5898,35,5.0285714285714285,17,7.3428571428571425,79.68571428571428,0.4857142857142857,53.33428571428571,Marketing,Mid,Time Management
5899,24,5.125,10,7.708333333333333,78.20833333333333,0.4166666666666667,50.5625,Operations,Mid,Time Management
5900,42,5.357142857142857,23,7.595238095238095,80.19047619047619,0.5476190476190477,54.42857142857143,Marketing,Mid,Time Management
5901,21,4.714285714285714,6,7.333333333333333,81.9047619047619,0.2857142857142857,54.4,Finance,Mid,Communication Skills
5902,27,4.888888888888889,14,7.518518518518518,80.88888888888889,0.5185185185185185,49.51111111111111,Finance,Mid,Time Management
5903,27,5.555555555555555,12,7.407407407407407,82.29629629629629,0.4444444444444444,52.15555555555555,Finance,Mid,Time Management
5904,45,5.2444444444444445,21,7.466666666666667,81.82222222222222,0.4666666666666667,58.54666666666667,Finance,Mid,Time Management
5905,37,4.756756756756757,11,7.513513513513513,81.35135135135135,0.2972972972972973,60.28648648648648,Finance,Mid,Communication Skills
5906,42,5.357142857142857,18,7.4523809523809526,79.28571428571429,0.42857142857142855,57.72857142857143,Finance,Mid,Time Management
5907,20,5.45,11,7.15,80.35,0.55,45.605,Finance,Mid,Time Management
5908,31,4.419354838709677,7,7.67741935483871,82.16129032258064,0.22580645161290322,60.27419354838709,Marketing,Mid,Communication Skills
5909,47,5.0638297872340425,23,7.361702127659575,77.87234042553192,0.48936170212765956,57.48085106382979,Finance,Mid,Time Management
5910,49,4.795918367346939,19,7.591836734693878,80.75510204081633,0.3877551020408163,62.19387755102041,Marketing,Mid,Communication Skills
5911,30,5.3,19,7.633333333333334,80.0,0.6333333333333333,47.0,Marketing,Mid,Time Management
5912,43,4.976744186046512,16,7.046511627906977,80.65116279069767,0.37209302325581395,60.23255813953487,HR,Mid,Communication Skills
5913,22,4.409090909090909,8,7.590909090909091,84.72727272727273,0.36363636363636365,53.30909090909091,Finance,Mid,Communication Skills
5914,48,3.6875,20,7.4375,77.97916666666667,0.4166666666666667,60.09375,Operations,Mid,Time Management
5915,41,5.951219512195122,26,7.682926829268292,79.34146341463415,0.6341463414634146,51.1780487804878,HR,Mid,Time Management
5916,44,5.295454545454546,18,7.568181818181818,78.3409090909091,0.4090909090909091,58.82954545454545,IT,Mid,Time Management
5917,29,4.827586206896552,11,7.275862068965517,77.72413793103448,0.3793103448275862,53.53793103448275,Operations,Mid,Communication Skills
5918,39,4.897435897435898,18,7.615384615384615,80.82051282051282,0.46153846153846156,56.0,HR,Mid,Time Management
5919,29,5.379310344827586,12,7.241379310344827,81.17241379310344,0.41379310344827586,53.53793103448276,Operations,Mid,Time Management
5920,40,5.725,18,7.725,78.6,0.45,56.08,HR,Mid,Time Management
5921,44,4.9772727272727275,24,7.318181818181818,80.06818181818181,0.5454545454545454,55.25681818181818,Marketing,Mid,Time Management
5922,41,5.170731707317073,20,7.463414634146342,81.2439024390244,0.4878048780487805,56.139024390243904,Operations,Mid,Time Management
5923,37,5.324324324324325,17,7.513513513513513,79.29729729729729,0.4594594594594595,54.80540540540541,Finance,Mid,Time Management
5924,21,5.0476190476190474,8,7.666666666666667,77.0952380952381,0.38095238095238093,50.10000000000001,IT,Mid,Communication Skills
5925,27,5.185185185185185,12,7.333333333333333,80.11111111111111,0.4444444444444444,51.5,IT,Mid,Time Management
5926,34,4.970588235294118,16,7.5,80.3529411764706,0.47058823529411764,53.58823529411765,Finance,Mid,Time Management
5927,25,4.76,10,7.72,81.24,0.4,52.372,Operations,Mid,Communication Skills
5928,31,4.806451612903226,11,7.806451612903226,81.2258064516129,0.3548387096774194,56.12258064516129,IT,Mid,Communication Skills
5929,30,5.233333333333333,13,7.533333333333333,79.66666666666667,0.43333333333333335,52.900000000000006,Marketing,Mid,Time Management
5930,48,4.895833333333333,21,7.395833333333333,80.9375,0.4375,60.35625,Operations,Mid,Time Management
5931,35,5.571428571428571,17,7.485714285714286,77.97142857142858,0.4857142857142857,52.82,HR,Mid,Time Management
5932,24,4.75,9,7.291666666666667,80.91666666666667,0.375,52.625,Operations,Mid,Communication Skills
5933,42,5.261904761904762,18,7.523809523809524,79.21428571428571,0.42857142857142855,57.707142857142856,Finance,Mid,Time Management
5934,25,5.04,12,7.52,82.4,0.48,50.32000000000001,IT,Mid,Time Management
5935,37,5.837837837837838,20,7.324324324324325,81.13513513513513,0.5405405405405406,52.92432432432432,Marketing,Mid,Time Management
5936,31,4.741935483870968,11,7.612903225806452,82.12903225806451,0.3548387096774194,56.39354838709677,Marketing,Mid,Communication Skills
5937,35,5.371428571428571,17,7.142857142857143,79.54285714285714,0.4857142857142857,53.29142857142857,IT,Mid,Time Management
5938,45,4.444444444444445,18,7.666666666666667,78.2,0.4,59.46,Finance,Mid,Communication Skills
5939,23,5.478260869565218,10,7.869565217391305,82.08695652173913,0.43478260869565216,50.78260869565217,Marketing,Mid,Time Management
5940,25,4.68,9,7.76,81.08,0.36,53.524,HR,Mid,Communication Skills
5941,44,4.954545454545454,21,7.4772727272727275,79.79545454545455,0.4772727272727273,57.220454545454544,Marketing,Mid,Time Management
5942,30,4.5,10,7.733333333333333,81.16666666666667,0.3333333333333333,56.35,Marketing,Mid,Communication Skills
5943,38,5.2631578947368425,18,7.526315789473684,78.02631578947368,0.47368421052631576,54.39736842105263,HR,Mid,Time Management
5944,47,5.1063829787234045,20,7.361702127659575,78.63829787234043,0.425531914893617,59.625531914893614,HR,Mid,Time Management
5945,20,4.4,11,7.85,77.9,0.55,44.870000000000005,HR,Mid,Time Management
5946,31,4.419354838709677,10,7.387096774193548,80.19354838709677,0.3225806451612903,56.78064516129032,Marketing,Mid,Communication Skills
5947,42,5.261904761904762,19,7.4523809523809526,79.33333333333333,0.4523809523809524,57.028571428571425,HR,Mid,Time Management
5948,49,4.653061224489796,14,7.428571428571429,79.18367346938776,0.2857142857142857,64.78367346938776,Marketing,Mid,Communication Skills
5949,28,4.714285714285714,16,7.714285714285714,77.75,0.5714285714285714,47.38214285714285,Finance,Mid,Time Management
5950,31,5.096774193548387,15,7.548387096774194,79.80645161290323,0.4838709677419355,51.825806451612905,Finance,Mid,Time Management
5951,47,4.702127659574468,17,7.638297872340425,79.80851063829788,0.3617021276595745,61.89148936170213,IT,Mid,Communication Skills
5952,23,5.6521739130434785,9,7.434782608695652,79.17391304347827,0.391304347826087,51.21304347826087,HR,Mid,Communication Skills
5953,24,5.333333333333333,11,7.458333333333333,79.20833333333333,0.4583333333333333,49.612500000000004,IT,Mid,Time Management
5954,40,4.575,16,7.6,81.275,0.4,58.3825,Finance,Mid,Communication Skills
5955,47,4.9361702127659575,24,7.617021276595745,79.08510638297872,0.5106382978723404,57.206382978723404,Marketing,Mid,Time Management
5956,36,4.166666666666667,10,7.555555555555555,80.05555555555556,0.2777777777777778,60.083333333333336,Operations,Mid,Communication Skills
5957,26,4.769230769230769,12,7.576923076923077,79.96153846153847,0.46153846153846156,50.54230769230769,Marketing,Mid,Time Management
5958,30,5.333333333333333,13,7.566666666666666,79.96666666666667,0.43333333333333335,52.989999999999995,Operations,Mid,Time Management
5959,33,5.0606060606060606,17,7.7272727272727275,81.0,0.5151515151515151,52.04545454545455,IT,Mid,Time Management
5960,35,4.771428571428571,15,7.457142857142857,77.74285714285715,0.42857142857142855,54.465714285714284,HR,Mid,Time Management
5961,20,5.55,12,8.0,82.25,0.6,44.675,Marketing,Mid,Time Management
5962,31,4.290322580645161,14,7.419354838709677,82.90322580645162,0.45161290322580644,53.72258064516129,IT,Mid,Time Management
5963,45,4.444444444444445,14,7.511111111111111,82.64444444444445,0.3111111111111111,63.46000000000001,Finance,Mid,Communication Skills
5964,47,5.0212765957446805,29,7.659574468085107,79.65957446808511,0.6170212765957447,54.18723404255319,Finance,Mid,Time Management
5965,28,5.857142857142857,14,7.428571428571429,76.42857142857143,0.5,49.12857142857143,Finance,Mid,Time Management
5966,37,4.972972972972973,15,7.486486486486487,82.4054054054054,0.40540540540540543,57.35945945945946,Operations,Mid,Time Management
5967,44,5.431818181818182,24,7.5227272727272725,80.72727272727273,0.5454545454545454,55.45454545454545,Marketing,Mid,Time Management
5968,33,4.909090909090909,14,7.515151515151516,76.66666666666667,0.42424242424242425,53.47272727272727,Marketing,Mid,Time Management
5969,35,5.085714285714285,17,7.485714285714286,80.22857142857143,0.4857142857142857,53.497142857142855,HR,Mid,Time Management
5970,20,5.2,10,7.65,77.75,0.5,46.325,IT,Mid,Time Management
5971,39,4.230769230769231,19,7.6923076923076925,78.07692307692308,0.48717948717948717,54.40769230769231,Finance,Mid,Time Management
5972,30,5.8,16,7.4,79.06666666666666,0.5333333333333333,49.72,HR,Mid,Time Management
5973,37,5.027027027027027,18,7.486486486486487,79.35135135135135,0.4864864864864865,54.01081081081081,IT,Mid,Time Management
5974,42,4.785714285714286,20,7.190476190476191,78.71428571428571,0.47619047619047616,56.12857142857143,Finance,Mid,Time Management
5975,49,5.163265306122449,24,7.510204081632653,78.46938775510205,0.4897959183673469,58.446938775510205,IT,Mid,Time Management
5976,39,5.358974358974359,18,7.333333333333333,83.33333333333333,0.46153846153846156,56.753846153846155,Finance,Mid,Time Management
5977,46,5.021739130434782,22,7.608695652173913,81.06521739130434,0.4782608695652174,58.37173913043479,Finance,Mid,Time Management
5978,35,5.171428571428572,17,7.3428571428571425,81.77142857142857,0.4857142857142857,53.959999999999994,Finance,Mid,Time Management
5979,46,5.3478260869565215,23,7.413043478260869,80.97826086956522,0.5,57.69347826086957,Operations,Mid,Time Management
5980,36,4.888888888888889,17,7.25,82.27777777777777,0.4722222222222222,54.916666666666664,Operations,Mid,Time Management
5981,50,4.88,18,7.1,80.5,0.36,63.35,HR,Mid,Communication Skills
5982,27,4.814814814814815,12,7.407407407407407,83.14814814814815,0.4444444444444444,52.41111111111111,Finance,Mid,Time Management
5983,46,5.260869565217392,20,7.282608695652174,81.8695652173913,0.43478260869565216,59.91739130434783,IT,Mid,Time Management
5984,23,5.043478260869565,11,7.521739130434782,80.69565217391305,0.4782608695652174,49.06086956521739,HR,Mid,Time Management
5985,41,4.804878048780488,18,7.2926829268292686,81.73170731707317,0.43902439024390244,57.74878048780488,Marketing,Mid,Time Management
5986,48,4.875,24,7.708333333333333,80.9375,0.5,58.48125,HR,Mid,Time Management
5987,24,5.208333333333333,12,7.5,77.45833333333333,0.5,47.8375,IT,Mid,Time Management
5988,26,3.769230769230769,7,7.461538461538462,83.07692307692308,0.2692307692307692,57.246153846153845,HR,Mid,Communication Skills
5989,44,4.704545454545454,14,7.2272727272727275,81.6590909090909,0.3181818181818182,62.55227272727274,Operations,Mid,Communication Skills
5990,34,5.764705882352941,17,7.352941176470588,75.91176470588235,0.5,51.37352941176471,Operations,Mid,Time Management
5991,33,3.9696969696969697,8,7.454545454545454,81.75757575757575,0.24242424242424243,60.45454545454545,IT,Mid,Communication Skills
5992,29,5.0344827586206895,15,7.758620689655173,79.34482758620689,0.5172413793103449,49.88620689655173,Finance,Mid,Time Management
5993,27,4.962962962962963,11,7.2592592592592595,77.70370370370371,0.4074074074074074,51.88888888888889,IT,Mid,Time Management
5994,37,5.54054054054054,16,7.837837837837838,83.05405405405405,0.43243243243243246,56.74324324324324,Marketing,Mid,Time Management
5995,26,5.923076923076923,11,7.423076923076923,80.65384615384616,0.4230769230769231,51.90384615384615,IT,Mid,Time Management
5996,24,5.291666666666667,13,7.708333333333333,80.04166666666667,0.5416666666666666,47.3625,HR,Mid,Time Management
5997,32,4.71875,18,7.46875,77.5625,0.5625,49.19375,Operations,Mid,Time Management
5998,35,5.0285714285714285,14,7.485714285714286,81.14285714285714,0.4,56.34285714285714,Finance,Mid,Communication Skills
5999,38,5.078947368421052,21,7.526315789473684,77.55263157894737,0.5526315789473685,51.886842105263156,IT,Mid,Time Management
6000,28,6.142857142857143,17,7.464285714285714,79.67857142857143,0.6071428571428571,46.88928571428572,Marketing,Mid,Time Management
